start = 10:30:23.519833
loaded input_output = 10:30:23.520430
loading test code = 10:30:23.520445
start = 10:30:23.522747
loaded input_output = 10:30:23.523090
loading test code = 10:30:23.523100
start = 10:30:23.537926
loaded input_output = 10:30:23.538192
loading test code = 10:30:23.538201
start = 10:30:23.552679
loaded input_output = 10:30:23.552947
loading test code = 10:30:23.552956
start = 10:30:23.558138
loaded input_output = 10:30:23.558421
loading test code = 10:30:23.558432
start = 10:30:23.549296
loaded input_output = 10:30:23.549610
loading test code = 10:30:23.549623
start = 10:30:23.577800
loaded input_output = 10:30:23.578163
loading test code = 10:30:23.578174
start = 10:30:23.580683
loaded input_output = 10:30:23.580982
loading test code = 10:30:23.580991
start = 10:30:23.525552
loaded input_output = 10:30:23.526405
loading test code = 10:30:23.526419
start = 10:30:23.536999
loaded input_output = 10:30:23.556713
loading test code = 10:30:23.556743
start = 10:30:23.532726
loaded input_output = 10:30:23.553533
loading test code = 10:30:23.553556
start = 10:30:23.794641
loaded input_output = 10:30:23.794988
loading test code = 10:30:23.794997
start = 10:30:23.864431
loaded input_output = 10:30:23.864840
loading test code = 10:30:23.864855
start = 10:30:23.872284
loaded input_output = 10:30:23.873587
loading test code = 10:30:23.873600
start = 10:30:23.513512
loaded input_output = 10:30:23.561816
loading test code = 10:30:23.561844
start = 10:30:23.944079
loaded input_output = 10:30:23.944479
loading test code = 10:30:23.944492
start = 10:30:23.840777
loaded input_output = 10:30:23.861858
loading test code = 10:30:23.861891
start = 10:30:24.081411
loaded input_output = 10:30:24.081757
loading test code = 10:30:24.081767
start = 10:30:23.566205
loaded input_output = 10:30:23.589828
loading test code = 10:30:23.589868
start = 10:30:24.192143
loaded input_output = 10:30:24.192588
loading test code = 10:30:24.192604
start = 10:30:24.211684
loaded input_output = 10:30:24.212011
loading test code = 10:30:24.212022
start = 10:30:24.218653
loaded input_output = 10:30:24.219009
loading test code = 10:30:24.219020
start = 10:30:23.517370
loaded input_output = 10:30:23.553856
loading test code = 10:30:23.553882
start = 10:30:24.482992
loaded input_output = 10:30:24.483318
loading test code = 10:30:24.483331
start = 10:30:24.059407
loaded input_output = 10:30:24.114346
loading test code = 10:30:24.114381
start = 10:30:24.369903
loaded input_output = 10:30:24.390425
loading test code = 10:30:24.390451
start = 10:30:24.750736
loaded input_output = 10:30:24.751116
loading test code = 10:30:24.751134
start = 10:30:24.613329
loaded input_output = 10:30:24.620602
loading test code = 10:30:24.620639
start = 10:30:24.612425
loaded input_output = 10:30:24.633810
loading test code = 10:30:24.633845
start = 10:30:23.851288
loaded input_output = 10:30:23.918876
loading test code = 10:30:23.918912
start = 10:30:24.966566
loaded input_output = 10:30:24.967325
loading test code = 10:30:24.967335
start = 10:30:24.449936
loaded input_output = 10:30:24.520703
loading test code = 10:30:24.520744
start = 10:30:25.070324
loaded input_output = 10:30:25.070688
loading test code = 10:30:25.070700
start = 10:30:25.055400
loaded input_output = 10:30:25.055766
loading test code = 10:30:25.055778
start = 10:30:25.138383
loaded input_output = 10:30:25.138941
loading test code = 10:30:25.138952
start = 10:30:25.282304
loaded input_output = 10:30:25.282681
loading test code = 10:30:25.282702
start = 10:30:25.339574
loaded input_output = 10:30:25.354822
loading test code = 10:30:25.354865
start = 10:30:25.474661
loaded input_output = 10:30:25.478048
loading test code = 10:30:25.478077
start = 10:30:25.296884
loaded input_output = 10:30:25.335636
loading test code = 10:30:25.335686
start = 10:30:25.613225
loaded input_output = 10:30:25.613692
loading test code = 10:30:25.613701
start = 10:30:25.648634
loaded input_output = 10:30:25.649520
loading test code = 10:30:25.649531
start = 10:30:25.794123
loaded input_output = 10:30:25.796275
loading test code = 10:30:25.796292
start = 10:30:25.876599
loaded input_output = 10:30:25.876934
loading test code = 10:30:25.876943
start = 10:30:25.876796
loaded input_output = 10:30:25.877066
loading test code = 10:30:25.877075
start = 10:30:25.949533
loaded input_output = 10:30:25.949851
loading test code = 10:30:25.949860
start = 10:30:26.070093
loaded input_output = 10:30:26.070695
loading test code = 10:30:26.070706
start = 10:30:26.152233
loaded input_output = 10:30:26.152558
loading test code = 10:30:26.152570
start = 10:30:26.124655
loaded input_output = 10:30:26.149778
loading test code = 10:30:26.149822
start = 10:30:26.347406
loaded input_output = 10:30:26.349211
loading test code = 10:30:26.349228
start = 10:30:23.854951
loaded input_output = 10:30:23.918343
loading test code = 10:30:23.918398
start = 10:30:24.255994
loaded input_output = 10:30:24.334085
loading test code = 10:30:24.334123
start = 10:30:25.188831
loaded input_output = 10:30:25.250063
loading test code = 10:30:25.250099
start = 10:30:26.635714
loaded input_output = 10:30:26.637007
loading test code = 10:30:26.637020
start = 10:30:26.791658
loaded input_output = 10:30:26.792450
loading test code = 10:30:26.792462
start = 10:30:26.806017
loaded input_output = 10:30:26.806407
loading test code = 10:30:26.806423
start = 10:30:26.457326
loaded input_output = 10:30:26.512300
loading test code = 10:30:26.512334
start = 10:30:26.916161
loaded input_output = 10:30:26.916536
loading test code = 10:30:26.916552
start = 10:30:27.058532
loaded input_output = 10:30:27.058821
loading test code = 10:30:27.058833
start = 10:30:24.466719
loaded input_output = 10:30:24.524602
loading test code = 10:30:24.524631
start = 10:30:27.217141
loaded input_output = 10:30:27.217444
loading test code = 10:30:27.217454
start = 10:30:26.199104
loaded input_output = 10:30:26.238961
loading test code = 10:30:26.238991
start = 10:30:27.051286
loaded input_output = 10:30:27.077328
loading test code = 10:30:27.077378
start = 10:30:27.538624
loaded input_output = 10:30:27.538930
loading test code = 10:30:27.538940
start = 10:30:23.811833
loaded input_output = 10:30:23.891474
loading test code = 10:30:23.891513
start = 10:30:27.703334
loaded input_output = 10:30:27.703744
loading test code = 10:30:27.703753
start = 10:30:27.334447
loaded input_output = 10:30:27.391126
loading test code = 10:30:27.391160
start = 10:30:27.848294
loaded input_output = 10:30:27.848627
loading test code = 10:30:27.848639
start = 10:30:27.798618
loaded input_output = 10:30:27.814502
loading test code = 10:30:27.814544
start = 10:30:27.977713
loaded input_output = 10:30:27.984987
loading test code = 10:30:27.985012
start = 10:30:27.809552
loaded input_output = 10:30:27.864601
loading test code = 10:30:27.864641
start = 10:30:28.046821
loaded input_output = 10:30:28.137506
loading test code = 10:30:28.137545
start = 10:30:27.214147
loaded input_output = 10:30:27.258404
loading test code = 10:30:27.258442
start = 10:30:28.996735
loaded input_output = 10:30:28.997571
loading test code = 10:30:28.997582
start = 10:30:26.606674
loaded input_output = 10:30:26.661159
loading test code = 10:30:26.661193
start = 10:30:29.141944
loaded input_output = 10:30:29.142259
loading test code = 10:30:29.142270
start = 10:30:28.633541
loaded input_output = 10:30:28.681054
loading test code = 10:30:28.681090
start = 10:30:29.289446
loaded input_output = 10:30:29.293371
loading test code = 10:30:29.293394
start = 10:30:29.422501
loaded input_output = 10:30:29.423118
loading test code = 10:30:29.423130
start = 10:30:29.560132
loaded input_output = 10:30:29.560470
loading test code = 10:30:29.560478
start = 10:30:29.582239
loaded input_output = 10:30:29.582879
loading test code = 10:30:29.582889
start = 10:30:29.676783
loaded input_output = 10:30:29.677096
loading test code = 10:30:29.677106
start = 10:30:23.782253
loaded input_output = 10:30:23.785874
loading test code = 10:30:23.785899
timeout occured: alarm went off
start = 10:30:28.284890
loaded input_output = 10:30:28.325845
loading test code = 10:30:28.325885
start = 10:30:29.940096
loaded input_output = 10:30:29.940429
loading test code = 10:30:29.940439
start = 10:30:29.883021
loaded input_output = 10:30:29.886666
loading test code = 10:30:29.886685
start = 10:30:30.085993
loaded input_output = 10:30:30.086334
loading test code = 10:30:30.086344
start = 10:30:29.830513
loaded input_output = 10:30:29.873831
loading test code = 10:30:29.873864
start = 10:30:30.236219
loaded input_output = 10:30:30.236533
loading test code = 10:30:30.236544
start = 10:30:30.055463
loaded input_output = 10:30:30.123122
loading test code = 10:30:30.123181
start = 10:30:30.336333
loaded input_output = 10:30:30.336647
loading test code = 10:30:30.336656
start = 10:30:30.536946
loaded input_output = 10:30:30.537899
loading test code = 10:30:30.537908
start = 10:30:30.529249
loaded input_output = 10:30:30.529609
loading test code = 10:30:30.529621
start = 10:30:30.572804
loaded input_output = 10:30:30.573412
loading test code = 10:30:30.573423
start = 10:30:30.800800
loaded input_output = 10:30:30.801098
loading test code = 10:30:30.801107
start = 10:30:30.837632
loaded input_output = 10:30:30.837933
loading test code = 10:30:30.837943
start = 10:30:30.867838
loaded input_output = 10:30:30.879147
loading test code = 10:30:30.879184
start = 10:30:30.502989
loaded input_output = 10:30:30.571907
loading test code = 10:30:30.571944
start = 10:30:31.137762
loaded input_output = 10:30:31.138082
loading test code = 10:30:31.138092
start = 10:30:31.152159
loaded input_output = 10:30:31.152490
loading test code = 10:30:31.152499
start = 10:30:31.270162
loaded input_output = 10:30:31.270503
loading test code = 10:30:31.270516
start = 10:30:31.408545
loaded input_output = 10:30:31.409164
loading test code = 10:30:31.409173
start = 10:30:25.381441
loaded input_output = 10:30:25.387080
loading test code = 10:30:25.387114
timeout occured: alarm went off
start = 10:30:31.565989
loaded input_output = 10:30:31.621196
loading test code = 10:30:31.621231
start = 10:30:31.371650
loaded input_output = 10:30:31.371951
loading test code = 10:30:31.371961
start = 10:30:31.670603
loaded input_output = 10:30:31.670903
loading test code = 10:30:31.670919
start = 10:30:31.704547
loaded input_output = 10:30:31.707213
loading test code = 10:30:31.707229
start = 10:30:31.111156
loaded input_output = 10:30:31.113505
loading test code = 10:30:31.113518
start = 10:30:31.915130
loaded input_output = 10:30:31.916247
loading test code = 10:30:31.916260
start = 10:30:31.902094
loaded input_output = 10:30:31.902398
loading test code = 10:30:31.902407
start = 10:30:31.885866
loaded input_output = 10:30:31.886149
loading test code = 10:30:31.886158
start = 10:30:32.095601
loaded input_output = 10:30:32.163634
loading test code = 10:30:32.163680
start = 10:30:32.009308
loaded input_output = 10:30:32.009601
loading test code = 10:30:32.009611
start = 10:30:32.431308
loaded input_output = 10:30:32.432486
loading test code = 10:30:32.432498
start = 10:30:32.456824
loaded input_output = 10:30:32.457127
loading test code = 10:30:32.457136
start = 10:30:32.782380
loaded input_output = 10:30:32.782730
loading test code = 10:30:32.782748
start = 10:30:32.581285
loaded input_output = 10:30:32.581585
loading test code = 10:30:32.581599
start = 10:30:32.735018
loaded input_output = 10:30:32.735348
loading test code = 10:30:32.735364
start = 10:30:33.064125
loaded input_output = 10:30:33.064566
loading test code = 10:30:33.064577
start = 10:30:33.136794
loaded input_output = 10:30:33.198173
loading test code = 10:30:33.198201
start = 10:30:33.293118
loaded input_output = 10:30:33.293448
loading test code = 10:30:33.293458
start = 10:30:33.317571
loaded input_output = 10:30:33.321205
loading test code = 10:30:33.321225
start = 10:30:26.906965
loaded input_output = 10:30:26.976141
loading test code = 10:30:26.976184
timeout occured: alarm went off
start = 10:30:30.352997
loaded input_output = 10:30:30.415941
loading test code = 10:30:30.415975
start = 10:30:33.679116
loaded input_output = 10:30:33.679503
loading test code = 10:30:33.679524
start = 10:30:24.384668
loaded input_output = 10:30:24.388673
loading test code = 10:30:24.388696
start = 10:30:33.465919
loaded input_output = 10:30:33.466218
loading test code = 10:30:33.466227
start = 10:30:33.785861
loaded input_output = 10:30:33.786198
loading test code = 10:30:33.786206
start = 10:30:33.577769
loaded input_output = 10:30:33.578120
loading test code = 10:30:33.578128
start = 10:30:33.920680
loaded input_output = 10:30:33.921005
loading test code = 10:30:33.921016
start = 10:30:33.606355
loaded input_output = 10:30:33.606688
loading test code = 10:30:33.606706
start = 10:30:34.043688
loaded input_output = 10:30:34.044053
loading test code = 10:30:34.044065
start = 10:30:34.024653
loaded input_output = 10:30:34.096504
loading test code = 10:30:34.096543
start = 10:30:34.149326
loaded input_output = 10:30:34.150456
loading test code = 10:30:34.150465
start = 10:30:34.205195
loaded input_output = 10:30:34.205497
loading test code = 10:30:34.205511
start = 10:30:34.312279
loaded input_output = 10:30:34.312610
loading test code = 10:30:34.312620
start = 10:30:34.365186
loaded input_output = 10:30:34.365511
loading test code = 10:30:34.365521
start = 10:30:28.237605
loaded input_output = 10:30:28.258413
loading test code = 10:30:28.258448
timeout occured: alarm went off
start = 10:30:34.455132
loaded input_output = 10:30:34.455397
loading test code = 10:30:34.455405
start = 10:30:34.520708
loaded input_output = 10:30:34.521203
loading test code = 10:30:34.521213
start = 10:30:34.262205
loaded input_output = 10:30:34.262679
loading test code = 10:30:34.262691
start = 10:30:34.698534
loaded input_output = 10:30:34.703424
loading test code = 10:30:34.703456
start = 10:30:34.573696
loaded input_output = 10:30:34.573968
loading test code = 10:30:34.573976
start = 10:30:28.154208
loaded input_output = 10:30:28.237277
loading test code = 10:30:28.237314
timeout occured: alarm went off
start = 10:30:34.604248
loaded input_output = 10:30:34.604675
loading test code = 10:30:34.604686
start = 10:30:34.790461
loaded input_output = 10:30:34.948824
loading test code = 10:30:34.948862
start = 10:30:34.647201
loaded input_output = 10:30:34.647580
loading test code = 10:30:34.647597
start = 10:30:35.022778
loaded input_output = 10:30:35.023400
loading test code = 10:30:35.023414
start = 10:30:24.832525
loaded input_output = 10:30:24.832808
loading test code = 10:30:24.832817
timeout occured: alarm went off
start = 10:30:27.478501
loaded input_output = 10:30:27.513126
loading test code = 10:30:27.513160
timeout occured: alarm went off
start = 10:30:35.173067
loaded input_output = 10:30:35.173387
loading test code = 10:30:35.173402
start = 10:30:35.179078
loaded input_output = 10:30:35.180010
loading test code = 10:30:35.180022
start = 10:30:35.194273
loaded input_output = 10:30:35.195220
loading test code = 10:30:35.195231
start = 10:30:35.283370
loaded input_output = 10:30:35.328336
loading test code = 10:30:35.328377
start = 10:30:35.307437
loaded input_output = 10:30:35.307916
loading test code = 10:30:35.307926
start = 10:30:35.350141
loaded input_output = 10:30:35.351704
loading test code = 10:30:35.351720
start = 10:30:35.377608
loaded input_output = 10:30:35.377944
loading test code = 10:30:35.377954
start = 10:30:29.438414
loaded input_output = 10:30:29.438699
loading test code = 10:30:29.438708
timeout occured: alarm went off
start = 10:30:35.643040
loaded input_output = 10:30:35.643411
loading test code = 10:30:35.643420
start = 10:30:35.662813
loaded input_output = 10:30:35.663134
loading test code = 10:30:35.663144
start = 10:30:35.700692
loaded input_output = 10:30:35.701007
loading test code = 10:30:35.701018
start = 10:30:35.353241
loaded input_output = 10:30:35.353587
loading test code = 10:30:35.353602
start = 10:30:35.741566
loaded input_output = 10:30:35.742176
loading test code = 10:30:35.742187
start = 10:30:35.453335
loaded input_output = 10:30:35.453749
loading test code = 10:30:35.453758
start = 10:30:35.433988
loaded input_output = 10:30:35.880700
loading test code = 10:30:35.880736
start = 10:30:35.632350
loaded input_output = 10:30:35.632661
loading test code = 10:30:35.632672
start = 10:30:36.034670
loaded input_output = 10:30:36.035165
loading test code = 10:30:36.035177
start = 10:30:36.105748
loaded input_output = 10:30:36.106318
loading test code = 10:30:36.106329
start = 10:30:36.031206
loaded input_output = 10:30:36.137426
loading test code = 10:30:36.137466
start = 10:30:36.219291
loaded input_output = 10:30:36.221090
loading test code = 10:30:36.221107
start = 10:30:35.969845
loaded input_output = 10:30:35.970175
loading test code = 10:30:35.970186
start = 10:30:35.980862
loaded input_output = 10:30:35.981422
loading test code = 10:30:35.981431
start = 10:30:36.358557
loaded input_output = 10:30:36.358917
loading test code = 10:30:36.358933
start = 10:30:36.435441
loaded input_output = 10:30:36.435762
loading test code = 10:30:36.435774
start = 10:30:36.454050
loaded input_output = 10:30:36.455511
loading test code = 10:30:36.455528
start = 10:30:36.487090
loaded input_output = 10:30:36.487569
loading test code = 10:30:36.487581
start = 10:30:36.216742
loaded input_output = 10:30:36.217036
loading test code = 10:30:36.217048
start = 10:30:36.619304
loaded input_output = 10:30:36.619601
loading test code = 10:30:36.619611
start = 10:30:36.723575
loaded input_output = 10:30:36.723935
loading test code = 10:30:36.723946
start = 10:30:36.817235
loaded input_output = 10:30:36.818266
loading test code = 10:30:36.818276
start = 10:30:36.647707
loaded input_output = 10:30:36.648134
loading test code = 10:30:36.648145
start = 10:30:36.906448
loaded input_output = 10:30:36.906733
loading test code = 10:30:36.906750
start = 10:30:36.719298
loaded input_output = 10:30:36.719748
loading test code = 10:30:36.719759
start = 10:30:37.214138
loaded input_output = 10:30:37.215918
loading test code = 10:30:37.215933
start = 10:30:37.234126
loaded input_output = 10:30:37.235405
loading test code = 10:30:37.235419
start = 10:30:37.046240
loaded input_output = 10:30:37.046539
loading test code = 10:30:37.046549
start = 10:30:37.104349
loaded input_output = 10:30:37.104890
loading test code = 10:30:37.104902
start = 10:30:37.476604
loaded input_output = 10:30:37.476924
loading test code = 10:30:37.476933
start = 10:30:37.634468
loaded input_output = 10:30:37.635036
loading test code = 10:30:37.635056
start = 10:30:37.703975
loaded input_output = 10:30:37.710652
loading test code = 10:30:37.710678
start = 10:30:37.514861
loaded input_output = 10:30:37.515199
loading test code = 10:30:37.515210
start = 10:30:37.749122
loaded input_output = 10:30:37.770439
loading test code = 10:30:37.770478
start = 10:30:37.912826
loaded input_output = 10:30:37.913373
loading test code = 10:30:37.913383
start = 10:30:38.062830
loaded input_output = 10:30:38.063143
loading test code = 10:30:38.063153
start = 10:30:37.992723
loaded input_output = 10:30:38.051132
loading test code = 10:30:38.051172
start = 10:30:38.339635
loaded input_output = 10:30:38.340023
loading test code = 10:30:38.340032
start = 10:30:32.206631
loaded input_output = 10:30:32.219208
loading test code = 10:30:32.219245
start = 10:30:38.063015
loaded input_output = 10:30:38.063333
loading test code = 10:30:38.063343
start = 10:30:35.512282
loaded input_output = 10:30:35.641149
loading test code = 10:30:35.641200
start = 10:30:38.648771
loaded input_output = 10:30:38.649282
loading test code = 10:30:38.649291
start = 10:30:38.618821
loaded input_output = 10:30:38.619204
loading test code = 10:30:38.619218
start = 10:30:38.658537
loaded input_output = 10:30:38.659101
loading test code = 10:30:38.659111
start = 10:30:39.177480
loaded input_output = 10:30:39.178764
loading test code = 10:30:39.178781
start = 10:30:39.216984
loaded input_output = 10:30:39.217436
loading test code = 10:30:39.217447
start = 10:30:39.241365
loaded input_output = 10:30:39.242028
loading test code = 10:30:39.242042
start = 10:30:39.008647
loaded input_output = 10:30:39.009008
loading test code = 10:30:39.009020
start = 10:30:36.507927
loaded input_output = 10:30:36.510913
loading test code = 10:30:36.510930
start = 10:30:39.537221
loaded input_output = 10:30:39.538418
loading test code = 10:30:39.538430
start = 10:30:39.431939
loaded input_output = 10:30:39.432269
loading test code = 10:30:39.432284
start = 10:30:39.715953
loaded input_output = 10:30:39.721183
loading test code = 10:30:39.721204
start = 10:30:39.509248
loaded input_output = 10:30:39.509781
loading test code = 10:30:39.509791
start = 10:30:39.981975
loaded input_output = 10:30:39.982433
loading test code = 10:30:39.982442
start = 10:30:39.511863
loaded input_output = 10:30:39.514068
loading test code = 10:30:39.514082
start = 10:30:40.017865
loaded input_output = 10:30:40.019258
loading test code = 10:30:40.019273
start = 10:30:40.076367
loaded input_output = 10:30:40.076829
loading test code = 10:30:40.076839
start = 10:30:39.816101
loaded input_output = 10:30:39.816417
loading test code = 10:30:39.816437
start = 10:30:40.297596
loaded input_output = 10:30:40.297968
loading test code = 10:30:40.297979
start = 10:30:40.247666
loaded input_output = 10:30:40.333324
loading test code = 10:30:40.333357
start = 10:30:40.406569
loaded input_output = 10:30:40.406857
loading test code = 10:30:40.406869
start = 10:30:40.332155
loaded input_output = 10:30:40.332433
loading test code = 10:30:40.332442
start = 10:30:34.803779
loaded input_output = 10:30:34.804627
loading test code = 10:30:34.804638
start = 10:30:40.630857
loaded input_output = 10:30:40.631177
loading test code = 10:30:40.631187
start = 10:30:40.635411
loaded input_output = 10:30:40.636115
loading test code = 10:30:40.636133
start = 10:30:40.672036
loaded input_output = 10:30:40.683660
loading test code = 10:30:40.683689
start = 10:30:40.883576
loaded input_output = 10:30:40.884071
loading test code = 10:30:40.884081
start = 10:30:40.882530
loaded input_output = 10:30:40.882968
loading test code = 10:30:40.882985
start = 10:30:40.902775
loaded input_output = 10:30:40.903147
loading test code = 10:30:40.903158
start = 10:30:40.913276
loaded input_output = 10:30:40.913554
loading test code = 10:30:40.913564
start = 10:30:40.972368
loaded input_output = 10:30:40.972724
loading test code = 10:30:40.972734
start = 10:30:41.130114
loaded input_output = 10:30:41.133423
loading test code = 10:30:41.133443
start = 10:30:41.155192
loaded input_output = 10:30:41.155651
loading test code = 10:30:41.155661
start = 10:30:41.173563
loaded input_output = 10:30:41.176700
loading test code = 10:30:41.176719
start = 10:30:41.431514
loaded input_output = 10:30:41.447338
loading test code = 10:30:41.447369
start = 10:30:41.458269
loaded input_output = 10:30:41.459144
loading test code = 10:30:41.459158
start = 10:30:41.177191
loaded input_output = 10:30:41.177518
loading test code = 10:30:41.177529
start = 10:30:41.424598
loaded input_output = 10:30:41.538764
loading test code = 10:30:41.538813
start = 10:30:41.260115
loaded input_output = 10:30:41.260522
loading test code = 10:30:41.260531
start = 10:30:41.748168
loaded input_output = 10:30:41.748635
loading test code = 10:30:41.748645
start = 10:30:41.778688
loaded input_output = 10:30:41.779041
loading test code = 10:30:41.779053
start = 10:30:41.788767
loaded input_output = 10:30:41.789589
loading test code = 10:30:41.789603
start = 10:30:41.801753
loaded input_output = 10:30:41.802020
loading test code = 10:30:41.802030
start = 10:30:41.775643
loaded input_output = 10:30:41.775936
loading test code = 10:30:41.775944
start = 10:30:41.985614
loaded input_output = 10:30:41.985893
loading test code = 10:30:41.985901
start = 10:30:35.990393
loaded input_output = 10:30:35.999640
loading test code = 10:30:35.999678
start = 10:30:42.028919
loaded input_output = 10:30:42.066579
loading test code = 10:30:42.066612
start = 10:30:42.138844
loaded input_output = 10:30:42.139195
loading test code = 10:30:42.139211
start = 10:30:42.133948
loaded input_output = 10:30:42.134230
loading test code = 10:30:42.134242
start = 10:30:42.325763
loaded input_output = 10:30:42.327049
loading test code = 10:30:42.327063
start = 10:30:42.342609
loaded input_output = 10:30:42.357595
loading test code = 10:30:42.357638
start = 10:30:42.408411
loaded input_output = 10:30:42.476845
loading test code = 10:30:42.476882
start = 10:30:42.303585
loaded input_output = 10:30:42.494986
loading test code = 10:30:42.495023
start = 10:30:42.420243
loaded input_output = 10:30:42.529127
loading test code = 10:30:42.529164
start = 10:30:42.624771
loaded input_output = 10:30:42.626811
loading test code = 10:30:42.626830
start = 10:30:42.651933
loaded input_output = 10:30:42.652724
loading test code = 10:30:42.652740
start = 10:30:42.795421
loaded input_output = 10:30:42.797587
loading test code = 10:30:42.797603
start = 10:30:36.777136
loaded input_output = 10:30:36.780633
loading test code = 10:30:36.780654
start = 10:30:42.834487
loaded input_output = 10:30:42.834834
loading test code = 10:30:42.834848
start = 10:30:42.922351
loaded input_output = 10:30:42.922630
loading test code = 10:30:42.922640
start = 10:30:32.206825
loaded input_output = 10:30:32.259491
loading test code = 10:30:32.259531
start = 10:30:42.761155
loaded input_output = 10:30:43.045612
loading test code = 10:30:43.045637
start = 10:30:42.973094
loaded input_output = 10:30:43.034465
loading test code = 10:30:43.034505
start = 10:30:43.043287
loaded input_output = 10:30:43.043641
loading test code = 10:30:43.043654
start = 10:30:43.095557
loaded input_output = 10:30:43.096048
loading test code = 10:30:43.096058
start = 10:30:43.213865
loaded input_output = 10:30:43.214170
loading test code = 10:30:43.214180
start = 10:30:43.325058
loaded input_output = 10:30:43.332824
loading test code = 10:30:43.332846
start = 10:30:43.330048
loaded input_output = 10:30:43.330371
loading test code = 10:30:43.330381
start = 10:30:43.332079
loaded input_output = 10:30:43.332397
loading test code = 10:30:43.332409
start = 10:30:43.321605
loaded input_output = 10:30:43.322417
loading test code = 10:30:43.322427
start = 10:30:43.417197
loaded input_output = 10:30:43.417516
loading test code = 10:30:43.417525
start = 10:30:43.493599
loaded input_output = 10:30:43.548295
loading test code = 10:30:43.548332
start = 10:30:43.588250
loaded input_output = 10:30:43.588608
loading test code = 10:30:43.588619
start = 10:30:43.608688
loaded input_output = 10:30:43.610654
loading test code = 10:30:43.610673
start = 10:30:43.599450
loaded input_output = 10:30:43.599856
loading test code = 10:30:43.599865
start = 10:30:43.612703
loaded input_output = 10:30:43.616006
loading test code = 10:30:43.616035
start = 10:30:43.698158
loaded input_output = 10:30:43.701796
loading test code = 10:30:43.701817
start = 10:30:43.806728
loaded input_output = 10:30:43.811858
loading test code = 10:30:43.811882
start = 10:30:43.870442
loaded input_output = 10:30:43.872930
loading test code = 10:30:43.872950
start = 10:30:43.886305
loaded input_output = 10:30:43.889121
loading test code = 10:30:43.889143
start = 10:30:43.920009
loaded input_output = 10:30:43.921394
loading test code = 10:30:43.921410
start = 10:30:43.938960
loaded input_output = 10:30:43.939427
loading test code = 10:30:43.939440
start = 10:30:34.040905
loaded input_output = 10:30:34.189003
loading test code = 10:30:34.189040
start = 10:30:43.987490
loaded input_output = 10:30:43.993973
loading test code = 10:30:43.994001
start = 10:30:38.395421
loaded input_output = 10:30:38.396212
loading test code = 10:30:38.396223
start = 10:30:37.303783
loaded input_output = 10:30:37.305792
loading test code = 10:30:37.305810
start = 10:30:38.573552
loaded input_output = 10:30:38.621498
loading test code = 10:30:38.621531
start = 10:30:40.302783
loaded input_output = 10:30:40.634500
loading test code = 10:30:40.634535
start = 10:30:43.099761
loaded input_output = 10:30:43.100195
loading test code = 10:30:43.100205
start = 10:30:42.053545
loaded input_output = 10:30:42.054079
loading test code = 10:30:42.054089
[JUDGED] L01: pass@1=17.71% empty=8 wall=306.8s
global timeout
start = 10:35:30.041378
loaded input_output = 10:35:30.041785
loading test code = 10:35:30.041794
start = 10:35:30.029314
loaded input_output = 10:35:30.029652
loading test code = 10:35:30.029662
start = 10:35:30.046025
loaded input_output = 10:35:30.062461
loading test code = 10:35:30.062496
start = 10:35:30.109361
loaded input_output = 10:35:30.109697
loading test code = 10:35:30.109707
start = 10:35:30.117100
loaded input_output = 10:35:30.117501
loading test code = 10:35:30.117513
start = 10:35:30.112036
loaded input_output = 10:35:30.112540
loading test code = 10:35:30.112552
start = 10:35:30.125155
loaded input_output = 10:35:30.125466
loading test code = 10:35:30.125475
start = 10:35:30.153867
loaded input_output = 10:35:30.154127
loading test code = 10:35:30.154136
start = 10:35:30.152938
loaded input_output = 10:35:30.153757
loading test code = 10:35:30.153768
start = 10:35:30.077510
loaded input_output = 10:35:30.106727
loading test code = 10:35:30.106782
start = 10:35:30.333856
loaded input_output = 10:35:30.334203
loading test code = 10:35:30.334216
start = 10:35:30.395221
loaded input_output = 10:35:30.396565
loading test code = 10:35:30.396579
start = 10:35:30.420945
loaded input_output = 10:35:30.421254
loading test code = 10:35:30.421268
start = 10:35:30.399531
loaded input_output = 10:35:30.399911
loading test code = 10:35:30.399925
start = 10:35:30.023244
loaded input_output = 10:35:30.061988
loading test code = 10:35:30.062026
start = 10:35:30.610577
loaded input_output = 10:35:30.610911
loading test code = 10:35:30.610923
start = 10:35:30.635945
loaded input_output = 10:35:30.636395
loading test code = 10:35:30.636406
start = 10:35:30.129800
loaded input_output = 10:35:30.157298
loading test code = 10:35:30.157324
start = 10:35:30.394753
loaded input_output = 10:35:30.420383
loading test code = 10:35:30.420423
start = 10:35:30.690863
loaded input_output = 10:35:30.691431
loading test code = 10:35:30.691446
start = 10:35:30.726452
loaded input_output = 10:35:30.726784
loading test code = 10:35:30.726800
start = 10:35:30.767060
loaded input_output = 10:35:30.767550
loading test code = 10:35:30.767565
start = 10:35:30.018313
loaded input_output = 10:35:30.049326
loading test code = 10:35:30.049356
start = 10:35:31.118441
loaded input_output = 10:35:31.118721
loading test code = 10:35:31.118730
start = 10:35:31.072822
loaded input_output = 10:35:31.081215
loading test code = 10:35:31.081264
start = 10:35:31.024966
loaded input_output = 10:35:31.045238
loading test code = 10:35:31.045287
start = 10:35:30.671863
loaded input_output = 10:35:30.733524
loading test code = 10:35:30.733559
start = 10:35:31.105417
loaded input_output = 10:35:31.121726
loading test code = 10:35:31.121749
start = 10:35:31.375762
loaded input_output = 10:35:31.376104
loading test code = 10:35:31.376116
start = 10:35:30.447611
loaded input_output = 10:35:30.523027
loading test code = 10:35:30.523064
start = 10:35:31.550728
loaded input_output = 10:35:31.551064
loading test code = 10:35:31.551074
start = 10:35:31.555293
loaded input_output = 10:35:31.555624
loading test code = 10:35:31.555639
start = 10:35:31.568417
loaded input_output = 10:35:31.569143
loading test code = 10:35:31.569155
start = 10:35:31.561152
loaded input_output = 10:35:31.561490
loading test code = 10:35:31.561502
start = 10:35:31.625601
loaded input_output = 10:35:31.626121
loading test code = 10:35:31.626133
start = 10:35:31.016947
loaded input_output = 10:35:31.097563
loading test code = 10:35:31.097607
start = 10:35:31.777450
loaded input_output = 10:35:31.777785
loading test code = 10:35:31.777793
start = 10:35:31.835691
loaded input_output = 10:35:31.845812
loading test code = 10:35:31.845843
start = 10:35:31.895454
loaded input_output = 10:35:31.901099
loading test code = 10:35:31.901127
start = 10:35:31.952445
loaded input_output = 10:35:31.952864
loading test code = 10:35:31.952872
start = 10:35:31.935564
loaded input_output = 10:35:31.938951
loading test code = 10:35:31.938983
start = 10:35:31.790554
loaded input_output = 10:35:31.812396
loading test code = 10:35:31.812436
start = 10:35:32.102148
loaded input_output = 10:35:32.103104
loading test code = 10:35:32.103116
start = 10:35:32.191673
loaded input_output = 10:35:32.194327
loading test code = 10:35:32.194350
start = 10:35:32.243091
loaded input_output = 10:35:32.243538
loading test code = 10:35:32.243551
start = 10:35:32.267231
loaded input_output = 10:35:32.267556
loading test code = 10:35:32.267565
start = 10:35:32.327184
loaded input_output = 10:35:32.327927
loading test code = 10:35:32.327940
start = 10:35:32.353847
loaded input_output = 10:35:32.354176
loading test code = 10:35:32.354187
start = 10:35:32.360219
loaded input_output = 10:35:32.360526
loading test code = 10:35:32.360534
start = 10:35:32.552871
loaded input_output = 10:35:32.554898
loading test code = 10:35:32.554926
start = 10:35:32.495101
loaded input_output = 10:35:32.513374
loading test code = 10:35:32.513413
start = 10:35:32.712252
loaded input_output = 10:35:32.713422
loading test code = 10:35:32.713432
start = 10:35:32.859738
loaded input_output = 10:35:32.860609
loading test code = 10:35:32.860620
start = 10:35:32.948797
loaded input_output = 10:35:32.949210
loading test code = 10:35:32.949221
start = 10:35:33.167113
loaded input_output = 10:35:33.167497
loading test code = 10:35:33.167507
start = 10:35:30.881810
loaded input_output = 10:35:30.961433
loading test code = 10:35:30.961474
start = 10:35:32.657417
loaded input_output = 10:35:32.709786
loading test code = 10:35:32.709834
start = 10:35:30.465315
loaded input_output = 10:35:30.532671
loading test code = 10:35:30.532703
start = 10:35:31.803731
loaded input_output = 10:35:31.854884
loading test code = 10:35:31.854921
start = 10:35:33.427908
loaded input_output = 10:35:33.428236
loading test code = 10:35:33.428247
start = 10:35:33.548910
loaded input_output = 10:35:33.549191
loading test code = 10:35:33.549199
start = 10:35:31.069784
loaded input_output = 10:35:31.131669
loading test code = 10:35:31.131706
start = 10:35:33.250380
loaded input_output = 10:35:33.276521
loading test code = 10:35:33.276562
start = 10:35:33.748105
loaded input_output = 10:35:33.748429
loading test code = 10:35:33.748438
start = 10:35:32.515083
loaded input_output = 10:35:32.569478
loading test code = 10:35:32.569517
start = 10:35:33.841545
loaded input_output = 10:35:33.841959
loading test code = 10:35:33.841968
start = 10:35:33.572591
loaded input_output = 10:35:33.635909
loading test code = 10:35:33.635951
start = 10:35:34.073091
loaded input_output = 10:35:34.081494
loading test code = 10:35:34.081521
start = 10:35:34.086758
loaded input_output = 10:35:34.087067
loading test code = 10:35:34.087083
start = 10:35:34.077752
loaded input_output = 10:35:34.087023
loading test code = 10:35:34.087042
start = 10:35:30.371946
loaded input_output = 10:35:30.443533
loading test code = 10:35:30.443577
start = 10:35:33.930801
loaded input_output = 10:35:33.992462
loading test code = 10:35:33.992513
start = 10:35:34.461652
loaded input_output = 10:35:34.474564
loading test code = 10:35:34.474599
start = 10:35:34.614418
loaded input_output = 10:35:34.615321
loading test code = 10:35:34.615340
start = 10:35:34.717468
loaded input_output = 10:35:34.717789
loading test code = 10:35:34.717799
start = 10:35:34.144151
loaded input_output = 10:35:34.245361
loading test code = 10:35:34.245398
start = 10:35:34.933474
loaded input_output = 10:35:34.934012
loading test code = 10:35:34.934021
start = 10:35:34.925361
loaded input_output = 10:35:34.926595
loading test code = 10:35:34.926608
start = 10:35:34.382849
loaded input_output = 10:35:34.460387
loading test code = 10:35:34.460416
start = 10:35:35.222337
loaded input_output = 10:35:35.222726
loading test code = 10:35:35.222744
start = 10:35:35.222733
loaded input_output = 10:35:35.223064
loading test code = 10:35:35.223073
start = 10:35:35.202362
loaded input_output = 10:35:35.203106
loading test code = 10:35:35.203122
start = 10:35:33.708102
loaded input_output = 10:35:33.746588
loading test code = 10:35:33.746626
start = 10:35:32.669881
loaded input_output = 10:35:32.756799
loading test code = 10:35:32.756842
start = 10:35:33.559831
loaded input_output = 10:35:33.605985
loading test code = 10:35:33.606028
start = 10:35:35.539448
loaded input_output = 10:35:35.539821
loading test code = 10:35:35.539830
start = 10:35:35.483947
loaded input_output = 10:35:35.488009
loading test code = 10:35:35.488036
start = 10:35:35.674077
loaded input_output = 10:35:35.674380
loading test code = 10:35:35.674392
start = 10:35:35.709916
loaded input_output = 10:35:35.710203
loading test code = 10:35:35.710213
start = 10:35:35.716232
loaded input_output = 10:35:35.716609
loading test code = 10:35:35.716629
start = 10:35:35.474073
loaded input_output = 10:35:35.514767
loading test code = 10:35:35.514809
start = 10:35:35.596314
loaded input_output = 10:35:35.662241
loading test code = 10:35:35.662281
start = 10:35:35.980597
loaded input_output = 10:35:35.980929
loading test code = 10:35:35.980945
start = 10:35:36.007942
loaded input_output = 10:35:36.008616
loading test code = 10:35:36.008629
start = 10:35:36.034913
loaded input_output = 10:35:36.036029
loading test code = 10:35:36.036043
start = 10:35:34.438912
loaded input_output = 10:35:34.485395
loading test code = 10:35:34.485432
start = 10:35:30.172144
loaded input_output = 10:35:30.172515
loading test code = 10:35:30.172530
timeout occured: alarm went off
start = 10:35:36.155832
loaded input_output = 10:35:36.156127
loading test code = 10:35:36.156137
start = 10:35:36.202039
loaded input_output = 10:35:36.202352
loading test code = 10:35:36.202360
start = 10:35:36.292840
loaded input_output = 10:35:36.300804
loading test code = 10:35:36.300832
start = 10:35:30.308006
loaded input_output = 10:35:30.312095
loading test code = 10:35:30.312132
timeout occured: alarm went off
start = 10:35:36.376868
loaded input_output = 10:35:36.377272
loading test code = 10:35:36.377290
start = 10:35:35.994132
loaded input_output = 10:35:36.056442
loading test code = 10:35:36.056489
start = 10:35:36.507236
loaded input_output = 10:35:36.507611
loading test code = 10:35:36.507622
start = 10:35:36.567096
loaded input_output = 10:35:36.567742
loading test code = 10:35:36.567752
start = 10:35:36.549671
loaded input_output = 10:35:36.549973
loading test code = 10:35:36.549983
start = 10:35:36.676500
loaded input_output = 10:35:36.676867
loading test code = 10:35:36.676878
start = 10:35:36.679905
loaded input_output = 10:35:36.683170
loading test code = 10:35:36.683197
start = 10:35:36.728203
loaded input_output = 10:35:36.729464
loading test code = 10:35:36.729482
start = 10:35:36.775392
loaded input_output = 10:35:36.775658
loading test code = 10:35:36.775667
start = 10:35:36.531571
loaded input_output = 10:35:36.531936
loading test code = 10:35:36.531957
start = 10:35:36.640178
loaded input_output = 10:35:36.756525
loading test code = 10:35:36.756568
start = 10:35:36.351194
loaded input_output = 10:35:36.353944
loading test code = 10:35:36.353963
start = 10:35:37.001317
loaded input_output = 10:35:37.106214
loading test code = 10:35:37.106248
start = 10:35:36.837332
loaded input_output = 10:35:36.837651
loading test code = 10:35:36.837662
start = 10:35:37.144639
loaded input_output = 10:35:37.145825
loading test code = 10:35:37.145841
start = 10:35:36.885044
loaded input_output = 10:35:36.885359
loading test code = 10:35:36.885370
start = 10:35:37.431642
loaded input_output = 10:35:37.432120
loading test code = 10:35:37.432130
start = 10:35:37.130999
loaded input_output = 10:35:37.131314
loading test code = 10:35:37.131326
start = 10:35:37.425148
loaded input_output = 10:35:37.425550
loading test code = 10:35:37.425567
start = 10:35:37.459613
loaded input_output = 10:35:37.459955
loading test code = 10:35:37.459963
start = 10:35:37.465041
loaded input_output = 10:35:37.523041
loading test code = 10:35:37.523096
start = 10:35:37.355155
loaded input_output = 10:35:37.355467
loading test code = 10:35:37.355476
start = 10:35:37.771694
loaded input_output = 10:35:37.775543
loading test code = 10:35:37.775560
start = 10:35:37.800861
loaded input_output = 10:35:37.801313
loading test code = 10:35:37.801323
start = 10:35:37.857226
loaded input_output = 10:35:37.857609
loading test code = 10:35:37.857620
start = 10:35:37.883691
loaded input_output = 10:35:37.884031
loading test code = 10:35:37.884041
start = 10:35:37.704843
loaded input_output = 10:35:37.705141
loading test code = 10:35:37.705150
start = 10:35:37.743235
loaded input_output = 10:35:37.743583
loading test code = 10:35:37.743592
start = 10:35:38.113302
loaded input_output = 10:35:38.113603
loading test code = 10:35:38.113612
start = 10:35:38.140894
loaded input_output = 10:35:38.141203
loading test code = 10:35:38.141213
start = 10:35:38.126422
loaded input_output = 10:35:38.194706
loading test code = 10:35:38.199450
start = 10:35:38.311840
loaded input_output = 10:35:38.312950
loading test code = 10:35:38.312960
start = 10:35:38.344900
loaded input_output = 10:35:38.345254
loading test code = 10:35:38.345263
start = 10:35:38.467877
loaded input_output = 10:35:38.468234
loading test code = 10:35:38.468244
start = 10:35:38.536314
loaded input_output = 10:35:38.536654
loading test code = 10:35:38.536664
start = 10:35:38.606534
loaded input_output = 10:35:38.606894
loading test code = 10:35:38.606907
start = 10:35:38.443896
loaded input_output = 10:35:38.444385
loading test code = 10:35:38.444395
start = 10:35:38.740912
loaded input_output = 10:35:38.741421
loading test code = 10:35:38.741430
start = 10:35:39.022987
loaded input_output = 10:35:39.027859
loading test code = 10:35:39.027885
start = 10:35:38.785785
loaded input_output = 10:35:38.786083
loading test code = 10:35:38.786091
start = 10:35:38.851375
loaded input_output = 10:35:38.851847
loading test code = 10:35:38.851866
start = 10:35:38.919842
loaded input_output = 10:35:38.920213
loading test code = 10:35:38.920224
start = 10:35:39.055669
loaded input_output = 10:35:39.221263
loading test code = 10:35:39.221300
start = 10:35:35.857687
loaded input_output = 10:35:35.917613
loading test code = 10:35:35.917654
start = 10:35:39.351361
loaded input_output = 10:35:39.351907
loading test code = 10:35:39.351919
start = 10:35:39.478351
loaded input_output = 10:35:39.478652
loading test code = 10:35:39.478667
start = 10:35:39.493890
loaded input_output = 10:35:39.494874
loading test code = 10:35:39.494889
start = 10:35:39.532932
loaded input_output = 10:35:39.533827
loading test code = 10:35:39.533838
start = 10:35:33.051042
loaded input_output = 10:35:33.101127
loading test code = 10:35:33.101165
timeout occured: alarm went off
start = 10:35:39.620602
loaded input_output = 10:35:39.621112
loading test code = 10:35:39.621127
start = 10:35:39.613705
loaded input_output = 10:35:39.650621
loading test code = 10:35:39.650659
start = 10:35:30.922221
loaded input_output = 10:35:30.926858
loading test code = 10:35:30.926882
start = 10:35:39.750415
loaded input_output = 10:35:39.751968
loading test code = 10:35:39.751984
start = 10:35:39.779611
loaded input_output = 10:35:39.779922
loading test code = 10:35:39.779935
start = 10:35:39.772141
loaded input_output = 10:35:39.772468
loading test code = 10:35:39.772476
start = 10:35:39.866964
loaded input_output = 10:35:39.867418
loading test code = 10:35:39.867428
start = 10:35:40.042575
loaded input_output = 10:35:40.042934
loading test code = 10:35:40.042944
start = 10:35:40.068624
loaded input_output = 10:35:40.068958
loading test code = 10:35:40.068969
start = 10:35:34.573914
loaded input_output = 10:35:34.625753
loading test code = 10:35:34.625786
start = 10:35:40.232153
loaded input_output = 10:35:40.232781
loading test code = 10:35:40.232791
start = 10:35:39.871664
loaded input_output = 10:35:40.279830
loading test code = 10:35:40.279862
start = 10:35:40.055876
loaded input_output = 10:35:40.056161
loading test code = 10:35:40.056169
start = 10:35:40.476175
loaded input_output = 10:35:40.584443
loading test code = 10:35:40.584479
start = 10:35:40.329858
loaded input_output = 10:35:40.330171
loading test code = 10:35:40.330183
start = 10:35:40.611799
loaded input_output = 10:35:40.612279
loading test code = 10:35:40.612291
start = 10:35:40.337085
loaded input_output = 10:35:40.337647
loading test code = 10:35:40.337660
start = 10:35:40.703734
loaded input_output = 10:35:40.704354
loading test code = 10:35:40.704365
start = 10:35:40.895159
loaded input_output = 10:35:40.896923
loading test code = 10:35:40.896936
start = 10:35:40.895908
loaded input_output = 10:35:40.896193
loading test code = 10:35:40.896204
start = 10:35:41.007150
loaded input_output = 10:35:41.008553
loading test code = 10:35:41.008568
start = 10:35:35.071760
loaded input_output = 10:35:35.072091
loading test code = 10:35:35.072104
timeout occured: alarm went off
start = 10:35:40.905112
loaded input_output = 10:35:40.905417
loading test code = 10:35:40.905429
start = 10:35:41.197216
loaded input_output = 10:35:41.197709
loading test code = 10:35:41.197721
start = 10:35:41.264865
loaded input_output = 10:35:41.265171
loading test code = 10:35:41.265181
start = 10:35:39.992765
loaded input_output = 10:35:39.993104
loading test code = 10:35:39.993115
start = 10:35:41.471536
loaded input_output = 10:35:41.471864
loading test code = 10:35:41.471872
start = 10:35:41.341654
loaded input_output = 10:35:41.342069
loading test code = 10:35:41.342080
start = 10:35:41.563356
loaded input_output = 10:35:41.566506
loading test code = 10:35:41.566523
start = 10:35:41.439171
loaded input_output = 10:35:41.439610
loading test code = 10:35:41.439625
start = 10:35:41.690547
loaded input_output = 10:35:41.691794
loading test code = 10:35:41.691811
start = 10:35:41.752675
loaded input_output = 10:35:41.752975
loading test code = 10:35:41.752984
start = 10:35:41.936784
loaded input_output = 10:35:41.938573
loading test code = 10:35:41.938585
start = 10:35:41.999865
loaded input_output = 10:35:42.001156
loading test code = 10:35:42.001174
start = 10:35:41.840741
loaded input_output = 10:35:41.841064
loading test code = 10:35:41.841075
start = 10:35:41.879744
loaded input_output = 10:35:41.880291
loading test code = 10:35:41.880303
start = 10:35:42.400282
loaded input_output = 10:35:42.400871
loading test code = 10:35:42.400894
start = 10:35:42.461386
loaded input_output = 10:35:42.468136
loading test code = 10:35:42.468162
start = 10:35:42.273965
loaded input_output = 10:35:42.274257
loading test code = 10:35:42.274268
start = 10:35:42.671843
loaded input_output = 10:35:42.692570
loading test code = 10:35:42.692604
start = 10:35:42.723183
loaded input_output = 10:35:42.723763
loading test code = 10:35:42.723774
start = 10:35:42.967616
loaded input_output = 10:35:42.967946
loading test code = 10:35:42.967957
start = 10:35:39.992460
loaded input_output = 10:35:40.082168
loading test code = 10:35:40.082198
start = 10:35:42.814644
loaded input_output = 10:35:42.853448
loading test code = 10:35:42.853485
start = 10:35:37.141907
loaded input_output = 10:35:37.142225
loading test code = 10:35:37.142237
start = 10:35:43.224743
loaded input_output = 10:35:43.225162
loading test code = 10:35:43.225177
start = 10:35:37.091716
loaded input_output = 10:35:37.100539
loading test code = 10:35:37.100570
start = 10:35:43.071830
loaded input_output = 10:35:43.072144
loading test code = 10:35:43.072153
start = 10:35:43.486736
loaded input_output = 10:35:43.487014
loading test code = 10:35:43.487023
start = 10:35:43.544416
loaded input_output = 10:35:43.544914
loading test code = 10:35:43.544925
start = 10:35:43.575674
loaded input_output = 10:35:43.576271
loading test code = 10:35:43.576282
start = 10:35:43.696383
loaded input_output = 10:35:43.696761
loading test code = 10:35:43.696778
start = 10:35:44.019366
loaded input_output = 10:35:44.020665
loading test code = 10:35:44.020680
start = 10:35:44.059072
loaded input_output = 10:35:44.059523
loading test code = 10:35:44.059535
start = 10:35:44.084087
loaded input_output = 10:35:44.084807
loading test code = 10:35:44.084823
start = 10:35:41.168243
loaded input_output = 10:35:41.171108
loading test code = 10:35:41.171123
start = 10:35:44.336347
loaded input_output = 10:35:44.338677
loading test code = 10:35:44.338692
start = 10:35:44.362484
loaded input_output = 10:35:44.363747
loading test code = 10:35:44.363765
start = 10:35:44.202716
loaded input_output = 10:35:44.203104
loading test code = 10:35:44.203115
start = 10:35:44.478103
loaded input_output = 10:35:44.483489
loading test code = 10:35:44.483510
start = 10:35:44.291302
loaded input_output = 10:35:44.291898
loading test code = 10:35:44.291913
start = 10:35:44.653996
loaded input_output = 10:35:44.654463
loading test code = 10:35:44.654476
start = 10:35:44.744511
loaded input_output = 10:35:44.744962
loading test code = 10:35:44.744978
start = 10:35:44.812075
loaded input_output = 10:35:44.813348
loading test code = 10:35:44.813360
start = 10:35:44.641422
loaded input_output = 10:35:44.641723
loading test code = 10:35:44.641732
start = 10:35:44.854311
loaded input_output = 10:35:44.923255
loading test code = 10:35:44.923293
start = 10:35:45.011059
loaded input_output = 10:35:45.011564
loading test code = 10:35:45.011574
start = 10:35:45.182578
loaded input_output = 10:35:45.182870
loading test code = 10:35:45.182878
start = 10:35:39.320448
loaded input_output = 10:35:39.321277
loading test code = 10:35:39.321299
start = 10:35:45.264268
loaded input_output = 10:35:45.264561
loading test code = 10:35:45.264571
start = 10:35:45.250248
loaded input_output = 10:35:45.251047
loading test code = 10:35:45.251065
start = 10:35:45.112974
loaded input_output = 10:35:45.113275
loading test code = 10:35:45.113286
start = 10:35:45.469672
loaded input_output = 10:35:45.470144
loading test code = 10:35:45.470160
start = 10:35:45.472858
loaded input_output = 10:35:45.489577
loading test code = 10:35:45.489611
start = 10:35:45.515374
loaded input_output = 10:35:45.515707
loading test code = 10:35:45.515722
start = 10:35:45.547163
loaded input_output = 10:35:45.547589
loading test code = 10:35:45.547603
start = 10:35:45.704057
loaded input_output = 10:35:45.704345
loading test code = 10:35:45.704354
start = 10:35:45.756992
loaded input_output = 10:35:45.757344
loading test code = 10:35:45.757357
start = 10:35:45.770974
loaded input_output = 10:35:45.771431
loading test code = 10:35:45.771440
start = 10:35:45.792205
loaded input_output = 10:35:45.795676
loading test code = 10:35:45.795694
start = 10:35:45.778864
loaded input_output = 10:35:45.781890
loading test code = 10:35:45.781906
start = 10:35:46.074234
loaded input_output = 10:35:46.075167
loading test code = 10:35:46.075184
start = 10:35:46.092402
loaded input_output = 10:35:46.107925
loading test code = 10:35:46.107956
start = 10:35:46.048528
loaded input_output = 10:35:46.165030
loading test code = 10:35:46.165070
start = 10:35:45.988776
loaded input_output = 10:35:45.989062
loading test code = 10:35:45.989072
start = 10:35:46.007682
loaded input_output = 10:35:46.008096
loading test code = 10:35:46.008109
start = 10:35:46.383308
loaded input_output = 10:35:46.383729
loading test code = 10:35:46.383739
start = 10:35:46.414923
loaded input_output = 10:35:46.415223
loading test code = 10:35:46.415236
start = 10:35:40.410456
loaded input_output = 10:35:40.418900
loading test code = 10:35:40.418926
start = 10:35:46.426511
loaded input_output = 10:35:46.426811
loading test code = 10:35:46.426821
start = 10:35:46.534235
loaded input_output = 10:35:46.534523
loading test code = 10:35:46.534534
start = 10:35:46.534505
loaded input_output = 10:35:46.535324
loading test code = 10:35:46.535341
start = 10:35:46.652450
loaded input_output = 10:35:46.652719
loading test code = 10:35:46.652728
start = 10:35:46.770835
loaded input_output = 10:35:46.771115
loading test code = 10:35:46.771129
start = 10:35:46.777648
loaded input_output = 10:35:46.777947
loading test code = 10:35:46.777960
start = 10:35:46.726686
loaded input_output = 10:35:46.769672
loading test code = 10:35:46.769705
start = 10:35:46.922008
loaded input_output = 10:35:46.923158
loading test code = 10:35:46.923177
start = 10:35:40.899699
loaded input_output = 10:35:40.900010
loading test code = 10:35:40.900023
start = 10:35:46.813227
loaded input_output = 10:35:46.987947
loading test code = 10:35:46.987983
start = 10:35:47.027201
loaded input_output = 10:35:47.042004
loading test code = 10:35:47.042042
start = 10:35:47.088610
loaded input_output = 10:35:47.146956
loading test code = 10:35:47.146998
start = 10:35:47.204857
loaded input_output = 10:35:47.205605
loading test code = 10:35:47.205619
start = 10:35:47.200865
loaded input_output = 10:35:47.202864
loading test code = 10:35:47.202880
start = 10:35:47.125152
loaded input_output = 10:35:47.239677
loading test code = 10:35:47.239715
start = 10:35:47.323427
loaded input_output = 10:35:47.325476
loading test code = 10:35:47.325496
start = 10:35:47.485560
loaded input_output = 10:35:47.485873
loading test code = 10:35:47.485884
start = 10:35:47.483042
loaded input_output = 10:35:47.483364
loading test code = 10:35:47.483378
start = 10:35:47.497442
loaded input_output = 10:35:47.563525
loading test code = 10:35:47.563574
start = 10:35:47.287210
loaded input_output = 10:35:47.578397
loading test code = 10:35:47.578432
start = 10:35:47.573003
loaded input_output = 10:35:47.573271
loading test code = 10:35:47.573279
start = 10:35:47.642099
loaded input_output = 10:35:47.642572
loading test code = 10:35:47.642582
start = 10:35:47.763258
loaded input_output = 10:35:47.763671
loading test code = 10:35:47.763685
start = 10:35:47.802427
loaded input_output = 10:35:47.803285
loading test code = 10:35:47.803298
start = 10:35:47.847263
loaded input_output = 10:35:47.847621
loading test code = 10:35:47.847631
start = 10:35:47.942683
loaded input_output = 10:35:47.943045
loading test code = 10:35:47.943061
start = 10:35:47.936685
loaded input_output = 10:35:47.944461
loading test code = 10:35:47.944484
start = 10:35:48.069838
loaded input_output = 10:35:48.070143
loading test code = 10:35:48.070154
start = 10:35:48.131575
loaded input_output = 10:35:48.132078
loading test code = 10:35:48.132087
start = 10:35:48.115852
loaded input_output = 10:35:48.174273
loading test code = 10:35:48.174316
start = 10:35:48.254943
loaded input_output = 10:35:48.255426
loading test code = 10:35:48.255444
start = 10:35:38.169776
loaded input_output = 10:35:38.325687
loading test code = 10:35:38.325744
start = 10:35:42.212372
loaded input_output = 10:35:42.212710
loading test code = 10:35:42.212721
start = 10:35:48.373190
loaded input_output = 10:35:48.375425
loading test code = 10:35:48.375444
start = 10:35:48.427206
loaded input_output = 10:35:48.430941
loading test code = 10:35:48.430961
start = 10:35:48.535680
loaded input_output = 10:35:48.538425
loading test code = 10:35:48.538440
start = 10:35:48.534676
loaded input_output = 10:35:48.540049
loading test code = 10:35:48.540073
start = 10:35:48.546550
loaded input_output = 10:35:48.548150
loading test code = 10:35:48.548169
start = 10:35:48.565922
loaded input_output = 10:35:48.568274
loading test code = 10:35:48.568292
start = 10:35:48.700031
loaded input_output = 10:35:48.700403
loading test code = 10:35:48.700414
start = 10:35:48.757954
loaded input_output = 10:35:48.764484
loading test code = 10:35:48.764511
start = 10:35:42.013241
loaded input_output = 10:35:42.015448
loading test code = 10:35:42.015464
start = 10:35:43.331696
loaded input_output = 10:35:43.332498
loading test code = 10:35:43.332509
start = 10:35:43.375031
loaded input_output = 10:35:43.421134
loading test code = 10:35:43.421168
start = 10:35:44.968923
loaded input_output = 10:35:45.313828
loading test code = 10:35:45.313861
start = 10:35:37.093552
loaded input_output = 10:35:37.155775
loading test code = 10:35:37.155822
start = 10:35:46.751567
loaded input_output = 10:35:46.752128
loading test code = 10:35:46.752144
start = 10:35:48.265172
loaded input_output = 10:35:48.268472
loading test code = 10:35:48.268490
start = 10:35:47.755296
loaded input_output = 10:35:47.755613
loading test code = 10:35:47.755627
[JUDGED] L02: pass@1=17.71% empty=8 wall=36.6s
start = 10:36:06.664545
loaded input_output = 10:36:06.664890
loading test code = 10:36:06.664902
start = 10:36:06.656199
loaded input_output = 10:36:06.656533
loading test code = 10:36:06.656543
start = 10:36:06.658674
loaded input_output = 10:36:06.659111
loading test code = 10:36:06.659123
start = 10:36:06.679464
loaded input_output = 10:36:06.679912
loading test code = 10:36:06.679927
start = 10:36:06.686399
loaded input_output = 10:36:06.686758
loading test code = 10:36:06.686768
start = 10:36:06.732927
loaded input_output = 10:36:06.733400
loading test code = 10:36:06.733410
start = 10:36:06.682468
loaded input_output = 10:36:06.698204
loading test code = 10:36:06.698240
start = 10:36:06.727101
loaded input_output = 10:36:06.727424
loading test code = 10:36:06.727437
start = 10:36:06.712733
loaded input_output = 10:36:06.713611
loading test code = 10:36:06.713623
start = 10:36:06.663869
loaded input_output = 10:36:06.691120
loading test code = 10:36:06.691150
start = 10:36:06.947059
loaded input_output = 10:36:06.947400
loading test code = 10:36:06.947425
start = 10:36:06.702818
loaded input_output = 10:36:06.731796
loading test code = 10:36:06.731828
start = 10:36:06.971765
loaded input_output = 10:36:06.973104
loading test code = 10:36:06.973120
start = 10:36:06.976599
loaded input_output = 10:36:06.977003
loading test code = 10:36:06.977022
start = 10:36:06.971120
loaded input_output = 10:36:06.971483
loading test code = 10:36:06.971504
start = 10:36:06.652742
loaded input_output = 10:36:06.689362
loading test code = 10:36:06.689387
start = 10:36:07.223342
loaded input_output = 10:36:07.223689
loading test code = 10:36:07.223700
start = 10:36:07.189123
loaded input_output = 10:36:07.189435
loading test code = 10:36:07.189444
start = 10:36:06.996022
loaded input_output = 10:36:07.021308
loading test code = 10:36:07.021351
start = 10:36:07.287371
loaded input_output = 10:36:07.287714
loading test code = 10:36:07.287732
start = 10:36:07.274006
loaded input_output = 10:36:07.274402
loading test code = 10:36:07.274416
start = 10:36:07.328468
loaded input_output = 10:36:07.328754
loading test code = 10:36:07.328762
start = 10:36:06.613433
loaded input_output = 10:36:06.646017
loading test code = 10:36:06.646075
start = 10:36:07.615886
loaded input_output = 10:36:07.616196
loading test code = 10:36:07.616205
start = 10:36:07.212340
loaded input_output = 10:36:07.268092
loading test code = 10:36:07.268127
start = 10:36:07.476988
loaded input_output = 10:36:07.495044
loading test code = 10:36:07.495079
start = 10:36:07.612242
loaded input_output = 10:36:07.619218
loading test code = 10:36:07.619252
start = 10:36:07.910531
loaded input_output = 10:36:07.910882
loading test code = 10:36:07.910895
start = 10:36:07.955170
loaded input_output = 10:36:07.955583
loading test code = 10:36:07.955595
start = 10:36:08.010370
loaded input_output = 10:36:08.011180
loading test code = 10:36:08.011197
start = 10:36:08.023576
loaded input_output = 10:36:08.023940
loading test code = 10:36:08.023952
start = 10:36:07.557734
loaded input_output = 10:36:07.628030
loading test code = 10:36:07.628077
start = 10:36:07.087979
loaded input_output = 10:36:07.158272
loading test code = 10:36:07.158311
start = 10:36:08.181976
loaded input_output = 10:36:08.182315
loading test code = 10:36:08.182328
start = 10:36:08.259204
loaded input_output = 10:36:08.259769
loading test code = 10:36:08.259782
start = 10:36:08.343914
loaded input_output = 10:36:08.344334
loading test code = 10:36:08.344345
start = 10:36:08.408257
loaded input_output = 10:36:08.421651
loading test code = 10:36:08.421695
start = 10:36:08.279035
loaded input_output = 10:36:08.305154
loading test code = 10:36:08.305196
start = 10:36:08.530732
loaded input_output = 10:36:08.533697
loading test code = 10:36:08.533714
start = 10:36:08.642023
loaded input_output = 10:36:08.642436
loading test code = 10:36:08.642446
start = 10:36:08.708255
loaded input_output = 10:36:08.709311
loading test code = 10:36:08.709324
start = 10:36:08.820012
loaded input_output = 10:36:08.820397
loading test code = 10:36:08.820410
start = 10:36:08.860331
loaded input_output = 10:36:08.862496
loading test code = 10:36:08.862514
start = 10:36:08.933464
loaded input_output = 10:36:08.933758
loading test code = 10:36:08.933766
start = 10:36:09.021929
loaded input_output = 10:36:09.022265
loading test code = 10:36:09.022280
start = 10:36:09.134659
loaded input_output = 10:36:09.135318
loading test code = 10:36:09.135330
start = 10:36:09.144254
loaded input_output = 10:36:09.144547
loading test code = 10:36:09.144556
start = 10:36:09.211658
loaded input_output = 10:36:09.231966
loading test code = 10:36:09.232002
start = 10:36:07.364813
loaded input_output = 10:36:07.454925
loading test code = 10:36:07.454969
start = 10:36:08.283005
loaded input_output = 10:36:08.331179
loading test code = 10:36:08.331219
start = 10:36:07.046051
loaded input_output = 10:36:07.109435
loading test code = 10:36:07.109481
start = 10:36:09.434364
loaded input_output = 10:36:09.436126
loading test code = 10:36:09.436142
start = 10:36:09.851137
loaded input_output = 10:36:09.851970
loading test code = 10:36:09.851983
start = 10:36:09.858364
loaded input_output = 10:36:09.858693
loading test code = 10:36:09.858705
start = 10:36:09.863602
loaded input_output = 10:36:09.864848
loading test code = 10:36:09.864862
start = 10:36:09.483184
loaded input_output = 10:36:09.533906
loading test code = 10:36:09.533943
start = 10:36:07.541004
loaded input_output = 10:36:07.613673
loading test code = 10:36:07.613701
start = 10:36:10.140089
loaded input_output = 10:36:10.140467
loading test code = 10:36:10.140479
start = 10:36:10.134518
loaded input_output = 10:36:10.134840
loading test code = 10:36:10.134851
start = 10:36:10.286792
loaded input_output = 10:36:10.287097
loading test code = 10:36:10.287106
start = 10:36:09.237891
loaded input_output = 10:36:09.283308
loading test code = 10:36:09.283357
start = 10:36:06.982016
loaded input_output = 10:36:07.069311
loading test code = 10:36:07.069353
start = 10:36:10.555397
loaded input_output = 10:36:10.555755
loading test code = 10:36:10.555765
start = 10:36:10.144246
loaded input_output = 10:36:10.166793
loading test code = 10:36:10.166833
start = 10:36:10.742653
loaded input_output = 10:36:10.743120
loading test code = 10:36:10.743143
start = 10:36:10.398577
loaded input_output = 10:36:10.460351
loading test code = 10:36:10.460384
start = 10:36:10.838909
loaded input_output = 10:36:10.839241
loading test code = 10:36:10.839255
start = 10:36:10.822183
loaded input_output = 10:36:10.830907
loading test code = 10:36:10.830940
start = 10:36:11.062253
loaded input_output = 10:36:11.070025
loading test code = 10:36:11.070055
start = 10:36:10.827130
loaded input_output = 10:36:10.884024
loading test code = 10:36:10.884068
start = 10:36:11.205190
loaded input_output = 10:36:11.217752
loading test code = 10:36:11.217781
start = 10:36:11.681984
loaded input_output = 10:36:11.682898
loading test code = 10:36:11.682916
start = 10:36:11.113720
loaded input_output = 10:36:11.204742
loading test code = 10:36:11.204784
start = 10:36:10.186812
loaded input_output = 10:36:10.242038
loading test code = 10:36:10.242072
start = 10:36:11.975917
loaded input_output = 10:36:11.977306
loading test code = 10:36:11.977322
start = 10:36:11.967448
loaded input_output = 10:36:11.967773
loading test code = 10:36:11.967784
start = 10:36:09.675364
loaded input_output = 10:36:09.717870
loading test code = 10:36:09.717906
start = 10:36:11.537710
loaded input_output = 10:36:11.584321
loading test code = 10:36:11.584358
start = 10:36:12.183017
loaded input_output = 10:36:12.183652
loading test code = 10:36:12.183663
start = 10:36:12.259049
loaded input_output = 10:36:12.259399
loading test code = 10:36:12.259411
start = 10:36:12.302725
loaded input_output = 10:36:12.303358
loading test code = 10:36:12.303367
start = 10:36:12.365036
loaded input_output = 10:36:12.365382
loading test code = 10:36:12.365391
start = 10:36:12.429143
loaded input_output = 10:36:12.429484
loading test code = 10:36:12.429494
start = 10:36:12.636848
loaded input_output = 10:36:12.637201
loading test code = 10:36:12.637217
start = 10:36:12.510994
loaded input_output = 10:36:12.514632
loading test code = 10:36:12.514649
start = 10:36:12.723803
loaded input_output = 10:36:12.724126
loading test code = 10:36:12.724136
start = 10:36:06.731244
loaded input_output = 10:36:06.731585
loading test code = 10:36:06.731597
timeout occured: alarm went off
start = 10:36:12.458357
loaded input_output = 10:36:12.500170
loading test code = 10:36:12.500204
start = 10:36:12.642663
loaded input_output = 10:36:12.714260
loading test code = 10:36:12.714293
start = 10:36:06.918858
loaded input_output = 10:36:06.922264
loading test code = 10:36:06.922285
timeout occured: alarm went off
start = 10:36:12.941183
loaded input_output = 10:36:12.941483
loading test code = 10:36:12.941492
start = 10:36:12.939625
loaded input_output = 10:36:12.939951
loading test code = 10:36:12.939960
start = 10:36:11.414698
loaded input_output = 10:36:11.458561
loading test code = 10:36:11.458599
start = 10:36:13.120279
loaded input_output = 10:36:13.120608
loading test code = 10:36:13.120618
start = 10:36:13.173478
loaded input_output = 10:36:13.174109
loading test code = 10:36:13.174125
start = 10:36:13.183733
loaded input_output = 10:36:13.184923
loading test code = 10:36:13.184940
start = 10:36:13.215448
loaded input_output = 10:36:13.215771
loading test code = 10:36:13.215788
start = 10:36:13.332326
loaded input_output = 10:36:13.339266
loading test code = 10:36:13.339301
start = 10:36:13.491010
loaded input_output = 10:36:13.491407
loading test code = 10:36:13.491418
start = 10:36:13.498948
loaded input_output = 10:36:13.499280
loading test code = 10:36:13.499289
start = 10:36:13.513441
loaded input_output = 10:36:13.513755
loading test code = 10:36:13.513770
start = 10:36:13.168635
loaded input_output = 10:36:13.243591
loading test code = 10:36:13.243629
start = 10:36:13.772993
loaded input_output = 10:36:13.773723
loading test code = 10:36:13.773735
start = 10:36:07.645380
loaded input_output = 10:36:07.669343
loading test code = 10:36:07.669386
timeout occured: alarm went off
start = 10:36:13.775678
loaded input_output = 10:36:13.844769
loading test code = 10:36:13.844797
start = 10:36:13.573797
loaded input_output = 10:36:13.574085
loading test code = 10:36:13.574096
start = 10:36:13.943002
loaded input_output = 10:36:13.945760
loading test code = 10:36:13.945777
start = 10:36:14.056133
loaded input_output = 10:36:14.057337
loading test code = 10:36:14.057349
start = 10:36:13.365292
loaded input_output = 10:36:13.367806
loading test code = 10:36:13.367827
start = 10:36:14.127502
loaded input_output = 10:36:14.127820
loading test code = 10:36:14.127834
start = 10:36:14.293195
loaded input_output = 10:36:14.362693
loading test code = 10:36:14.362724
start = 10:36:14.141383
loaded input_output = 10:36:14.141688
loading test code = 10:36:14.141703
start = 10:36:14.120139
loaded input_output = 10:36:14.120460
loading test code = 10:36:14.120474
start = 10:36:07.490498
loaded input_output = 10:36:07.494253
loading test code = 10:36:07.494277
start = 10:36:14.438982
loaded input_output = 10:36:14.440246
loading test code = 10:36:14.440260
start = 10:36:08.457081
loaded input_output = 10:36:08.462170
loading test code = 10:36:08.462196
timeout occured: alarm went off
start = 10:36:14.655985
loaded input_output = 10:36:14.656302
loading test code = 10:36:14.656311
start = 10:36:14.711444
loaded input_output = 10:36:14.711819
loading test code = 10:36:14.711830
start = 10:36:14.722751
loaded input_output = 10:36:14.723218
loading test code = 10:36:14.723227
start = 10:36:14.735920
loaded input_output = 10:36:14.800898
loading test code = 10:36:14.800934
start = 10:36:14.659406
loaded input_output = 10:36:14.659703
loading test code = 10:36:14.659712
start = 10:36:14.986995
loaded input_output = 10:36:14.987310
loading test code = 10:36:14.987320
start = 10:36:14.649621
loaded input_output = 10:36:14.649925
loading test code = 10:36:14.649936
start = 10:36:14.989619
loaded input_output = 10:36:14.993123
loading test code = 10:36:14.993140
start = 10:36:15.234560
loaded input_output = 10:36:15.234980
loading test code = 10:36:15.234990
start = 10:36:14.978088
loaded input_output = 10:36:14.978381
loading test code = 10:36:14.978396
start = 10:36:15.255616
loaded input_output = 10:36:15.255968
loading test code = 10:36:15.255983
start = 10:36:15.272194
loaded input_output = 10:36:15.272536
loading test code = 10:36:15.272546
start = 10:36:15.096118
loaded input_output = 10:36:15.096414
loading test code = 10:36:15.096424
start = 10:36:15.276741
loaded input_output = 10:36:15.277056
loading test code = 10:36:15.277069
start = 10:36:15.604518
loaded input_output = 10:36:15.605707
loading test code = 10:36:15.605720
start = 10:36:15.527569
loaded input_output = 10:36:15.612247
loading test code = 10:36:15.612284
start = 10:36:15.686678
loaded input_output = 10:36:15.687073
loading test code = 10:36:15.687084
start = 10:36:15.529016
loaded input_output = 10:36:15.529310
loading test code = 10:36:15.529319
start = 10:36:15.863060
loaded input_output = 10:36:15.863399
loading test code = 10:36:15.863409
start = 10:36:15.906870
loaded input_output = 10:36:15.907209
loading test code = 10:36:15.907217
start = 10:36:15.864115
loaded input_output = 10:36:15.864525
loading test code = 10:36:15.864533
start = 10:36:13.000432
loaded input_output = 10:36:13.046594
loading test code = 10:36:13.046634
start = 10:36:16.131008
loaded input_output = 10:36:16.131337
loading test code = 10:36:16.131351
start = 10:36:09.993095
loaded input_output = 10:36:10.040548
loading test code = 10:36:10.040585
timeout occured: alarm went off
start = 10:36:16.401237
loaded input_output = 10:36:16.401582
loading test code = 10:36:16.401591
start = 10:36:16.165535
loaded input_output = 10:36:16.165947
loading test code = 10:36:16.165960
start = 10:36:16.517740
loaded input_output = 10:36:16.522348
loading test code = 10:36:16.522378
start = 10:36:16.665515
loaded input_output = 10:36:16.665997
loading test code = 10:36:16.666008
start = 10:36:16.662352
loaded input_output = 10:36:16.662730
loading test code = 10:36:16.662753
start = 10:36:16.633551
loaded input_output = 10:36:16.787342
loading test code = 10:36:16.787376
start = 10:36:16.936225
loaded input_output = 10:36:16.937386
loading test code = 10:36:16.937401
start = 10:36:16.948620
loaded input_output = 10:36:16.980819
loading test code = 10:36:16.980859
start = 10:36:17.060528
loaded input_output = 10:36:17.061013
loading test code = 10:36:17.061023
start = 10:36:17.214821
loaded input_output = 10:36:17.216124
loading test code = 10:36:17.216137
start = 10:36:17.328908
loaded input_output = 10:36:17.329256
loading test code = 10:36:17.329266
start = 10:36:17.232937
loaded input_output = 10:36:17.233232
loading test code = 10:36:17.233244
start = 10:36:17.454775
loaded input_output = 10:36:17.455169
loading test code = 10:36:17.455179
start = 10:36:17.758562
loaded input_output = 10:36:17.823309
loading test code = 10:36:17.823344
start = 10:36:11.126673
loaded input_output = 10:36:11.206383
loading test code = 10:36:11.206420
timeout occured: alarm went off
start = 10:36:10.443376
loaded input_output = 10:36:10.488398
loading test code = 10:36:10.488441
timeout occured: alarm went off
start = 10:36:17.645777
loaded input_output = 10:36:18.045274
loading test code = 10:36:18.045312
start = 10:36:18.163833
loaded input_output = 10:36:18.164133
loading test code = 10:36:18.164143
start = 10:36:13.779546
loaded input_output = 10:36:13.779893
loading test code = 10:36:13.779910
start = 10:36:18.174057
loaded input_output = 10:36:18.174361
loading test code = 10:36:18.174371
start = 10:36:18.094553
loaded input_output = 10:36:18.094869
loading test code = 10:36:18.094880
start = 10:36:18.388217
loaded input_output = 10:36:18.388798
loading test code = 10:36:18.388808
start = 10:36:18.647506
loaded input_output = 10:36:18.647972
loading test code = 10:36:18.647984
start = 10:36:18.416300
loaded input_output = 10:36:18.416590
loading test code = 10:36:18.416599
start = 10:36:18.474206
loaded input_output = 10:36:18.474759
loading test code = 10:36:18.474773
start = 10:36:18.640151
loaded input_output = 10:36:18.753249
loading test code = 10:36:18.753279
start = 10:36:18.906203
loaded input_output = 10:36:18.906830
loading test code = 10:36:18.906842
start = 10:36:18.973913
loaded input_output = 10:36:18.975761
loading test code = 10:36:18.975779
start = 10:36:19.026564
loaded input_output = 10:36:19.026880
loading test code = 10:36:19.026890
start = 10:36:13.228456
loaded input_output = 10:36:13.228765
loading test code = 10:36:13.228775
timeout occured: alarm went off
start = 10:36:19.232966
loaded input_output = 10:36:19.234240
loading test code = 10:36:19.234256
start = 10:36:19.274905
loaded input_output = 10:36:19.277660
loading test code = 10:36:19.277682
start = 10:36:19.032908
loaded input_output = 10:36:19.033184
loading test code = 10:36:19.033193
start = 10:36:17.968230
loaded input_output = 10:36:17.968586
loading test code = 10:36:17.968599
start = 10:36:19.482042
loaded input_output = 10:36:19.482527
loading test code = 10:36:19.482538
start = 10:36:19.529559
loaded input_output = 10:36:19.529961
loading test code = 10:36:19.529970
start = 10:36:19.568313
loaded input_output = 10:36:19.568734
loading test code = 10:36:19.568747
start = 10:36:19.672707
loaded input_output = 10:36:19.673045
loading test code = 10:36:19.673055
start = 10:36:19.770467
loaded input_output = 10:36:19.773730
loading test code = 10:36:19.773748
start = 10:36:19.784028
loaded input_output = 10:36:19.785054
loading test code = 10:36:19.785074
start = 10:36:19.517435
loaded input_output = 10:36:19.517729
loading test code = 10:36:19.517739
start = 10:36:19.888512
loaded input_output = 10:36:19.888822
loading test code = 10:36:19.888832
start = 10:36:20.035654
loaded input_output = 10:36:20.036952
loading test code = 10:36:20.036965
start = 10:36:20.043082
loaded input_output = 10:36:20.044893
loading test code = 10:36:20.044909
start = 10:36:19.999163
loaded input_output = 10:36:19.999456
loading test code = 10:36:19.999465
start = 10:36:20.036899
loaded input_output = 10:36:20.037434
loading test code = 10:36:20.037445
start = 10:36:20.347063
loaded input_output = 10:36:20.347395
loading test code = 10:36:20.347405
start = 10:36:14.399629
loaded input_output = 10:36:14.407984
loading test code = 10:36:14.408009
start = 10:36:20.564431
loaded input_output = 10:36:20.571133
loading test code = 10:36:20.571155
start = 10:36:20.334717
loaded input_output = 10:36:20.335044
loading test code = 10:36:20.335053
start = 10:36:20.620774
loaded input_output = 10:36:20.643441
loading test code = 10:36:20.643477
start = 10:36:20.530156
loaded input_output = 10:36:20.530673
loading test code = 10:36:20.530682
start = 10:36:20.820141
loaded input_output = 10:36:20.820424
loading test code = 10:36:20.820435
start = 10:36:20.829969
loaded input_output = 10:36:20.830509
loading test code = 10:36:20.830522
start = 10:36:21.080302
loaded input_output = 10:36:21.080674
loading test code = 10:36:21.080683
start = 10:36:21.092192
loaded input_output = 10:36:21.092982
loading test code = 10:36:21.092993
start = 10:36:20.912234
loaded input_output = 10:36:20.912544
loading test code = 10:36:20.912554
start = 10:36:21.214160
loaded input_output = 10:36:21.259048
loading test code = 10:36:21.259086
start = 10:36:21.345147
loaded input_output = 10:36:21.345453
loading test code = 10:36:21.345462
start = 10:36:21.379602
loaded input_output = 10:36:21.380110
loading test code = 10:36:21.380120
start = 10:36:21.491536
loaded input_output = 10:36:21.492118
loading test code = 10:36:21.492134
start = 10:36:21.813119
loaded input_output = 10:36:21.814313
loading test code = 10:36:21.814323
start = 10:36:21.548419
loaded input_output = 10:36:21.548767
loading test code = 10:36:21.548776
start = 10:36:21.916583
loaded input_output = 10:36:21.917050
loading test code = 10:36:21.917064
start = 10:36:15.947684
loaded input_output = 10:36:15.948010
loading test code = 10:36:15.948020
start = 10:36:22.012793
loaded input_output = 10:36:22.013462
loading test code = 10:36:22.013471
start = 10:36:22.161509
loaded input_output = 10:36:22.162007
loading test code = 10:36:22.162018
start = 10:36:22.187803
loaded input_output = 10:36:22.190003
loading test code = 10:36:22.190018
start = 10:36:16.113399
loaded input_output = 10:36:16.113890
loading test code = 10:36:16.113903
start = 10:36:22.276669
loaded input_output = 10:36:22.277823
loading test code = 10:36:22.277833
start = 10:36:22.314691
loaded input_output = 10:36:22.319983
loading test code = 10:36:22.320007
start = 10:36:22.048371
loaded input_output = 10:36:22.048724
loading test code = 10:36:22.048736
start = 10:36:22.445553
loaded input_output = 10:36:22.446002
loading test code = 10:36:22.446012
start = 10:36:16.625536
loaded input_output = 10:36:16.626385
loading test code = 10:36:16.626400
start = 10:36:22.499714
loaded input_output = 10:36:22.501082
loading test code = 10:36:22.501097
start = 10:36:22.582708
loaded input_output = 10:36:22.583259
loading test code = 10:36:22.583275
start = 10:36:22.585906
loaded input_output = 10:36:22.673135
loading test code = 10:36:22.673170
start = 10:36:22.400760
loaded input_output = 10:36:22.401075
loading test code = 10:36:22.401084
start = 10:36:22.783656
loaded input_output = 10:36:22.783945
loading test code = 10:36:22.783953
start = 10:36:22.777162
loaded input_output = 10:36:22.777539
loading test code = 10:36:22.777548
start = 10:36:22.572186
loaded input_output = 10:36:22.904132
loading test code = 10:36:22.904168
start = 10:36:22.954101
loaded input_output = 10:36:22.965842
loading test code = 10:36:22.965883
start = 10:36:22.950325
loaded input_output = 10:36:22.950623
loading test code = 10:36:22.950633
start = 10:36:23.047292
loaded input_output = 10:36:23.047836
loading test code = 10:36:23.047847
start = 10:36:22.787551
loaded input_output = 10:36:22.787905
loading test code = 10:36:22.787916
start = 10:36:23.108568
loaded input_output = 10:36:23.108977
loading test code = 10:36:23.108987
start = 10:36:23.217404
loaded input_output = 10:36:23.217714
loading test code = 10:36:23.217726
start = 10:36:23.211088
loaded input_output = 10:36:23.211444
loading test code = 10:36:23.211454
start = 10:36:22.874574
loaded input_output = 10:36:22.875437
loading test code = 10:36:22.875449
start = 10:36:23.350383
loaded input_output = 10:36:23.350912
loading test code = 10:36:23.350927
start = 10:36:23.387402
loaded input_output = 10:36:23.390712
loading test code = 10:36:23.390736
start = 10:36:23.425872
loaded input_output = 10:36:23.429464
loading test code = 10:36:23.429484
start = 10:36:23.478056
loaded input_output = 10:36:23.478455
loading test code = 10:36:23.478465
start = 10:36:23.202539
loaded input_output = 10:36:23.202902
loading test code = 10:36:23.202919
start = 10:36:16.807640
loaded input_output = 10:36:16.808538
loading test code = 10:36:16.808548
start = 10:36:23.608520
loaded input_output = 10:36:23.626511
loading test code = 10:36:23.626542
start = 10:36:23.511739
loaded input_output = 10:36:23.631089
loading test code = 10:36:23.631125
start = 10:36:23.678526
loaded input_output = 10:36:23.679632
loading test code = 10:36:23.679652
start = 10:36:23.723234
loaded input_output = 10:36:23.723534
loading test code = 10:36:23.723548
start = 10:36:23.474212
loaded input_output = 10:36:23.474535
loading test code = 10:36:23.474545
start = 10:36:23.884734
loaded input_output = 10:36:23.885025
loading test code = 10:36:23.885035
start = 10:36:23.899246
loaded input_output = 10:36:23.900120
loading test code = 10:36:23.900136
start = 10:36:24.021867
loaded input_output = 10:36:24.022388
loading test code = 10:36:24.022401
start = 10:36:23.972010
loaded input_output = 10:36:24.011546
loading test code = 10:36:24.011579
start = 10:36:24.062946
loaded input_output = 10:36:24.063266
loading test code = 10:36:24.063278
start = 10:36:23.787219
loaded input_output = 10:36:23.787554
loading test code = 10:36:23.787567
start = 10:36:24.190716
loaded input_output = 10:36:24.191136
loading test code = 10:36:24.191149
start = 10:36:24.291569
loaded input_output = 10:36:24.292720
loading test code = 10:36:24.292733
start = 10:36:24.300688
loaded input_output = 10:36:24.315608
loading test code = 10:36:24.315640
start = 10:36:24.143055
loaded input_output = 10:36:24.312830
loading test code = 10:36:24.312863
start = 10:36:24.428850
loaded input_output = 10:36:24.480109
loading test code = 10:36:24.480166
start = 10:36:18.457003
loaded input_output = 10:36:18.465130
loading test code = 10:36:18.465156
start = 10:36:24.491642
loaded input_output = 10:36:24.493826
loading test code = 10:36:24.493848
start = 10:36:24.545516
loaded input_output = 10:36:24.546276
loading test code = 10:36:24.546287
start = 10:36:24.426286
loaded input_output = 10:36:24.544168
loading test code = 10:36:24.544198
start = 10:36:24.655299
loaded input_output = 10:36:24.657433
loading test code = 10:36:24.657448
start = 10:36:24.769151
loaded input_output = 10:36:24.769439
loading test code = 10:36:24.769448
start = 10:36:24.750599
loaded input_output = 10:36:24.751011
loading test code = 10:36:24.751029
start = 10:36:24.779521
loaded input_output = 10:36:24.841901
loading test code = 10:36:24.841933
start = 10:36:24.789203
loaded input_output = 10:36:24.789506
loading test code = 10:36:24.789520
start = 10:36:24.594511
loaded input_output = 10:36:24.896698
loading test code = 10:36:24.896732
start = 10:36:14.361518
loaded input_output = 10:36:14.418128
loading test code = 10:36:14.418164
start = 10:36:24.856937
loaded input_output = 10:36:24.857440
loading test code = 10:36:24.857451
start = 10:36:24.961420
loaded input_output = 10:36:24.961925
loading test code = 10:36:24.961939
start = 10:36:25.021966
loaded input_output = 10:36:25.022260
loading test code = 10:36:25.022269
start = 10:36:25.032357
loaded input_output = 10:36:25.033129
loading test code = 10:36:25.033141
start = 10:36:25.117835
loaded input_output = 10:36:25.118160
loading test code = 10:36:25.118175
start = 10:36:25.135748
loaded input_output = 10:36:25.136073
loading test code = 10:36:25.136087
start = 10:36:25.134144
loaded input_output = 10:36:25.134480
loading test code = 10:36:25.134497
start = 10:36:25.171761
loaded input_output = 10:36:25.180986
loading test code = 10:36:25.181021
start = 10:36:19.194762
loaded input_output = 10:36:19.195095
loading test code = 10:36:19.195106
start = 10:36:25.164584
loaded input_output = 10:36:25.221044
loading test code = 10:36:25.221078
start = 10:36:25.271285
loaded input_output = 10:36:25.271717
loading test code = 10:36:25.271728
start = 10:36:25.299358
loaded input_output = 10:36:25.302681
loading test code = 10:36:25.302710
start = 10:36:25.460187
loaded input_output = 10:36:25.462751
loading test code = 10:36:25.462768
start = 10:36:25.422545
loaded input_output = 10:36:25.427859
loading test code = 10:36:25.427892
start = 10:36:25.468878
loaded input_output = 10:36:25.472580
loading test code = 10:36:25.472602
start = 10:36:25.478587
loaded input_output = 10:36:25.480023
loading test code = 10:36:25.480036
start = 10:36:25.549874
loaded input_output = 10:36:25.550278
loading test code = 10:36:25.550294
start = 10:36:25.579911
loaded input_output = 10:36:25.581982
loading test code = 10:36:25.581995
start = 10:36:25.641248
loaded input_output = 10:36:25.647399
loading test code = 10:36:25.647423
start = 10:36:20.832132
loaded input_output = 10:36:20.879740
loading test code = 10:36:20.879785
start = 10:36:15.567749
loaded input_output = 10:36:15.725224
loading test code = 10:36:15.725264
start = 10:36:20.207487
loaded input_output = 10:36:20.209545
loading test code = 10:36:20.209562
start = 10:36:23.722473
loaded input_output = 10:36:23.722901
loading test code = 10:36:23.722913
start = 10:36:23.934393
loaded input_output = 10:36:23.934757
loading test code = 10:36:23.934773
start = 10:36:25.283810
loaded input_output = 10:36:25.284200
loading test code = 10:36:25.284210
start = 10:36:25.361902
loaded input_output = 10:36:25.363770
loading test code = 10:36:25.363786
[JUDGED] L03: pass@1=18.75% empty=7 wall=25.0s
start = 10:36:31.709738
loaded input_output = 10:36:31.710149
loading test code = 10:36:31.710159
start = 10:36:31.731936
loaded input_output = 10:36:31.732366
loading test code = 10:36:31.732381
start = 10:36:31.747812
loaded input_output = 10:36:31.748178
loading test code = 10:36:31.748189
start = 10:36:31.697607
loaded input_output = 10:36:31.713103
loading test code = 10:36:31.713129
start = 10:36:31.741220
loaded input_output = 10:36:31.741546
loading test code = 10:36:31.741559
start = 10:36:31.756249
loaded input_output = 10:36:31.756668
loading test code = 10:36:31.756695
start = 10:36:31.768929
loaded input_output = 10:36:31.769272
loading test code = 10:36:31.769281
start = 10:36:31.784255
loaded input_output = 10:36:31.784562
loading test code = 10:36:31.784579
start = 10:36:31.788071
loaded input_output = 10:36:31.788656
loading test code = 10:36:31.788676
start = 10:36:31.778613
loaded input_output = 10:36:31.779453
loading test code = 10:36:31.779464
start = 10:36:31.719955
loaded input_output = 10:36:31.745388
loading test code = 10:36:31.745417
start = 10:36:31.992941
loaded input_output = 10:36:31.993276
loading test code = 10:36:31.993287
start = 10:36:32.008186
loaded input_output = 10:36:32.008613
loading test code = 10:36:32.008630
start = 10:36:32.050187
loaded input_output = 10:36:32.051494
loading test code = 10:36:32.051506
start = 10:36:32.112637
loaded input_output = 10:36:32.113061
loading test code = 10:36:32.113077
start = 10:36:31.758832
loaded input_output = 10:36:31.803462
loading test code = 10:36:31.803501
start = 10:36:32.224203
loaded input_output = 10:36:32.224525
loading test code = 10:36:32.224534
start = 10:36:32.078788
loaded input_output = 10:36:32.104762
loading test code = 10:36:32.104799
start = 10:36:31.768499
loaded input_output = 10:36:31.800496
loading test code = 10:36:31.800535
start = 10:36:32.333377
loaded input_output = 10:36:32.333789
loading test code = 10:36:32.333805
start = 10:36:32.366188
loaded input_output = 10:36:32.366470
loading test code = 10:36:32.366478
start = 10:36:32.439628
loaded input_output = 10:36:32.439930
loading test code = 10:36:32.439943
start = 10:36:31.697315
loaded input_output = 10:36:31.737035
loading test code = 10:36:31.737083
start = 10:36:32.639682
loaded input_output = 10:36:32.640013
loading test code = 10:36:32.640022
start = 10:36:32.490552
loaded input_output = 10:36:32.504958
loading test code = 10:36:32.504993
start = 10:36:32.293106
loaded input_output = 10:36:32.348978
loading test code = 10:36:32.349012
start = 10:36:32.698907
loaded input_output = 10:36:32.705798
loading test code = 10:36:32.705835
start = 10:36:32.943206
loaded input_output = 10:36:32.943566
loading test code = 10:36:32.943576
start = 10:36:32.751118
loaded input_output = 10:36:32.776442
loading test code = 10:36:32.776482
start = 10:36:32.087733
loaded input_output = 10:36:32.163018
loading test code = 10:36:32.163072
start = 10:36:32.615970
loaded input_output = 10:36:32.697620
loading test code = 10:36:32.697660
start = 10:36:33.134173
loaded input_output = 10:36:33.134915
loading test code = 10:36:33.134927
start = 10:36:33.156725
loaded input_output = 10:36:33.157036
loading test code = 10:36:33.157046
start = 10:36:33.293558
loaded input_output = 10:36:33.294082
loading test code = 10:36:33.294093
start = 10:36:33.309305
loaded input_output = 10:36:33.309687
loading test code = 10:36:33.309704
start = 10:36:33.391691
loaded input_output = 10:36:33.392171
loading test code = 10:36:33.392191
start = 10:36:33.507020
loaded input_output = 10:36:33.517395
loading test code = 10:36:33.517428
start = 10:36:33.587665
loaded input_output = 10:36:33.590691
loading test code = 10:36:33.590708
start = 10:36:33.656835
loaded input_output = 10:36:33.657294
loading test code = 10:36:33.657304
start = 10:36:33.413935
loaded input_output = 10:36:33.444723
loading test code = 10:36:33.444764
start = 10:36:33.864648
loaded input_output = 10:36:33.865636
loading test code = 10:36:33.865648
start = 10:36:33.909148
loaded input_output = 10:36:33.911256
loading test code = 10:36:33.911272
start = 10:36:33.948730
loaded input_output = 10:36:33.949066
loading test code = 10:36:33.949079
start = 10:36:33.935613
loaded input_output = 10:36:33.935976
loading test code = 10:36:33.935985
start = 10:36:34.154030
loaded input_output = 10:36:34.154337
loading test code = 10:36:34.154347
start = 10:36:34.185801
loaded input_output = 10:36:34.186425
loading test code = 10:36:34.186437
start = 10:36:34.237424
loaded input_output = 10:36:34.237703
loading test code = 10:36:34.237710
start = 10:36:34.217143
loaded input_output = 10:36:34.244445
loading test code = 10:36:34.244480
start = 10:36:34.485415
loaded input_output = 10:36:34.487185
loading test code = 10:36:34.487203
start = 10:36:32.423717
loaded input_output = 10:36:32.500800
loading test code = 10:36:32.500840
start = 10:36:33.376229
loaded input_output = 10:36:33.436979
loading test code = 10:36:33.437022
start = 10:36:32.086294
loaded input_output = 10:36:32.148046
loading test code = 10:36:32.148086
start = 10:36:34.785608
loaded input_output = 10:36:34.786789
loading test code = 10:36:34.786807
start = 10:36:34.496571
loaded input_output = 10:36:34.536404
loading test code = 10:36:34.536446
start = 10:36:34.956949
loaded input_output = 10:36:34.957292
loading test code = 10:36:34.957302
start = 10:36:34.955280
loaded input_output = 10:36:34.956106
loading test code = 10:36:34.956121
start = 10:36:35.074544
loaded input_output = 10:36:35.074900
loading test code = 10:36:35.074913
start = 10:36:32.611636
loaded input_output = 10:36:32.676092
loading test code = 10:36:32.676133
start = 10:36:35.259435
loaded input_output = 10:36:35.259792
loading test code = 10:36:35.259804
start = 10:36:35.300060
loaded input_output = 10:36:35.300460
loading test code = 10:36:35.300471
start = 10:36:35.143015
loaded input_output = 10:36:35.163348
loading test code = 10:36:35.163391
start = 10:36:35.562423
loaded input_output = 10:36:35.562768
loading test code = 10:36:35.562788
start = 10:36:34.422102
loaded input_output = 10:36:34.468791
loading test code = 10:36:34.468833
start = 10:36:32.021378
loaded input_output = 10:36:32.106137
loading test code = 10:36:32.106201
start = 10:36:35.407808
loaded input_output = 10:36:35.461471
loading test code = 10:36:35.461515
start = 10:36:35.799729
loaded input_output = 10:36:35.800175
loading test code = 10:36:35.800190
start = 10:36:35.920853
loaded input_output = 10:36:35.921163
loading test code = 10:36:35.921173
start = 10:36:35.946594
loaded input_output = 10:36:35.955460
loading test code = 10:36:35.955492
start = 10:36:36.073316
loaded input_output = 10:36:36.080865
loading test code = 10:36:36.080890
start = 10:36:35.800673
loaded input_output = 10:36:35.856721
loading test code = 10:36:35.856760
start = 10:36:36.094752
loaded input_output = 10:36:36.189132
loading test code = 10:36:36.189171
start = 10:36:35.268726
loaded input_output = 10:36:35.320476
loading test code = 10:36:35.320524
start = 10:36:36.983507
loaded input_output = 10:36:36.984511
loading test code = 10:36:36.984525
start = 10:36:34.676245
loaded input_output = 10:36:34.738971
loading test code = 10:36:34.739013
start = 10:36:37.218079
loaded input_output = 10:36:37.218381
loading test code = 10:36:37.218402
start = 10:36:37.276768
loaded input_output = 10:36:37.278016
loading test code = 10:36:37.278028
start = 10:36:36.687823
loaded input_output = 10:36:36.737462
loading test code = 10:36:36.737502
start = 10:36:37.434224
loaded input_output = 10:36:37.434812
loading test code = 10:36:37.434827
start = 10:36:37.559646
loaded input_output = 10:36:37.560295
loading test code = 10:36:37.560304
start = 10:36:37.596394
loaded input_output = 10:36:37.596715
loading test code = 10:36:37.596724
start = 10:36:37.738330
loaded input_output = 10:36:37.738649
loading test code = 10:36:37.738658
start = 10:36:36.388771
loaded input_output = 10:36:36.430341
loading test code = 10:36:36.430372
start = 10:36:38.000757
loaded input_output = 10:36:38.001121
loading test code = 10:36:38.001137
start = 10:36:32.007407
loaded input_output = 10:36:32.011240
loading test code = 10:36:32.011268
timeout occured: alarm went off
start = 10:36:37.874280
loaded input_output = 10:36:37.877898
loading test code = 10:36:37.877914
start = 10:36:37.805181
loaded input_output = 10:36:37.838175
loading test code = 10:36:37.838219
start = 10:36:38.260069
loaded input_output = 10:36:38.260363
loading test code = 10:36:38.260373
start = 10:36:38.273251
loaded input_output = 10:36:38.273547
loading test code = 10:36:38.273560
start = 10:36:38.317044
loaded input_output = 10:36:38.317334
loading test code = 10:36:38.317343
start = 10:36:38.221782
loaded input_output = 10:36:38.290336
loading test code = 10:36:38.290380
start = 10:36:38.483181
loaded input_output = 10:36:38.483497
loading test code = 10:36:38.483508
start = 10:36:38.602304
loaded input_output = 10:36:38.603330
loading test code = 10:36:38.603345
start = 10:36:38.742898
loaded input_output = 10:36:38.743223
loading test code = 10:36:38.743235
start = 10:36:38.738809
loaded input_output = 10:36:38.739485
loading test code = 10:36:38.739497
start = 10:36:38.880635
loaded input_output = 10:36:38.880955
loading test code = 10:36:38.880965
start = 10:36:38.503008
loaded input_output = 10:36:38.565949
loading test code = 10:36:38.565981
start = 10:36:38.969668
loaded input_output = 10:36:38.976966
loading test code = 10:36:38.976993
start = 10:36:39.140590
loaded input_output = 10:36:39.140931
loading test code = 10:36:39.140941
start = 10:36:39.211991
loaded input_output = 10:36:39.212293
loading test code = 10:36:39.212304
start = 10:36:39.271460
loaded input_output = 10:36:39.271811
loading test code = 10:36:39.271821
start = 10:36:39.433737
loaded input_output = 10:36:39.434534
loading test code = 10:36:39.434551
start = 10:36:33.585061
loaded input_output = 10:36:33.590274
loading test code = 10:36:33.590297
timeout occured: alarm went off
start = 10:36:39.364734
loaded input_output = 10:36:39.365042
loading test code = 10:36:39.365052
start = 10:36:39.569800
loaded input_output = 10:36:39.623287
loading test code = 10:36:39.623326
start = 10:36:39.005182
loaded input_output = 10:36:39.007435
loading test code = 10:36:39.007457
start = 10:36:39.746556
loaded input_output = 10:36:39.746885
loading test code = 10:36:39.746896
start = 10:36:39.850043
loaded input_output = 10:36:39.852981
loading test code = 10:36:39.853002
start = 10:36:39.915123
loaded input_output = 10:36:39.916259
loading test code = 10:36:39.916274
start = 10:36:39.913336
loaded input_output = 10:36:39.913636
loading test code = 10:36:39.913646
start = 10:36:39.925932
loaded input_output = 10:36:39.926217
loading test code = 10:36:39.926228
start = 10:36:40.144208
loaded input_output = 10:36:40.207872
loading test code = 10:36:40.207908
start = 10:36:40.036554
loaded input_output = 10:36:40.036852
loading test code = 10:36:40.036862
start = 10:36:40.488552
loaded input_output = 10:36:40.489725
loading test code = 10:36:40.489737
start = 10:36:40.494007
loaded input_output = 10:36:40.494327
loading test code = 10:36:40.494337
start = 10:36:40.765772
loaded input_output = 10:36:40.766140
loading test code = 10:36:40.766153
start = 10:36:40.573563
loaded input_output = 10:36:40.573865
loading test code = 10:36:40.573875
start = 10:36:41.045452
loaded input_output = 10:36:41.045891
loading test code = 10:36:41.045901
start = 10:36:40.806592
loaded input_output = 10:36:40.806900
loading test code = 10:36:40.806909
start = 10:36:41.144517
loaded input_output = 10:36:41.202494
loading test code = 10:36:41.202531
start = 10:36:41.340829
loaded input_output = 10:36:41.344476
loading test code = 10:36:41.344498
start = 10:36:41.350010
loaded input_output = 10:36:41.350328
loading test code = 10:36:41.350336
start = 10:36:34.997377
loaded input_output = 10:36:35.041014
loading test code = 10:36:35.041054
timeout occured: alarm went off
start = 10:36:38.433878
loaded input_output = 10:36:38.494353
loading test code = 10:36:38.494384
start = 10:36:41.741707
loaded input_output = 10:36:41.742105
loading test code = 10:36:41.742123
start = 10:36:41.511438
loaded input_output = 10:36:41.511722
loading test code = 10:36:41.511731
start = 10:36:32.625120
loaded input_output = 10:36:32.629703
loading test code = 10:36:32.629733
start = 10:36:41.817449
loaded input_output = 10:36:41.817803
loading test code = 10:36:41.817815
start = 10:36:41.614601
loaded input_output = 10:36:41.614946
loading test code = 10:36:41.614959
start = 10:36:41.607632
loaded input_output = 10:36:41.607995
loading test code = 10:36:41.608004
start = 10:36:42.010272
loaded input_output = 10:36:42.010594
loading test code = 10:36:42.010606
start = 10:36:42.060323
loaded input_output = 10:36:42.060640
loading test code = 10:36:42.060651
start = 10:36:42.133087
loaded input_output = 10:36:42.133427
loading test code = 10:36:42.133435
start = 10:36:42.125116
loaded input_output = 10:36:42.126326
loading test code = 10:36:42.126339
start = 10:36:42.122058
loaded input_output = 10:36:42.202218
loading test code = 10:36:42.202253
start = 10:36:42.311130
loaded input_output = 10:36:42.311512
loading test code = 10:36:42.311537
start = 10:36:33.021762
loaded input_output = 10:36:33.022102
loading test code = 10:36:33.022113
timeout occured: alarm went off
start = 10:36:42.416521
loaded input_output = 10:36:42.416835
loading test code = 10:36:42.416846
start = 10:36:42.416491
loaded input_output = 10:36:42.416836
loading test code = 10:36:42.416846
start = 10:36:42.486279
loaded input_output = 10:36:42.486763
loading test code = 10:36:42.486772
start = 10:36:36.379317
loaded input_output = 10:36:36.392099
loading test code = 10:36:36.392134
timeout occured: alarm went off
start = 10:36:42.322746
loaded input_output = 10:36:42.323199
loading test code = 10:36:42.323213
start = 10:36:42.692592
loaded input_output = 10:36:42.697386
loading test code = 10:36:42.697409
start = 10:36:36.205283
loaded input_output = 10:36:36.281334
loading test code = 10:36:36.281375
timeout occured: alarm went off
start = 10:36:42.636899
loaded input_output = 10:36:42.637299
loading test code = 10:36:42.637309
start = 10:36:42.609294
loaded input_output = 10:36:42.609611
loading test code = 10:36:42.609621
start = 10:36:42.779515
loaded input_output = 10:36:42.931040
loading test code = 10:36:42.931088
start = 10:36:42.975461
loaded input_output = 10:36:42.975973
loading test code = 10:36:42.975983
start = 10:36:42.629355
loaded input_output = 10:36:42.629727
loading test code = 10:36:42.629740
start = 10:36:42.983607
loaded input_output = 10:36:42.983897
loading test code = 10:36:42.983908
start = 10:36:35.593481
loaded input_output = 10:36:35.633347
loading test code = 10:36:35.633379
timeout occured: alarm went off
start = 10:36:43.211912
loaded input_output = 10:36:43.212900
loading test code = 10:36:43.212910
start = 10:36:43.225166
loaded input_output = 10:36:43.226114
loading test code = 10:36:43.226130
start = 10:36:43.258248
loaded input_output = 10:36:43.259657
loading test code = 10:36:43.259671
start = 10:36:43.206408
loaded input_output = 10:36:43.254868
loading test code = 10:36:43.254901
start = 10:36:43.266150
loaded input_output = 10:36:43.266646
loading test code = 10:36:43.266657
start = 10:36:43.289804
loaded input_output = 10:36:43.290130
loading test code = 10:36:43.290139
start = 10:36:37.501125
loaded input_output = 10:36:37.501426
loading test code = 10:36:37.501437
timeout occured: alarm went off
start = 10:36:43.554141
loaded input_output = 10:36:43.554464
loading test code = 10:36:43.554474
start = 10:36:43.578859
loaded input_output = 10:36:43.579177
loading test code = 10:36:43.579186
start = 10:36:43.253061
loaded input_output = 10:36:43.253362
loading test code = 10:36:43.253373
start = 10:36:43.612263
loaded input_output = 10:36:43.612602
loading test code = 10:36:43.612618
start = 10:36:43.397479
loaded input_output = 10:36:43.397863
loading test code = 10:36:43.397875
start = 10:36:43.813458
loaded input_output = 10:36:43.814076
loading test code = 10:36:43.814090
start = 10:36:43.558996
loaded input_output = 10:36:43.559348
loading test code = 10:36:43.559363
start = 10:36:43.506854
loaded input_output = 10:36:43.952431
loading test code = 10:36:43.952469
start = 10:36:43.997085
loaded input_output = 10:36:43.997720
loading test code = 10:36:43.997734
start = 10:36:43.961121
loaded input_output = 10:36:44.075761
loading test code = 10:36:44.075800
start = 10:36:43.869531
loaded input_output = 10:36:43.869830
loading test code = 10:36:43.869839
start = 10:36:43.842015
loaded input_output = 10:36:43.842610
loading test code = 10:36:43.842621
start = 10:36:44.171554
loaded input_output = 10:36:44.173355
loading test code = 10:36:44.173372
start = 10:36:44.137245
loaded input_output = 10:36:44.137869
loading test code = 10:36:44.137880
start = 10:36:44.290184
loaded input_output = 10:36:44.290481
loading test code = 10:36:44.290490
start = 10:36:44.348645
loaded input_output = 10:36:44.348973
loading test code = 10:36:44.348984
start = 10:36:44.435165
loaded input_output = 10:36:44.435623
loading test code = 10:36:44.435639
start = 10:36:44.449628
loaded input_output = 10:36:44.451004
loading test code = 10:36:44.451027
start = 10:36:44.485682
loaded input_output = 10:36:44.485988
loading test code = 10:36:44.485997
start = 10:36:44.293473
loaded input_output = 10:36:44.293750
loading test code = 10:36:44.293759
start = 10:36:44.733329
loaded input_output = 10:36:44.734339
loading test code = 10:36:44.734350
start = 10:36:44.724352
loaded input_output = 10:36:44.724788
loading test code = 10:36:44.724799
start = 10:36:44.577640
loaded input_output = 10:36:44.578035
loading test code = 10:36:44.578048
start = 10:36:44.628749
loaded input_output = 10:36:44.629214
loading test code = 10:36:44.629224
start = 10:36:44.942848
loaded input_output = 10:36:44.943156
loading test code = 10:36:44.943168
start = 10:36:45.153308
loaded input_output = 10:36:45.154628
loading test code = 10:36:45.154638
start = 10:36:45.172617
loaded input_output = 10:36:45.174393
loading test code = 10:36:45.174410
start = 10:36:45.013112
loaded input_output = 10:36:45.013441
loading test code = 10:36:45.013455
start = 10:36:45.017579
loaded input_output = 10:36:45.018154
loading test code = 10:36:45.018163
start = 10:36:45.416618
loaded input_output = 10:36:45.416943
loading test code = 10:36:45.416955
start = 10:36:45.547614
loaded input_output = 10:36:45.548193
loading test code = 10:36:45.548207
start = 10:36:45.587578
loaded input_output = 10:36:45.594240
loading test code = 10:36:45.594259
start = 10:36:45.459423
loaded input_output = 10:36:45.459753
loading test code = 10:36:45.459767
start = 10:36:45.735588
loaded input_output = 10:36:45.757089
loading test code = 10:36:45.757120
start = 10:36:45.802722
loaded input_output = 10:36:45.803364
loading test code = 10:36:45.803377
start = 10:36:45.972721
loaded input_output = 10:36:45.973027
loading test code = 10:36:45.973039
start = 10:36:46.074846
loaded input_output = 10:36:46.075162
loading test code = 10:36:46.075172
start = 10:36:46.167264
loaded input_output = 10:36:46.167678
loading test code = 10:36:46.167689
start = 10:36:45.891631
loaded input_output = 10:36:45.943228
loading test code = 10:36:45.943265
start = 10:36:40.163585
loaded input_output = 10:36:40.175614
loading test code = 10:36:40.175651
start = 10:36:43.501144
loaded input_output = 10:36:43.571654
loading test code = 10:36:43.571695
start = 10:36:46.428745
loaded input_output = 10:36:46.429055
loading test code = 10:36:46.429065
start = 10:36:46.432809
loaded input_output = 10:36:46.433415
loading test code = 10:36:46.433426
start = 10:36:46.576861
loaded input_output = 10:36:46.577434
loading test code = 10:36:46.577445
start = 10:36:46.947414
loaded input_output = 10:36:46.948713
loading test code = 10:36:46.948725
start = 10:36:47.011726
loaded input_output = 10:36:47.012158
loading test code = 10:36:47.012170
start = 10:36:46.840076
loaded input_output = 10:36:46.840453
loading test code = 10:36:46.840465
start = 10:36:47.163215
loaded input_output = 10:36:47.163919
loading test code = 10:36:47.163928
start = 10:36:47.440649
loaded input_output = 10:36:47.441843
loading test code = 10:36:47.441859
start = 10:36:44.434949
loaded input_output = 10:36:44.438150
loading test code = 10:36:44.438169
start = 10:36:47.219967
loaded input_output = 10:36:47.220315
loading test code = 10:36:47.220335
start = 10:36:47.272966
loaded input_output = 10:36:47.273494
loading test code = 10:36:47.273504
start = 10:36:47.706641
loaded input_output = 10:36:47.711952
loading test code = 10:36:47.711972
start = 10:36:47.746063
loaded input_output = 10:36:47.746511
loading test code = 10:36:47.746520
start = 10:36:47.817502
loaded input_output = 10:36:47.818815
loading test code = 10:36:47.818832
start = 10:36:47.351303
loaded input_output = 10:36:47.353438
loading test code = 10:36:47.353452
start = 10:36:47.984797
loaded input_output = 10:36:47.985235
loading test code = 10:36:47.985252
start = 10:36:47.720189
loaded input_output = 10:36:47.720537
loading test code = 10:36:47.720546
start = 10:36:48.051683
loaded input_output = 10:36:48.125878
loading test code = 10:36:48.125911
start = 10:36:48.149246
loaded input_output = 10:36:48.149602
loading test code = 10:36:48.149609
start = 10:36:48.265969
loaded input_output = 10:36:48.266264
loading test code = 10:36:48.266276
start = 10:36:48.406419
loaded input_output = 10:36:48.406788
loading test code = 10:36:48.406801
start = 10:36:48.457011
loaded input_output = 10:36:48.457714
loading test code = 10:36:48.457723
start = 10:36:48.246115
loaded input_output = 10:36:48.246412
loading test code = 10:36:48.246421
start = 10:36:48.581663
loaded input_output = 10:36:48.596334
loading test code = 10:36:48.596374
start = 10:36:42.840015
loaded input_output = 10:36:42.840827
loading test code = 10:36:42.840838
start = 10:36:48.687128
loaded input_output = 10:36:48.687637
loading test code = 10:36:48.687648
start = 10:36:48.721590
loaded input_output = 10:36:48.722006
loading test code = 10:36:48.722020
start = 10:36:48.800758
loaded input_output = 10:36:48.801063
loading test code = 10:36:48.801074
start = 10:36:48.878229
loaded input_output = 10:36:48.878538
loading test code = 10:36:48.878547
start = 10:36:48.971755
loaded input_output = 10:36:48.972132
loading test code = 10:36:48.972142
start = 10:36:48.964650
loaded input_output = 10:36:48.967907
loading test code = 10:36:48.967928
start = 10:36:49.071913
loaded input_output = 10:36:49.072384
loading test code = 10:36:49.072394
start = 10:36:49.111387
loaded input_output = 10:36:49.114820
loading test code = 10:36:49.114838
start = 10:36:49.315245
loaded input_output = 10:36:49.334730
loading test code = 10:36:49.334774
start = 10:36:49.267431
loaded input_output = 10:36:49.390579
loading test code = 10:36:49.390612
start = 10:36:49.420794
loaded input_output = 10:36:49.421621
loading test code = 10:36:49.421631
start = 10:36:49.151183
loaded input_output = 10:36:49.151504
loading test code = 10:36:49.151517
start = 10:36:49.256303
loaded input_output = 10:36:49.256681
loading test code = 10:36:49.256694
start = 10:36:49.625664
loaded input_output = 10:36:49.625983
loading test code = 10:36:49.625992
start = 10:36:49.655861
loaded input_output = 10:36:49.656262
loading test code = 10:36:49.656272
start = 10:36:49.653968
loaded input_output = 10:36:49.654254
loading test code = 10:36:49.654264
start = 10:36:49.729734
loaded input_output = 10:36:49.730022
loading test code = 10:36:49.730031
start = 10:36:49.823497
loaded input_output = 10:36:49.824288
loading test code = 10:36:49.824299
start = 10:36:43.853523
loaded input_output = 10:36:43.861980
loading test code = 10:36:43.862006
start = 10:36:49.920587
loaded input_output = 10:36:49.920874
loading test code = 10:36:49.920884
start = 10:36:49.928604
loaded input_output = 10:36:49.967123
loading test code = 10:36:49.967164
start = 10:36:50.014222
loaded input_output = 10:36:50.014511
loading test code = 10:36:50.014522
start = 10:36:50.071623
loaded input_output = 10:36:50.071931
loading test code = 10:36:50.071941
start = 10:36:50.247332
loaded input_output = 10:36:50.248449
loading test code = 10:36:50.248460
start = 10:36:50.276341
loaded input_output = 10:36:50.294277
loading test code = 10:36:50.294320
start = 10:36:50.263543
loaded input_output = 10:36:50.320564
loading test code = 10:36:50.320600
start = 10:36:50.164577
loaded input_output = 10:36:50.363051
loading test code = 10:36:50.363091
start = 10:36:50.328013
loaded input_output = 10:36:50.428340
loading test code = 10:36:50.428375
start = 10:36:50.535175
loaded input_output = 10:36:50.537250
loading test code = 10:36:50.537266
start = 10:36:50.557998
loaded input_output = 10:36:50.558916
loading test code = 10:36:50.558939
start = 10:36:50.660396
loaded input_output = 10:36:50.662574
loading test code = 10:36:50.662589
start = 10:36:50.720452
loaded input_output = 10:36:50.720788
loading test code = 10:36:50.720798
start = 10:36:44.717938
loaded input_output = 10:36:44.721204
loading test code = 10:36:44.721217
start = 10:36:50.834100
loaded input_output = 10:36:50.834394
loading test code = 10:36:50.834405
start = 10:36:50.596380
loaded input_output = 10:36:50.861214
loading test code = 10:36:50.861254
start = 10:36:50.833950
loaded input_output = 10:36:50.900599
loading test code = 10:36:50.900634
start = 10:36:50.927532
loaded input_output = 10:36:50.927909
loading test code = 10:36:50.927921
start = 10:36:40.184924
loaded input_output = 10:36:40.235581
loading test code = 10:36:40.235615
start = 10:36:51.011981
loaded input_output = 10:36:51.012473
loading test code = 10:36:51.012487
start = 10:36:51.088552
loaded input_output = 10:36:51.088861
loading test code = 10:36:51.088870
start = 10:36:51.178882
loaded input_output = 10:36:51.179274
loading test code = 10:36:51.179285
start = 10:36:51.139437
loaded input_output = 10:36:51.140266
loading test code = 10:36:51.140277
start = 10:36:51.200744
loaded input_output = 10:36:51.212627
loading test code = 10:36:51.212658
start = 10:36:51.260838
loaded input_output = 10:36:51.261148
loading test code = 10:36:51.261157
start = 10:36:51.337910
loaded input_output = 10:36:51.338239
loading test code = 10:36:51.338248
start = 10:36:51.353271
loaded input_output = 10:36:51.412669
loading test code = 10:36:51.412705
start = 10:36:51.444977
loaded input_output = 10:36:51.445433
loading test code = 10:36:51.445445
start = 10:36:51.502340
loaded input_output = 10:36:51.502751
loading test code = 10:36:51.502761
start = 10:36:51.486711
loaded input_output = 10:36:51.489866
loading test code = 10:36:51.489888
start = 10:36:51.544612
loaded input_output = 10:36:51.546460
loading test code = 10:36:51.546476
start = 10:36:51.611752
loaded input_output = 10:36:51.615412
loading test code = 10:36:51.615432
start = 10:36:51.723404
loaded input_output = 10:36:51.728655
loading test code = 10:36:51.728676
start = 10:36:51.761537
loaded input_output = 10:36:51.764377
loading test code = 10:36:51.764397
start = 10:36:51.787852
loaded input_output = 10:36:51.789248
loading test code = 10:36:51.789263
start = 10:36:51.830819
loaded input_output = 10:36:51.833032
loading test code = 10:36:51.833049
start = 10:36:51.829939
loaded input_output = 10:36:51.830342
loading test code = 10:36:51.830353
start = 10:36:51.900234
loaded input_output = 10:36:51.906590
loading test code = 10:36:51.906623
start = 10:36:42.122333
loaded input_output = 10:36:42.274385
loading test code = 10:36:42.274419
start = 10:36:46.332837
loaded input_output = 10:36:46.333604
loading test code = 10:36:46.333616
start = 10:36:46.355871
loaded input_output = 10:36:46.406956
loading test code = 10:36:46.406992
start = 10:36:45.295657
loaded input_output = 10:36:45.297686
loading test code = 10:36:45.297700
start = 10:36:48.128487
loaded input_output = 10:36:48.464036
loading test code = 10:36:48.464069
start = 10:36:51.000122
loaded input_output = 10:36:51.000589
loading test code = 10:36:51.000599
start = 10:36:49.993345
loaded input_output = 10:36:49.993892
loading test code = 10:36:49.993905
[JUDGED] L04: pass@1=17.36% empty=6 wall=306.5s
global timeout
