/home/szw/micromamba/envs/exp/lib/python3.10/site-packages/torch/cuda/__init__.py:61: FutureWarning: The pynvml package is deprecated. Please install nvidia-ml-py instead. If you did not install pynvml directly, please report this to the maintainers of the package that installed pynvml for you.
  import pynvml  # type: ignore[import]
=== Energy Round ===
Device: cuda:2
Output: /home/szw/efficient-codegen-exp/results/energy_round
Only: ['P01', 'P02', 'P03', 'P04', 'P05', 'P06', 'P07', 'P08', 'P09']


============================================================
Config: P01
  Model: /home/szw/efficient-codegen-exp/models/Qwen2.5-Coder-0.5B-Instruct
  Precision: fp16, Decoding: standard, Sampling: greedy
============================================================
Loading model...
`torch_dtype` is deprecated! Use `dtype` instead!
Loading weights:   0%|          | 0/290 [00:00<?, ?it/s]Loading weights:   0%|          | 1/290 [00:00<00:52,  5.53it/s]Loading weights:  26%|██▌       | 76/290 [00:00<00:00, 323.32it/s]Loading weights:  51%|█████     | 148/290 [00:00<00:00, 465.44it/s]Loading weights:  77%|███████▋  | 224/290 [00:00<00:00, 566.87it/s]Loading weights: 100%|█████████▉| 289/290 [00:00<00:00, 588.77it/s]Loading weights: 100%|██████████| 290/290 [00:00<00:00, 486.00it/s]
Warning: You are sending unauthenticated requests to the HF Hub. Please set a HF_TOKEN to enable higher rate limits and faster downloads.
Loaded 164 HumanEval problems
The following generation flags are not valid and may be ignored: ['temperature', 'top_p', 'top_k']. Set `TRANSFORMERS_VERBOSITY=info` for more details.
  [  1/164] HumanEval/0: PASS (21429ms, 512 tok)
  [  2/164] HumanEval/1: PASS (20925ms, 512 tok)
  [  3/164] HumanEval/2: PASS (4106ms, 100 tok)
  [  4/164] HumanEval/3: PASS (9969ms, 244 tok)
  [  5/164] HumanEval/4: PASS (19334ms, 474 tok)
  [  6/164] HumanEval/5: FAIL (3809ms, 93 tok)
  [  7/164] HumanEval/6: PASS (15984ms, 392 tok)
  [  8/164] HumanEval/7: PASS (8286ms, 203 tok)
  [  9/164] HumanEval/8: PASS (9647ms, 272 tok)
  [ 10/164] HumanEval/9: PASS (16298ms, 512 tok)
  [ 11/164] HumanEval/10: FAIL (6950ms, 218 tok)
  [ 12/164] HumanEval/11: PASS (11618ms, 365 tok)
  [ 13/164] HumanEval/12: PASS (16287ms, 512 tok)
  [ 14/164] HumanEval/13: PASS (3822ms, 119 tok)
  [ 15/164] HumanEval/14: FAIL (16328ms, 512 tok)
  [ 16/164] HumanEval/15: PASS (6659ms, 209 tok)
  [ 17/164] HumanEval/16: PASS (5460ms, 171 tok)
  [ 18/164] HumanEval/17: FAIL (16279ms, 512 tok)
  [ 19/164] HumanEval/18: PASS (6250ms, 196 tok)
  [ 20/164] HumanEval/19: FAIL (11487ms, 361 tok)
  [ 21/164] HumanEval/20: PASS (14415ms, 453 tok)
  [ 22/164] HumanEval/21: PASS (16288ms, 512 tok)
  [ 23/164] HumanEval/22: PASS (7580ms, 238 tok)
  [ 24/164] HumanEval/23: PASS (3999ms, 125 tok)
  [ 25/164] HumanEval/24: PASS (10695ms, 336 tok)
  [ 26/164] HumanEval/25: PASS (4628ms, 145 tok)
  [ 27/164] HumanEval/26: FAIL (9332ms, 293 tok)
  [ 28/164] HumanEval/27: FAIL (6350ms, 199 tok)
  [ 29/164] HumanEval/28: PASS (5452ms, 171 tok)
  [ 30/164] HumanEval/29: PASS (6283ms, 197 tok)
  [ 31/164] HumanEval/30: PASS (6179ms, 194 tok)
  [ 32/164] HumanEval/31: PASS (7045ms, 221 tok)
  [ 33/164] HumanEval/32: FAIL (16295ms, 512 tok)
  [ 34/164] HumanEval/33: FAIL (10705ms, 336 tok)
  [ 35/164] HumanEval/34: PASS (16313ms, 512 tok)
  [ 36/164] HumanEval/35: PASS (16322ms, 512 tok)
  [ 37/164] HumanEval/36: FAIL (8936ms, 280 tok)
  [ 38/164] HumanEval/37: FAIL (8457ms, 265 tok)
  [ 39/164] HumanEval/38: FAIL (8889ms, 279 tok)
  [ 40/164] HumanEval/39: FAIL (8416ms, 264 tok)
  [ 41/164] HumanEval/40: FAIL (8982ms, 282 tok)
  [ 42/164] HumanEval/41: PASS (5359ms, 168 tok)
  [ 43/164] HumanEval/42: PASS (7510ms, 236 tok)
  [ 44/164] HumanEval/43: PASS (8914ms, 280 tok)
  [ 45/164] HumanEval/44: PASS (3922ms, 123 tok)
  [ 46/164] HumanEval/45: PASS (8908ms, 277 tok)
  [ 47/164] HumanEval/46: PASS (8907ms, 266 tok)
  [ 48/164] HumanEval/47: FAIL (3894ms, 118 tok)
  [ 49/164] HumanEval/48: PASS (3524ms, 112 tok)
  [ 50/164] HumanEval/49: FAIL (8399ms, 268 tok)
  [ 51/164] HumanEval/50: FAIL (7681ms, 240 tok)
  [ 52/164] HumanEval/51: PASS (7950ms, 237 tok)
  [ 53/164] HumanEval/52: PASS (16211ms, 512 tok)
  [ 54/164] HumanEval/53: PASS (9478ms, 301 tok)
  [ 55/164] HumanEval/54: PASS (5783ms, 183 tok)
  [ 56/164] HumanEval/55: PASS (3038ms, 96 tok)
  [ 57/164] HumanEval/56: PASS (7099ms, 225 tok)
  [ 58/164] HumanEval/57: PASS (7035ms, 223 tok)
  [ 59/164] HumanEval/58: PASS (5615ms, 178 tok)
  [ 60/164] HumanEval/59: PASS (12756ms, 405 tok)
  [ 61/164] HumanEval/60: PASS (7128ms, 226 tok)
  [ 62/164] HumanEval/61: PASS (7923ms, 251 tok)
  [ 63/164] HumanEval/62: PASS (5112ms, 162 tok)
  [ 64/164] HumanEval/63: FAIL (7795ms, 247 tok)
  [ 65/164] HumanEval/64: PASS (6847ms, 217 tok)
  [ 66/164] HumanEval/65: FAIL (9518ms, 302 tok)
  [ 67/164] HumanEval/66: PASS (7283ms, 231 tok)
  [ 68/164] HumanEval/67: PASS (8240ms, 260 tok)
  [ 69/164] HumanEval/68: FAIL (8531ms, 271 tok)
  [ 70/164] HumanEval/69: FAIL (2946ms, 93 tok)
  [ 71/164] HumanEval/70: PASS (12713ms, 403 tok)
  [ 72/164] HumanEval/71: FAIL (8397ms, 266 tok)
  [ 73/164] HumanEval/72: FAIL (9897ms, 314 tok)
  [ 74/164] HumanEval/73: PASS (5064ms, 160 tok)
  [ 75/164] HumanEval/74: FAIL (12085ms, 383 tok)
  [ 76/164] HumanEval/75: FAIL (4275ms, 135 tok)
  [ 77/164] HumanEval/76: PASS (8150ms, 258 tok)
  [ 78/164] HumanEval/77: FAIL (6546ms, 194 tok)
  [ 79/164] HumanEval/78: FAIL (5130ms, 153 tok)
  [ 80/164] HumanEval/79: FAIL (8819ms, 263 tok)
  [ 81/164] HumanEval/80: FAIL (8736ms, 260 tok)
  [ 82/164] HumanEval/81: PASS (17164ms, 512 tok)
  [ 83/164] HumanEval/82: PASS (17176ms, 512 tok)
  [ 84/164] HumanEval/83: FAIL (7987ms, 238 tok)
  [ 85/164] HumanEval/84: FAIL (8207ms, 245 tok)
  [ 86/164] HumanEval/85: PASS (7039ms, 210 tok)
  [ 87/164] HumanEval/86: FAIL (8242ms, 246 tok)
  [ 88/164] HumanEval/87: FAIL (7830ms, 242 tok)
  [ 89/164] HumanEval/88: FAIL (5330ms, 168 tok)
  [ 90/164] HumanEval/89: FAIL (8068ms, 254 tok)
  [ 91/164] HumanEval/90: FAIL (8844ms, 279 tok)
  [ 92/164] HumanEval/91: FAIL (8870ms, 280 tok)
  [ 93/164] HumanEval/92: FAIL (3180ms, 100 tok)
  [ 94/164] HumanEval/93: FAIL (9026ms, 285 tok)
  [ 95/164] HumanEval/94: PASS (12757ms, 404 tok)
  [ 96/164] HumanEval/95: FAIL (8232ms, 260 tok)
  [ 97/164] HumanEval/96: PASS (11236ms, 355 tok)
  [ 98/164] HumanEval/97: PASS (6649ms, 210 tok)
  [ 99/164] HumanEval/98: FAIL (6527ms, 206 tok)
  [100/164] HumanEval/99: FAIL (8037ms, 254 tok)
  [101/164] HumanEval/100: FAIL (8464ms, 267 tok)
  [102/164] HumanEval/101: FAIL (8134ms, 255 tok)
  [103/164] HumanEval/102: FAIL (5537ms, 169 tok)
  [104/164] HumanEval/103: FAIL (6508ms, 204 tok)
  [105/164] HumanEval/104: FAIL (8942ms, 282 tok)
  [106/164] HumanEval/105: FAIL (13646ms, 431 tok)
  [107/164] HumanEval/106: FAIL (8220ms, 259 tok)
  [108/164] HumanEval/107: PASS (7807ms, 246 tok)
  [109/164] HumanEval/108: FAIL (6123ms, 193 tok)
  [110/164] HumanEval/109: FAIL (8874ms, 280 tok)
  [111/164] HumanEval/110: PASS (8896ms, 281 tok)
  [112/164] HumanEval/111: FAIL (12318ms, 390 tok)
  [113/164] HumanEval/112: FAIL (2328ms, 73 tok)
  [114/164] HumanEval/113: PASS (8701ms, 275 tok)
  [115/164] HumanEval/114: PASS (6555ms, 207 tok)
  [116/164] HumanEval/115: FAIL (10989ms, 348 tok)
  [117/164] HumanEval/116: PASS (7664ms, 242 tok)
  [118/164] HumanEval/117: FAIL (9920ms, 314 tok)
  [119/164] HumanEval/118: FAIL (7805ms, 247 tok)
  [120/164] HumanEval/119: FAIL (5350ms, 169 tok)
  [121/164] HumanEval/120: FAIL (3992ms, 126 tok)
  [122/164] HumanEval/121: PASS (5894ms, 186 tok)
  [123/164] HumanEval/122: PASS (8789ms, 278 tok)
  [124/164] HumanEval/123: FAIL (9711ms, 307 tok)
  [125/164] HumanEval/124: FAIL (12380ms, 392 tok)
  [126/164] HumanEval/125: FAIL (5828ms, 184 tok)
  [127/164] HumanEval/126: FAIL (7427ms, 235 tok)
  [128/164] HumanEval/127: FAIL (4932ms, 156 tok)
  [129/164] HumanEval/128: FAIL (6176ms, 195 tok)
  [130/164] HumanEval/129: FAIL (12478ms, 394 tok)
  [131/164] HumanEval/130: FAIL (8880ms, 281 tok)
  [132/164] HumanEval/131: PASS (5683ms, 179 tok)
  [133/164] HumanEval/132: FAIL (6244ms, 197 tok)
  [134/164] HumanEval/133: FAIL (6055ms, 191 tok)
  [135/164] HumanEval/134: FAIL (8150ms, 257 tok)
  [136/164] HumanEval/135: FAIL (2706ms, 85 tok)
  [137/164] HumanEval/136: PASS (8314ms, 262 tok)
  [138/164] HumanEval/137: FAIL (5959ms, 188 tok)
  [139/164] HumanEval/138: FAIL (4599ms, 145 tok)
  [140/164] HumanEval/139: FAIL (6276ms, 198 tok)
  [141/164] HumanEval/140: FAIL (7450ms, 235 tok)
  [142/164] HumanEval/141: FAIL (10860ms, 343 tok)
  [143/164] HumanEval/142: PASS (4087ms, 129 tok)
  [144/164] HumanEval/143: PASS (9794ms, 309 tok)
  [145/164] HumanEval/144: PASS (8457ms, 267 tok)
  [146/164] HumanEval/145: FAIL (7950ms, 251 tok)
  [147/164] HumanEval/146: FAIL (8967ms, 283 tok)
  [148/164] HumanEval/147: FAIL (16242ms, 512 tok)
  [149/164] HumanEval/148: FAIL (10573ms, 334 tok)
  [150/164] HumanEval/149: PASS (8225ms, 259 tok)
  [151/164] HumanEval/150: FAIL (5144ms, 162 tok)
  [152/164] HumanEval/151: FAIL (7811ms, 246 tok)
  [153/164] HumanEval/152: PASS (9367ms, 296 tok)
  [154/164] HumanEval/153: FAIL (6547ms, 207 tok)
  [155/164] HumanEval/154: FAIL (6953ms, 220 tok)
  [156/164] HumanEval/155: FAIL (6554ms, 207 tok)
  [157/164] HumanEval/156: FAIL (11291ms, 357 tok)
  [158/164] HumanEval/157: PASS (7316ms, 231 tok)
  [159/164] HumanEval/158: FAIL (16206ms, 512 tok)
  [160/164] HumanEval/159: FAIL (6674ms, 210 tok)
  [161/164] HumanEval/160: FAIL (16202ms, 512 tok)
  [162/164] HumanEval/161: PASS (5673ms, 179 tok)
  [163/164] HumanEval/162: FAIL (16211ms, 512 tok)
  [164/164] HumanEval/163: FAIL (9791ms, 309 tok)

  pass@1: 45.1%
  Mean latency: 8741ms
  ms/token: 32.3
  Tokens/sec: 31.0
  Peak GPU memory: 992 MB
  Energy/req: 562.72 J, Energy/tok: 2086.89 mJ
  Saved to /home/szw/efficient-codegen-exp/results/energy_round/pareto/P01.json

============================================================
Config: P02
  Model: /home/szw/efficient-codegen-exp/models/Qwen2.5-Coder-0.5B-Instruct
  Precision: int8, Decoding: standard, Sampling: greedy
============================================================
Loading model...
/home/szw/micromamba/envs/exp/lib/python3.10/site-packages/torch/cuda/__init__.py:61: FutureWarning: The pynvml package is deprecated. Please install nvidia-ml-py instead. If you did not install pynvml directly, please report this to the maintainers of the package that installed pynvml for you.
  import pynvml  # type: ignore[import]
Loading weights:   0%|          | 0/290 [00:00<?, ?it/s]Loading weights:   2%|▏         | 5/290 [00:00<00:06, 45.25it/s]Loading weights:  13%|█▎        | 39/290 [00:00<00:01, 203.09it/s]Loading weights:  22%|██▏       | 65/290 [00:00<00:01, 219.50it/s]Loading weights:  34%|███▍      | 99/290 [00:00<00:00, 262.24it/s]Loading weights:  43%|████▎     | 126/290 [00:00<00:00, 257.85it/s]Loading weights:  52%|█████▏    | 152/290 [00:00<00:00, 247.06it/s]Loading weights:  61%|██████    | 177/290 [00:00<00:00, 239.65it/s]Loading weights:  70%|███████   | 203/290 [00:00<00:00, 244.79it/s]Loading weights:  79%|███████▊  | 228/290 [00:01<00:00, 199.52it/s]Loading weights:  86%|████████▌ | 250/290 [00:01<00:00, 171.28it/s]Loading weights:  93%|█████████▎| 269/290 [00:01<00:00, 154.89it/s]Loading weights: 100%|██████████| 290/290 [00:01<00:00, 197.68it/s]
Loaded 164 HumanEval problems
/home/szw/micromamba/envs/exp/lib/python3.10/site-packages/bitsandbytes/autograd/_functions.py:123: UserWarning: MatMul8bitLt: inputs will be cast from torch.bfloat16 to float16 during quantization
  warnings.warn(f"MatMul8bitLt: inputs will be cast from {A.dtype} to float16 during quantization")
  [  1/164] HumanEval/0: PASS (76644ms, 512 tok)
/home/szw/micromamba/envs/exp/lib/python3.10/site-packages/bitsandbytes/autograd/_functions.py:123: UserWarning: MatMul8bitLt: inputs will be cast from torch.bfloat16 to float16 during quantization
  warnings.warn(f"MatMul8bitLt: inputs will be cast from {A.dtype} to float16 during quantization")
  [  2/164] HumanEval/1: PASS (75868ms, 512 tok)
/home/szw/micromamba/envs/exp/lib/python3.10/site-packages/bitsandbytes/autograd/_functions.py:123: UserWarning: MatMul8bitLt: inputs will be cast from torch.bfloat16 to float16 during quantization
  warnings.warn(f"MatMul8bitLt: inputs will be cast from {A.dtype} to float16 during quantization")
  [  3/164] HumanEval/2: PASS (14855ms, 100 tok)
/home/szw/micromamba/envs/exp/lib/python3.10/site-packages/bitsandbytes/autograd/_functions.py:123: UserWarning: MatMul8bitLt: inputs will be cast from torch.bfloat16 to float16 during quantization
  warnings.warn(f"MatMul8bitLt: inputs will be cast from {A.dtype} to float16 during quantization")
  [  4/164] HumanEval/3: PASS (36265ms, 244 tok)
/home/szw/micromamba/envs/exp/lib/python3.10/site-packages/bitsandbytes/autograd/_functions.py:123: UserWarning: MatMul8bitLt: inputs will be cast from torch.bfloat16 to float16 during quantization
  warnings.warn(f"MatMul8bitLt: inputs will be cast from {A.dtype} to float16 during quantization")
  [  5/164] HumanEval/4: PASS (69413ms, 468 tok)
/home/szw/micromamba/envs/exp/lib/python3.10/site-packages/bitsandbytes/autograd/_functions.py:123: UserWarning: MatMul8bitLt: inputs will be cast from torch.bfloat16 to float16 during quantization
  warnings.warn(f"MatMul8bitLt: inputs will be cast from {A.dtype} to float16 during quantization")
  [  6/164] HumanEval/5: FAIL (25788ms, 174 tok)
/home/szw/micromamba/envs/exp/lib/python3.10/site-packages/bitsandbytes/autograd/_functions.py:123: UserWarning: MatMul8bitLt: inputs will be cast from torch.bfloat16 to float16 during quantization
  warnings.warn(f"MatMul8bitLt: inputs will be cast from {A.dtype} to float16 during quantization")
  [  7/164] HumanEval/6: PASS (58237ms, 392 tok)
/home/szw/micromamba/envs/exp/lib/python3.10/site-packages/bitsandbytes/autograd/_functions.py:123: UserWarning: MatMul8bitLt: inputs will be cast from torch.bfloat16 to float16 during quantization
  warnings.warn(f"MatMul8bitLt: inputs will be cast from {A.dtype} to float16 during quantization")
  [  8/164] HumanEval/7: PASS (30676ms, 207 tok)
/home/szw/micromamba/envs/exp/lib/python3.10/site-packages/bitsandbytes/autograd/_functions.py:123: UserWarning: MatMul8bitLt: inputs will be cast from torch.bfloat16 to float16 during quantization
  warnings.warn(f"MatMul8bitLt: inputs will be cast from {A.dtype} to float16 during quantization")
  [  9/164] HumanEval/8: PASS (37269ms, 251 tok)
/home/szw/micromamba/envs/exp/lib/python3.10/site-packages/bitsandbytes/autograd/_functions.py:123: UserWarning: MatMul8bitLt: inputs will be cast from torch.bfloat16 to float16 during quantization
  warnings.warn(f"MatMul8bitLt: inputs will be cast from {A.dtype} to float16 during quantization")
  [ 10/164] HumanEval/9: FAIL (76034ms, 512 tok)
/home/szw/micromamba/envs/exp/lib/python3.10/site-packages/bitsandbytes/autograd/_functions.py:123: UserWarning: MatMul8bitLt: inputs will be cast from torch.bfloat16 to float16 during quantization
  warnings.warn(f"MatMul8bitLt: inputs will be cast from {A.dtype} to float16 during quantization")
  [ 11/164] HumanEval/10: FAIL (32205ms, 217 tok)
/home/szw/micromamba/envs/exp/lib/python3.10/site-packages/bitsandbytes/autograd/_functions.py:123: UserWarning: MatMul8bitLt: inputs will be cast from torch.bfloat16 to float16 during quantization
  warnings.warn(f"MatMul8bitLt: inputs will be cast from {A.dtype} to float16 during quantization")
  [ 12/164] HumanEval/11: PASS (45930ms, 309 tok)
/home/szw/micromamba/envs/exp/lib/python3.10/site-packages/bitsandbytes/autograd/_functions.py:123: UserWarning: MatMul8bitLt: inputs will be cast from torch.bfloat16 to float16 during quantization
  warnings.warn(f"MatMul8bitLt: inputs will be cast from {A.dtype} to float16 during quantization")
  [ 13/164] HumanEval/12: PASS (75837ms, 512 tok)
/home/szw/micromamba/envs/exp/lib/python3.10/site-packages/bitsandbytes/autograd/_functions.py:123: UserWarning: MatMul8bitLt: inputs will be cast from torch.bfloat16 to float16 during quantization
  warnings.warn(f"MatMul8bitLt: inputs will be cast from {A.dtype} to float16 during quantization")
  [ 14/164] HumanEval/13: PASS (17676ms, 119 tok)
/home/szw/micromamba/envs/exp/lib/python3.10/site-packages/bitsandbytes/autograd/_functions.py:123: UserWarning: MatMul8bitLt: inputs will be cast from torch.bfloat16 to float16 during quantization
  warnings.warn(f"MatMul8bitLt: inputs will be cast from {A.dtype} to float16 during quantization")
  [ 15/164] HumanEval/14: FAIL (76053ms, 512 tok)
/home/szw/micromamba/envs/exp/lib/python3.10/site-packages/bitsandbytes/autograd/_functions.py:123: UserWarning: MatMul8bitLt: inputs will be cast from torch.bfloat16 to float16 during quantization
  warnings.warn(f"MatMul8bitLt: inputs will be cast from {A.dtype} to float16 during quantization")
  [ 16/164] HumanEval/15: PASS (31097ms, 209 tok)
/home/szw/micromamba/envs/exp/lib/python3.10/site-packages/bitsandbytes/autograd/_functions.py:123: UserWarning: MatMul8bitLt: inputs will be cast from torch.bfloat16 to float16 during quantization
  warnings.warn(f"MatMul8bitLt: inputs will be cast from {A.dtype} to float16 during quantization")
  [ 17/164] HumanEval/16: PASS (28967ms, 195 tok)
/home/szw/micromamba/envs/exp/lib/python3.10/site-packages/bitsandbytes/autograd/_functions.py:123: UserWarning: MatMul8bitLt: inputs will be cast from torch.bfloat16 to float16 during quantization
  warnings.warn(f"MatMul8bitLt: inputs will be cast from {A.dtype} to float16 during quantization")
  [ 18/164] HumanEval/17: FAIL (76126ms, 512 tok)
/home/szw/micromamba/envs/exp/lib/python3.10/site-packages/bitsandbytes/autograd/_functions.py:123: UserWarning: MatMul8bitLt: inputs will be cast from torch.bfloat16 to float16 during quantization
  warnings.warn(f"MatMul8bitLt: inputs will be cast from {A.dtype} to float16 during quantization")
  [ 19/164] HumanEval/18: PASS (27390ms, 184 tok)
/home/szw/micromamba/envs/exp/lib/python3.10/site-packages/bitsandbytes/autograd/_functions.py:123: UserWarning: MatMul8bitLt: inputs will be cast from torch.bfloat16 to float16 during quantization
  warnings.warn(f"MatMul8bitLt: inputs will be cast from {A.dtype} to float16 during quantization")
  [ 20/164] HumanEval/19: FAIL (54501ms, 367 tok)
/home/szw/micromamba/envs/exp/lib/python3.10/site-packages/bitsandbytes/autograd/_functions.py:123: UserWarning: MatMul8bitLt: inputs will be cast from torch.bfloat16 to float16 during quantization
  warnings.warn(f"MatMul8bitLt: inputs will be cast from {A.dtype} to float16 during quantization")
  [ 21/164] HumanEval/20: PASS (68596ms, 462 tok)
/home/szw/micromamba/envs/exp/lib/python3.10/site-packages/bitsandbytes/autograd/_functions.py:123: UserWarning: MatMul8bitLt: inputs will be cast from torch.bfloat16 to float16 during quantization
  warnings.warn(f"MatMul8bitLt: inputs will be cast from {A.dtype} to float16 during quantization")
  [ 22/164] HumanEval/21: PASS (76007ms, 512 tok)
/home/szw/micromamba/envs/exp/lib/python3.10/site-packages/bitsandbytes/autograd/_functions.py:123: UserWarning: MatMul8bitLt: inputs will be cast from torch.bfloat16 to float16 during quantization
  warnings.warn(f"MatMul8bitLt: inputs will be cast from {A.dtype} to float16 during quantization")
  [ 23/164] HumanEval/22: PASS (37122ms, 250 tok)
/home/szw/micromamba/envs/exp/lib/python3.10/site-packages/bitsandbytes/autograd/_functions.py:123: UserWarning: MatMul8bitLt: inputs will be cast from torch.bfloat16 to float16 during quantization
  warnings.warn(f"MatMul8bitLt: inputs will be cast from {A.dtype} to float16 during quantization")
  [ 24/164] HumanEval/23: PASS (18259ms, 123 tok)
/home/szw/micromamba/envs/exp/lib/python3.10/site-packages/bitsandbytes/autograd/_functions.py:123: UserWarning: MatMul8bitLt: inputs will be cast from torch.bfloat16 to float16 during quantization
  warnings.warn(f"MatMul8bitLt: inputs will be cast from {A.dtype} to float16 during quantization")
  [ 25/164] HumanEval/24: PASS (44568ms, 301 tok)
/home/szw/micromamba/envs/exp/lib/python3.10/site-packages/bitsandbytes/autograd/_functions.py:123: UserWarning: MatMul8bitLt: inputs will be cast from torch.bfloat16 to float16 during quantization
  warnings.warn(f"MatMul8bitLt: inputs will be cast from {A.dtype} to float16 during quantization")
  [ 26/164] HumanEval/25: PASS (21552ms, 145 tok)
/home/szw/micromamba/envs/exp/lib/python3.10/site-packages/bitsandbytes/autograd/_functions.py:123: UserWarning: MatMul8bitLt: inputs will be cast from torch.bfloat16 to float16 during quantization
  warnings.warn(f"MatMul8bitLt: inputs will be cast from {A.dtype} to float16 during quantization")
  [ 27/164] HumanEval/26: FAIL (44041ms, 293 tok)
/home/szw/micromamba/envs/exp/lib/python3.10/site-packages/bitsandbytes/autograd/_functions.py:123: UserWarning: MatMul8bitLt: inputs will be cast from torch.bfloat16 to float16 during quantization
  warnings.warn(f"MatMul8bitLt: inputs will be cast from {A.dtype} to float16 during quantization")
  [ 28/164] HumanEval/27: FAIL (36623ms, 245 tok)
/home/szw/micromamba/envs/exp/lib/python3.10/site-packages/bitsandbytes/autograd/_functions.py:123: UserWarning: MatMul8bitLt: inputs will be cast from torch.bfloat16 to float16 during quantization
  warnings.warn(f"MatMul8bitLt: inputs will be cast from {A.dtype} to float16 during quantization")
  [ 29/164] HumanEval/28: PASS (76796ms, 512 tok)
/home/szw/micromamba/envs/exp/lib/python3.10/site-packages/bitsandbytes/autograd/_functions.py:123: UserWarning: MatMul8bitLt: inputs will be cast from torch.bfloat16 to float16 during quantization
  warnings.warn(f"MatMul8bitLt: inputs will be cast from {A.dtype} to float16 during quantization")
  [ 30/164] HumanEval/29: PASS (30215ms, 197 tok)
/home/szw/micromamba/envs/exp/lib/python3.10/site-packages/bitsandbytes/autograd/_functions.py:123: UserWarning: MatMul8bitLt: inputs will be cast from torch.bfloat16 to float16 during quantization
  warnings.warn(f"MatMul8bitLt: inputs will be cast from {A.dtype} to float16 during quantization")
  [ 31/164] HumanEval/30: PASS (30260ms, 197 tok)
/home/szw/micromamba/envs/exp/lib/python3.10/site-packages/bitsandbytes/autograd/_functions.py:123: UserWarning: MatMul8bitLt: inputs will be cast from torch.bfloat16 to float16 during quantization
  warnings.warn(f"MatMul8bitLt: inputs will be cast from {A.dtype} to float16 during quantization")
  [ 32/164] HumanEval/31: PASS (36870ms, 240 tok)
/home/szw/micromamba/envs/exp/lib/python3.10/site-packages/bitsandbytes/autograd/_functions.py:123: UserWarning: MatMul8bitLt: inputs will be cast from torch.bfloat16 to float16 during quantization
  warnings.warn(f"MatMul8bitLt: inputs will be cast from {A.dtype} to float16 during quantization")
  [ 33/164] HumanEval/32: FAIL (78015ms, 512 tok)
/home/szw/micromamba/envs/exp/lib/python3.10/site-packages/bitsandbytes/autograd/_functions.py:123: UserWarning: MatMul8bitLt: inputs will be cast from torch.bfloat16 to float16 during quantization
  warnings.warn(f"MatMul8bitLt: inputs will be cast from {A.dtype} to float16 during quantization")
  [ 34/164] HumanEval/33: FAIL (47134ms, 312 tok)
/home/szw/micromamba/envs/exp/lib/python3.10/site-packages/bitsandbytes/autograd/_functions.py:123: UserWarning: MatMul8bitLt: inputs will be cast from torch.bfloat16 to float16 during quantization
  warnings.warn(f"MatMul8bitLt: inputs will be cast from {A.dtype} to float16 during quantization")
  [ 35/164] HumanEval/34: PASS (77208ms, 512 tok)
/home/szw/micromamba/envs/exp/lib/python3.10/site-packages/bitsandbytes/autograd/_functions.py:123: UserWarning: MatMul8bitLt: inputs will be cast from torch.bfloat16 to float16 during quantization
  warnings.warn(f"MatMul8bitLt: inputs will be cast from {A.dtype} to float16 during quantization")
  [ 36/164] HumanEval/35: PASS (77289ms, 512 tok)
/home/szw/micromamba/envs/exp/lib/python3.10/site-packages/bitsandbytes/autograd/_functions.py:123: UserWarning: MatMul8bitLt: inputs will be cast from torch.bfloat16 to float16 during quantization
  warnings.warn(f"MatMul8bitLt: inputs will be cast from {A.dtype} to float16 during quantization")
  [ 37/164] HumanEval/36: PASS (41427ms, 274 tok)
/home/szw/micromamba/envs/exp/lib/python3.10/site-packages/bitsandbytes/autograd/_functions.py:123: UserWarning: MatMul8bitLt: inputs will be cast from torch.bfloat16 to float16 during quantization
  warnings.warn(f"MatMul8bitLt: inputs will be cast from {A.dtype} to float16 during quantization")
  [ 38/164] HumanEval/37: FAIL (39999ms, 265 tok)
/home/szw/micromamba/envs/exp/lib/python3.10/site-packages/bitsandbytes/autograd/_functions.py:123: UserWarning: MatMul8bitLt: inputs will be cast from torch.bfloat16 to float16 during quantization
  warnings.warn(f"MatMul8bitLt: inputs will be cast from {A.dtype} to float16 during quantization")
  [ 39/164] HumanEval/38: FAIL (42768ms, 279 tok)
/home/szw/micromamba/envs/exp/lib/python3.10/site-packages/bitsandbytes/autograd/_functions.py:123: UserWarning: MatMul8bitLt: inputs will be cast from torch.bfloat16 to float16 during quantization
  warnings.warn(f"MatMul8bitLt: inputs will be cast from {A.dtype} to float16 during quantization")
  [ 40/164] HumanEval/39: FAIL (33263ms, 227 tok)
/home/szw/micromamba/envs/exp/lib/python3.10/site-packages/bitsandbytes/autograd/_functions.py:123: UserWarning: MatMul8bitLt: inputs will be cast from torch.bfloat16 to float16 during quantization
  warnings.warn(f"MatMul8bitLt: inputs will be cast from {A.dtype} to float16 during quantization")
  [ 41/164] HumanEval/40: FAIL (41312ms, 282 tok)
/home/szw/micromamba/envs/exp/lib/python3.10/site-packages/bitsandbytes/autograd/_functions.py:123: UserWarning: MatMul8bitLt: inputs will be cast from torch.bfloat16 to float16 during quantization
  warnings.warn(f"MatMul8bitLt: inputs will be cast from {A.dtype} to float16 during quantization")
  [ 42/164] HumanEval/41: PASS (33008ms, 225 tok)
/home/szw/micromamba/envs/exp/lib/python3.10/site-packages/bitsandbytes/autograd/_functions.py:123: UserWarning: MatMul8bitLt: inputs will be cast from torch.bfloat16 to float16 during quantization
  warnings.warn(f"MatMul8bitLt: inputs will be cast from {A.dtype} to float16 during quantization")
  [ 43/164] HumanEval/42: PASS (35389ms, 242 tok)
/home/szw/micromamba/envs/exp/lib/python3.10/site-packages/bitsandbytes/autograd/_functions.py:123: UserWarning: MatMul8bitLt: inputs will be cast from torch.bfloat16 to float16 during quantization
  warnings.warn(f"MatMul8bitLt: inputs will be cast from {A.dtype} to float16 during quantization")
  [ 44/164] HumanEval/43: PASS (40973ms, 280 tok)
/home/szw/micromamba/envs/exp/lib/python3.10/site-packages/bitsandbytes/autograd/_functions.py:123: UserWarning: MatMul8bitLt: inputs will be cast from torch.bfloat16 to float16 during quantization
  warnings.warn(f"MatMul8bitLt: inputs will be cast from {A.dtype} to float16 during quantization")
  [ 45/164] HumanEval/44: PASS (18057ms, 123 tok)
/home/szw/micromamba/envs/exp/lib/python3.10/site-packages/bitsandbytes/autograd/_functions.py:123: UserWarning: MatMul8bitLt: inputs will be cast from torch.bfloat16 to float16 during quantization
  warnings.warn(f"MatMul8bitLt: inputs will be cast from {A.dtype} to float16 during quantization")
  [ 46/164] HumanEval/45: PASS (39681ms, 269 tok)
/home/szw/micromamba/envs/exp/lib/python3.10/site-packages/bitsandbytes/autograd/_functions.py:123: UserWarning: MatMul8bitLt: inputs will be cast from torch.bfloat16 to float16 during quantization
  warnings.warn(f"MatMul8bitLt: inputs will be cast from {A.dtype} to float16 during quantization")
  [ 47/164] HumanEval/46: FAIL (36307ms, 240 tok)
/home/szw/micromamba/envs/exp/lib/python3.10/site-packages/bitsandbytes/autograd/_functions.py:123: UserWarning: MatMul8bitLt: inputs will be cast from torch.bfloat16 to float16 during quantization
  warnings.warn(f"MatMul8bitLt: inputs will be cast from {A.dtype} to float16 during quantization")
  [ 48/164] HumanEval/47: FAIL (18151ms, 118 tok)
/home/szw/micromamba/envs/exp/lib/python3.10/site-packages/bitsandbytes/autograd/_functions.py:123: UserWarning: MatMul8bitLt: inputs will be cast from torch.bfloat16 to float16 during quantization
  warnings.warn(f"MatMul8bitLt: inputs will be cast from {A.dtype} to float16 during quantization")
  [ 49/164] HumanEval/48: PASS (17184ms, 112 tok)
/home/szw/micromamba/envs/exp/lib/python3.10/site-packages/bitsandbytes/autograd/_functions.py:123: UserWarning: MatMul8bitLt: inputs will be cast from torch.bfloat16 to float16 during quantization
  warnings.warn(f"MatMul8bitLt: inputs will be cast from {A.dtype} to float16 during quantization")
  [ 50/164] HumanEval/49: FAIL (41804ms, 272 tok)
/home/szw/micromamba/envs/exp/lib/python3.10/site-packages/bitsandbytes/autograd/_functions.py:123: UserWarning: MatMul8bitLt: inputs will be cast from torch.bfloat16 to float16 during quantization
  warnings.warn(f"MatMul8bitLt: inputs will be cast from {A.dtype} to float16 during quantization")
  [ 51/164] HumanEval/50: FAIL (38229ms, 249 tok)
/home/szw/micromamba/envs/exp/lib/python3.10/site-packages/bitsandbytes/autograd/_functions.py:123: UserWarning: MatMul8bitLt: inputs will be cast from torch.bfloat16 to float16 during quantization
  warnings.warn(f"MatMul8bitLt: inputs will be cast from {A.dtype} to float16 during quantization")
  [ 52/164] HumanEval/51: PASS (36167ms, 237 tok)
/home/szw/micromamba/envs/exp/lib/python3.10/site-packages/bitsandbytes/autograd/_functions.py:123: UserWarning: MatMul8bitLt: inputs will be cast from torch.bfloat16 to float16 during quantization
  warnings.warn(f"MatMul8bitLt: inputs will be cast from {A.dtype} to float16 during quantization")
  [ 53/164] HumanEval/52: PASS (77524ms, 512 tok)
/home/szw/micromamba/envs/exp/lib/python3.10/site-packages/bitsandbytes/autograd/_functions.py:123: UserWarning: MatMul8bitLt: inputs will be cast from torch.bfloat16 to float16 during quantization
  warnings.warn(f"MatMul8bitLt: inputs will be cast from {A.dtype} to float16 during quantization")
  [ 54/164] HumanEval/53: PASS (45047ms, 301 tok)
/home/szw/micromamba/envs/exp/lib/python3.10/site-packages/bitsandbytes/autograd/_functions.py:123: UserWarning: MatMul8bitLt: inputs will be cast from torch.bfloat16 to float16 during quantization
  warnings.warn(f"MatMul8bitLt: inputs will be cast from {A.dtype} to float16 during quantization")
  [ 55/164] HumanEval/54: PASS (27344ms, 183 tok)
/home/szw/micromamba/envs/exp/lib/python3.10/site-packages/bitsandbytes/autograd/_functions.py:123: UserWarning: MatMul8bitLt: inputs will be cast from torch.bfloat16 to float16 during quantization
  warnings.warn(f"MatMul8bitLt: inputs will be cast from {A.dtype} to float16 during quantization")
  [ 56/164] HumanEval/55: PASS (16275ms, 109 tok)
/home/szw/micromamba/envs/exp/lib/python3.10/site-packages/bitsandbytes/autograd/_functions.py:123: UserWarning: MatMul8bitLt: inputs will be cast from torch.bfloat16 to float16 during quantization
  warnings.warn(f"MatMul8bitLt: inputs will be cast from {A.dtype} to float16 during quantization")
  [ 57/164] HumanEval/56: PASS (33726ms, 225 tok)
/home/szw/micromamba/envs/exp/lib/python3.10/site-packages/bitsandbytes/autograd/_functions.py:123: UserWarning: MatMul8bitLt: inputs will be cast from torch.bfloat16 to float16 during quantization
  warnings.warn(f"MatMul8bitLt: inputs will be cast from {A.dtype} to float16 during quantization")
  [ 58/164] HumanEval/57: PASS (33446ms, 223 tok)
/home/szw/micromamba/envs/exp/lib/python3.10/site-packages/bitsandbytes/autograd/_functions.py:123: UserWarning: MatMul8bitLt: inputs will be cast from torch.bfloat16 to float16 during quantization
  warnings.warn(f"MatMul8bitLt: inputs will be cast from {A.dtype} to float16 during quantization")
  [ 59/164] HumanEval/58: PASS (27240ms, 182 tok)
/home/szw/micromamba/envs/exp/lib/python3.10/site-packages/bitsandbytes/autograd/_functions.py:123: UserWarning: MatMul8bitLt: inputs will be cast from torch.bfloat16 to float16 during quantization
  warnings.warn(f"MatMul8bitLt: inputs will be cast from {A.dtype} to float16 during quantization")
  [ 60/164] HumanEval/59: FAIL (45988ms, 307 tok)
/home/szw/micromamba/envs/exp/lib/python3.10/site-packages/bitsandbytes/autograd/_functions.py:123: UserWarning: MatMul8bitLt: inputs will be cast from torch.bfloat16 to float16 during quantization
  warnings.warn(f"MatMul8bitLt: inputs will be cast from {A.dtype} to float16 during quantization")
  [ 61/164] HumanEval/60: PASS (39053ms, 223 tok)
/home/szw/micromamba/envs/exp/lib/python3.10/site-packages/bitsandbytes/autograd/_functions.py:123: UserWarning: MatMul8bitLt: inputs will be cast from torch.bfloat16 to float16 during quantization
  warnings.warn(f"MatMul8bitLt: inputs will be cast from {A.dtype} to float16 during quantization")
  [ 62/164] HumanEval/61: PASS (36951ms, 252 tok)
/home/szw/micromamba/envs/exp/lib/python3.10/site-packages/bitsandbytes/autograd/_functions.py:123: UserWarning: MatMul8bitLt: inputs will be cast from torch.bfloat16 to float16 during quantization
  warnings.warn(f"MatMul8bitLt: inputs will be cast from {A.dtype} to float16 during quantization")
  [ 63/164] HumanEval/62: PASS (23561ms, 161 tok)
/home/szw/micromamba/envs/exp/lib/python3.10/site-packages/bitsandbytes/autograd/_functions.py:123: UserWarning: MatMul8bitLt: inputs will be cast from torch.bfloat16 to float16 during quantization
  warnings.warn(f"MatMul8bitLt: inputs will be cast from {A.dtype} to float16 during quantization")
  [ 64/164] HumanEval/63: FAIL (36575ms, 246 tok)
/home/szw/micromamba/envs/exp/lib/python3.10/site-packages/bitsandbytes/autograd/_functions.py:123: UserWarning: MatMul8bitLt: inputs will be cast from torch.bfloat16 to float16 during quantization
  warnings.warn(f"MatMul8bitLt: inputs will be cast from {A.dtype} to float16 during quantization")
  [ 65/164] HumanEval/64: PASS (32137ms, 219 tok)
/home/szw/micromamba/envs/exp/lib/python3.10/site-packages/bitsandbytes/autograd/_functions.py:123: UserWarning: MatMul8bitLt: inputs will be cast from torch.bfloat16 to float16 during quantization
  warnings.warn(f"MatMul8bitLt: inputs will be cast from {A.dtype} to float16 during quantization")
  [ 66/164] HumanEval/65: FAIL (39856ms, 270 tok)
/home/szw/micromamba/envs/exp/lib/python3.10/site-packages/bitsandbytes/autograd/_functions.py:123: UserWarning: MatMul8bitLt: inputs will be cast from torch.bfloat16 to float16 during quantization
  warnings.warn(f"MatMul8bitLt: inputs will be cast from {A.dtype} to float16 during quantization")
  [ 67/164] HumanEval/66: PASS (38952ms, 256 tok)
/home/szw/micromamba/envs/exp/lib/python3.10/site-packages/bitsandbytes/autograd/_functions.py:123: UserWarning: MatMul8bitLt: inputs will be cast from torch.bfloat16 to float16 during quantization
  warnings.warn(f"MatMul8bitLt: inputs will be cast from {A.dtype} to float16 during quantization")
  [ 68/164] HumanEval/67: PASS (39622ms, 261 tok)
/home/szw/micromamba/envs/exp/lib/python3.10/site-packages/bitsandbytes/autograd/_functions.py:123: UserWarning: MatMul8bitLt: inputs will be cast from torch.bfloat16 to float16 during quantization
  warnings.warn(f"MatMul8bitLt: inputs will be cast from {A.dtype} to float16 during quantization")
  [ 69/164] HumanEval/68: FAIL (36532ms, 240 tok)
/home/szw/micromamba/envs/exp/lib/python3.10/site-packages/bitsandbytes/autograd/_functions.py:123: UserWarning: MatMul8bitLt: inputs will be cast from torch.bfloat16 to float16 during quantization
  warnings.warn(f"MatMul8bitLt: inputs will be cast from {A.dtype} to float16 during quantization")
  [ 70/164] HumanEval/69: FAIL (15358ms, 101 tok)
/home/szw/micromamba/envs/exp/lib/python3.10/site-packages/bitsandbytes/autograd/_functions.py:123: UserWarning: MatMul8bitLt: inputs will be cast from torch.bfloat16 to float16 during quantization
  warnings.warn(f"MatMul8bitLt: inputs will be cast from {A.dtype} to float16 during quantization")
  [ 71/164] HumanEval/70: PASS (62398ms, 408 tok)
/home/szw/micromamba/envs/exp/lib/python3.10/site-packages/bitsandbytes/autograd/_functions.py:123: UserWarning: MatMul8bitLt: inputs will be cast from torch.bfloat16 to float16 during quantization
  warnings.warn(f"MatMul8bitLt: inputs will be cast from {A.dtype} to float16 during quantization")
  [ 72/164] HumanEval/71: PASS (42625ms, 277 tok)
/home/szw/micromamba/envs/exp/lib/python3.10/site-packages/bitsandbytes/autograd/_functions.py:123: UserWarning: MatMul8bitLt: inputs will be cast from torch.bfloat16 to float16 during quantization
  warnings.warn(f"MatMul8bitLt: inputs will be cast from {A.dtype} to float16 during quantization")
  [ 73/164] HumanEval/72: FAIL (47011ms, 311 tok)
/home/szw/micromamba/envs/exp/lib/python3.10/site-packages/bitsandbytes/autograd/_functions.py:123: UserWarning: MatMul8bitLt: inputs will be cast from torch.bfloat16 to float16 during quantization
  warnings.warn(f"MatMul8bitLt: inputs will be cast from {A.dtype} to float16 during quantization")
  [ 74/164] HumanEval/73: PASS (23612ms, 156 tok)
/home/szw/micromamba/envs/exp/lib/python3.10/site-packages/bitsandbytes/autograd/_functions.py:123: UserWarning: MatMul8bitLt: inputs will be cast from torch.bfloat16 to float16 during quantization
  warnings.warn(f"MatMul8bitLt: inputs will be cast from {A.dtype} to float16 during quantization")
  [ 75/164] HumanEval/74: PASS (51417ms, 341 tok)
/home/szw/micromamba/envs/exp/lib/python3.10/site-packages/bitsandbytes/autograd/_functions.py:123: UserWarning: MatMul8bitLt: inputs will be cast from torch.bfloat16 to float16 during quantization
  warnings.warn(f"MatMul8bitLt: inputs will be cast from {A.dtype} to float16 during quantization")
  [ 76/164] HumanEval/75: FAIL (20228ms, 134 tok)
/home/szw/micromamba/envs/exp/lib/python3.10/site-packages/bitsandbytes/autograd/_functions.py:123: UserWarning: MatMul8bitLt: inputs will be cast from torch.bfloat16 to float16 during quantization
  warnings.warn(f"MatMul8bitLt: inputs will be cast from {A.dtype} to float16 during quantization")
  [ 77/164] HumanEval/76: FAIL (28189ms, 187 tok)
/home/szw/micromamba/envs/exp/lib/python3.10/site-packages/bitsandbytes/autograd/_functions.py:123: UserWarning: MatMul8bitLt: inputs will be cast from torch.bfloat16 to float16 during quantization
  warnings.warn(f"MatMul8bitLt: inputs will be cast from {A.dtype} to float16 during quantization")
  [ 78/164] HumanEval/77: FAIL (28864ms, 191 tok)
/home/szw/micromamba/envs/exp/lib/python3.10/site-packages/bitsandbytes/autograd/_functions.py:123: UserWarning: MatMul8bitLt: inputs will be cast from torch.bfloat16 to float16 during quantization
  warnings.warn(f"MatMul8bitLt: inputs will be cast from {A.dtype} to float16 during quantization")
  [ 79/164] HumanEval/78: FAIL (23534ms, 156 tok)
/home/szw/micromamba/envs/exp/lib/python3.10/site-packages/bitsandbytes/autograd/_functions.py:123: UserWarning: MatMul8bitLt: inputs will be cast from torch.bfloat16 to float16 during quantization
  warnings.warn(f"MatMul8bitLt: inputs will be cast from {A.dtype} to float16 during quantization")
  [ 80/164] HumanEval/79: FAIL (24514ms, 162 tok)
/home/szw/micromamba/envs/exp/lib/python3.10/site-packages/bitsandbytes/autograd/_functions.py:123: UserWarning: MatMul8bitLt: inputs will be cast from torch.bfloat16 to float16 during quantization
  warnings.warn(f"MatMul8bitLt: inputs will be cast from {A.dtype} to float16 during quantization")
  [ 81/164] HumanEval/80: FAIL (40588ms, 269 tok)
/home/szw/micromamba/envs/exp/lib/python3.10/site-packages/bitsandbytes/autograd/_functions.py:123: UserWarning: MatMul8bitLt: inputs will be cast from torch.bfloat16 to float16 during quantization
  warnings.warn(f"MatMul8bitLt: inputs will be cast from {A.dtype} to float16 during quantization")
  [ 82/164] HumanEval/81: PASS (75841ms, 501 tok)
/home/szw/micromamba/envs/exp/lib/python3.10/site-packages/bitsandbytes/autograd/_functions.py:123: UserWarning: MatMul8bitLt: inputs will be cast from torch.bfloat16 to float16 during quantization
  warnings.warn(f"MatMul8bitLt: inputs will be cast from {A.dtype} to float16 during quantization")
  [ 83/164] HumanEval/82: FAIL (37215ms, 251 tok)
/home/szw/micromamba/envs/exp/lib/python3.10/site-packages/bitsandbytes/autograd/_functions.py:123: UserWarning: MatMul8bitLt: inputs will be cast from torch.bfloat16 to float16 during quantization
  warnings.warn(f"MatMul8bitLt: inputs will be cast from {A.dtype} to float16 during quantization")
  [ 84/164] HumanEval/83: FAIL (35263ms, 238 tok)
/home/szw/micromamba/envs/exp/lib/python3.10/site-packages/bitsandbytes/autograd/_functions.py:123: UserWarning: MatMul8bitLt: inputs will be cast from torch.bfloat16 to float16 during quantization
  warnings.warn(f"MatMul8bitLt: inputs will be cast from {A.dtype} to float16 during quantization")
  [ 85/164] HumanEval/84: FAIL (21634ms, 146 tok)
/home/szw/micromamba/envs/exp/lib/python3.10/site-packages/bitsandbytes/autograd/_functions.py:123: UserWarning: MatMul8bitLt: inputs will be cast from torch.bfloat16 to float16 during quantization
  warnings.warn(f"MatMul8bitLt: inputs will be cast from {A.dtype} to float16 during quantization")
  [ 86/164] HumanEval/85: PASS (75879ms, 512 tok)
/home/szw/micromamba/envs/exp/lib/python3.10/site-packages/bitsandbytes/autograd/_functions.py:123: UserWarning: MatMul8bitLt: inputs will be cast from torch.bfloat16 to float16 during quantization
  warnings.warn(f"MatMul8bitLt: inputs will be cast from {A.dtype} to float16 during quantization")
  [ 87/164] HumanEval/86: FAIL (36300ms, 245 tok)
/home/szw/micromamba/envs/exp/lib/python3.10/site-packages/bitsandbytes/autograd/_functions.py:123: UserWarning: MatMul8bitLt: inputs will be cast from torch.bfloat16 to float16 during quantization
  warnings.warn(f"MatMul8bitLt: inputs will be cast from {A.dtype} to float16 during quantization")
  [ 88/164] HumanEval/87: FAIL (39183ms, 264 tok)
/home/szw/micromamba/envs/exp/lib/python3.10/site-packages/bitsandbytes/autograd/_functions.py:123: UserWarning: MatMul8bitLt: inputs will be cast from torch.bfloat16 to float16 during quantization
  warnings.warn(f"MatMul8bitLt: inputs will be cast from {A.dtype} to float16 during quantization")
  [ 89/164] HumanEval/88: FAIL (29729ms, 200 tok)
/home/szw/micromamba/envs/exp/lib/python3.10/site-packages/bitsandbytes/autograd/_functions.py:123: UserWarning: MatMul8bitLt: inputs will be cast from torch.bfloat16 to float16 during quantization
  warnings.warn(f"MatMul8bitLt: inputs will be cast from {A.dtype} to float16 during quantization")
  [ 90/164] HumanEval/89: FAIL (38635ms, 261 tok)
/home/szw/micromamba/envs/exp/lib/python3.10/site-packages/bitsandbytes/autograd/_functions.py:123: UserWarning: MatMul8bitLt: inputs will be cast from torch.bfloat16 to float16 during quantization
  warnings.warn(f"MatMul8bitLt: inputs will be cast from {A.dtype} to float16 during quantization")
  [ 91/164] HumanEval/90: PASS (36140ms, 244 tok)
/home/szw/micromamba/envs/exp/lib/python3.10/site-packages/bitsandbytes/autograd/_functions.py:123: UserWarning: MatMul8bitLt: inputs will be cast from torch.bfloat16 to float16 during quantization
  warnings.warn(f"MatMul8bitLt: inputs will be cast from {A.dtype} to float16 during quantization")
  [ 92/164] HumanEval/91: FAIL (43972ms, 281 tok)
/home/szw/micromamba/envs/exp/lib/python3.10/site-packages/bitsandbytes/autograd/_functions.py:123: UserWarning: MatMul8bitLt: inputs will be cast from torch.bfloat16 to float16 during quantization
  warnings.warn(f"MatMul8bitLt: inputs will be cast from {A.dtype} to float16 during quantization")
  [ 93/164] HumanEval/92: FAIL (14576ms, 100 tok)
/home/szw/micromamba/envs/exp/lib/python3.10/site-packages/bitsandbytes/autograd/_functions.py:123: UserWarning: MatMul8bitLt: inputs will be cast from torch.bfloat16 to float16 during quantization
  warnings.warn(f"MatMul8bitLt: inputs will be cast from {A.dtype} to float16 during quantization")
  [ 94/164] HumanEval/93: FAIL (41130ms, 283 tok)
/home/szw/micromamba/envs/exp/lib/python3.10/site-packages/bitsandbytes/autograd/_functions.py:123: UserWarning: MatMul8bitLt: inputs will be cast from torch.bfloat16 to float16 during quantization
  warnings.warn(f"MatMul8bitLt: inputs will be cast from {A.dtype} to float16 during quantization")
  [ 95/164] HumanEval/94: PASS (73238ms, 503 tok)
/home/szw/micromamba/envs/exp/lib/python3.10/site-packages/bitsandbytes/autograd/_functions.py:123: UserWarning: MatMul8bitLt: inputs will be cast from torch.bfloat16 to float16 during quantization
  warnings.warn(f"MatMul8bitLt: inputs will be cast from {A.dtype} to float16 during quantization")
  [ 96/164] HumanEval/95: FAIL (38600ms, 266 tok)
/home/szw/micromamba/envs/exp/lib/python3.10/site-packages/bitsandbytes/autograd/_functions.py:123: UserWarning: MatMul8bitLt: inputs will be cast from torch.bfloat16 to float16 during quantization
  warnings.warn(f"MatMul8bitLt: inputs will be cast from {A.dtype} to float16 during quantization")
  [ 97/164] HumanEval/96: FAIL (51742ms, 356 tok)
/home/szw/micromamba/envs/exp/lib/python3.10/site-packages/bitsandbytes/autograd/_functions.py:123: UserWarning: MatMul8bitLt: inputs will be cast from torch.bfloat16 to float16 during quantization
  warnings.warn(f"MatMul8bitLt: inputs will be cast from {A.dtype} to float16 during quantization")
  [ 98/164] HumanEval/97: PASS (29343ms, 202 tok)
/home/szw/micromamba/envs/exp/lib/python3.10/site-packages/bitsandbytes/autograd/_functions.py:123: UserWarning: MatMul8bitLt: inputs will be cast from torch.bfloat16 to float16 during quantization
  warnings.warn(f"MatMul8bitLt: inputs will be cast from {A.dtype} to float16 during quantization")
  [ 99/164] HumanEval/98: FAIL (29671ms, 202 tok)
/home/szw/micromamba/envs/exp/lib/python3.10/site-packages/bitsandbytes/autograd/_functions.py:123: UserWarning: MatMul8bitLt: inputs will be cast from torch.bfloat16 to float16 during quantization
  warnings.warn(f"MatMul8bitLt: inputs will be cast from {A.dtype} to float16 during quantization")
  [100/164] HumanEval/99: FAIL (36837ms, 254 tok)
/home/szw/micromamba/envs/exp/lib/python3.10/site-packages/bitsandbytes/autograd/_functions.py:123: UserWarning: MatMul8bitLt: inputs will be cast from torch.bfloat16 to float16 during quantization
  warnings.warn(f"MatMul8bitLt: inputs will be cast from {A.dtype} to float16 during quantization")
  [101/164] HumanEval/100: FAIL (39786ms, 274 tok)
/home/szw/micromamba/envs/exp/lib/python3.10/site-packages/bitsandbytes/autograd/_functions.py:123: UserWarning: MatMul8bitLt: inputs will be cast from torch.bfloat16 to float16 during quantization
  warnings.warn(f"MatMul8bitLt: inputs will be cast from {A.dtype} to float16 during quantization")
  [102/164] HumanEval/101: FAIL (35263ms, 242 tok)
/home/szw/micromamba/envs/exp/lib/python3.10/site-packages/bitsandbytes/autograd/_functions.py:123: UserWarning: MatMul8bitLt: inputs will be cast from torch.bfloat16 to float16 during quantization
  warnings.warn(f"MatMul8bitLt: inputs will be cast from {A.dtype} to float16 during quantization")
  [103/164] HumanEval/102: FAIL (29694ms, 204 tok)
/home/szw/micromamba/envs/exp/lib/python3.10/site-packages/bitsandbytes/autograd/_functions.py:123: UserWarning: MatMul8bitLt: inputs will be cast from torch.bfloat16 to float16 during quantization
  warnings.warn(f"MatMul8bitLt: inputs will be cast from {A.dtype} to float16 during quantization")
  [104/164] HumanEval/103: FAIL (29718ms, 204 tok)
/home/szw/micromamba/envs/exp/lib/python3.10/site-packages/bitsandbytes/autograd/_functions.py:123: UserWarning: MatMul8bitLt: inputs will be cast from torch.bfloat16 to float16 during quantization
  warnings.warn(f"MatMul8bitLt: inputs will be cast from {A.dtype} to float16 during quantization")
  [105/164] HumanEval/104: FAIL (41229ms, 282 tok)
/home/szw/micromamba/envs/exp/lib/python3.10/site-packages/bitsandbytes/autograd/_functions.py:123: UserWarning: MatMul8bitLt: inputs will be cast from torch.bfloat16 to float16 during quantization
  warnings.warn(f"MatMul8bitLt: inputs will be cast from {A.dtype} to float16 during quantization")
  [106/164] HumanEval/105: FAIL (39503ms, 271 tok)
/home/szw/micromamba/envs/exp/lib/python3.10/site-packages/bitsandbytes/autograd/_functions.py:123: UserWarning: MatMul8bitLt: inputs will be cast from torch.bfloat16 to float16 during quantization
  warnings.warn(f"MatMul8bitLt: inputs will be cast from {A.dtype} to float16 during quantization")
  [107/164] HumanEval/106: FAIL (35626ms, 244 tok)
/home/szw/micromamba/envs/exp/lib/python3.10/site-packages/bitsandbytes/autograd/_functions.py:123: UserWarning: MatMul8bitLt: inputs will be cast from torch.bfloat16 to float16 during quantization
  warnings.warn(f"MatMul8bitLt: inputs will be cast from {A.dtype} to float16 during quantization")
  [108/164] HumanEval/107: PASS (38533ms, 264 tok)
/home/szw/micromamba/envs/exp/lib/python3.10/site-packages/bitsandbytes/autograd/_functions.py:123: UserWarning: MatMul8bitLt: inputs will be cast from torch.bfloat16 to float16 during quantization
  warnings.warn(f"MatMul8bitLt: inputs will be cast from {A.dtype} to float16 during quantization")
  [109/164] HumanEval/108: FAIL (28429ms, 192 tok)
/home/szw/micromamba/envs/exp/lib/python3.10/site-packages/bitsandbytes/autograd/_functions.py:123: UserWarning: MatMul8bitLt: inputs will be cast from torch.bfloat16 to float16 during quantization
  warnings.warn(f"MatMul8bitLt: inputs will be cast from {A.dtype} to float16 during quantization")
  [110/164] HumanEval/109: FAIL (43172ms, 296 tok)
/home/szw/micromamba/envs/exp/lib/python3.10/site-packages/bitsandbytes/autograd/_functions.py:123: UserWarning: MatMul8bitLt: inputs will be cast from torch.bfloat16 to float16 during quantization
  warnings.warn(f"MatMul8bitLt: inputs will be cast from {A.dtype} to float16 during quantization")
  [111/164] HumanEval/110: PASS (40223ms, 276 tok)
/home/szw/micromamba/envs/exp/lib/python3.10/site-packages/bitsandbytes/autograd/_functions.py:123: UserWarning: MatMul8bitLt: inputs will be cast from torch.bfloat16 to float16 during quantization
  warnings.warn(f"MatMul8bitLt: inputs will be cast from {A.dtype} to float16 during quantization")
  [112/164] HumanEval/111: FAIL (57044ms, 391 tok)
/home/szw/micromamba/envs/exp/lib/python3.10/site-packages/bitsandbytes/autograd/_functions.py:123: UserWarning: MatMul8bitLt: inputs will be cast from torch.bfloat16 to float16 during quantization
  warnings.warn(f"MatMul8bitLt: inputs will be cast from {A.dtype} to float16 during quantization")
  [113/164] HumanEval/112: FAIL (27406ms, 188 tok)
/home/szw/micromamba/envs/exp/lib/python3.10/site-packages/bitsandbytes/autograd/_functions.py:123: UserWarning: MatMul8bitLt: inputs will be cast from torch.bfloat16 to float16 during quantization
  warnings.warn(f"MatMul8bitLt: inputs will be cast from {A.dtype} to float16 during quantization")
  [114/164] HumanEval/113: PASS (40266ms, 276 tok)
/home/szw/micromamba/envs/exp/lib/python3.10/site-packages/bitsandbytes/autograd/_functions.py:123: UserWarning: MatMul8bitLt: inputs will be cast from torch.bfloat16 to float16 during quantization
  warnings.warn(f"MatMul8bitLt: inputs will be cast from {A.dtype} to float16 during quantization")
  [115/164] HumanEval/114: PASS (28442ms, 195 tok)
/home/szw/micromamba/envs/exp/lib/python3.10/site-packages/bitsandbytes/autograd/_functions.py:123: UserWarning: MatMul8bitLt: inputs will be cast from torch.bfloat16 to float16 during quantization
  warnings.warn(f"MatMul8bitLt: inputs will be cast from {A.dtype} to float16 during quantization")
  [116/164] HumanEval/115: FAIL (42835ms, 294 tok)
/home/szw/micromamba/envs/exp/lib/python3.10/site-packages/bitsandbytes/autograd/_functions.py:123: UserWarning: MatMul8bitLt: inputs will be cast from torch.bfloat16 to float16 during quantization
  warnings.warn(f"MatMul8bitLt: inputs will be cast from {A.dtype} to float16 during quantization")
  [117/164] HumanEval/116: PASS (34058ms, 234 tok)
/home/szw/micromamba/envs/exp/lib/python3.10/site-packages/bitsandbytes/autograd/_functions.py:123: UserWarning: MatMul8bitLt: inputs will be cast from torch.bfloat16 to float16 during quantization
  warnings.warn(f"MatMul8bitLt: inputs will be cast from {A.dtype} to float16 during quantization")
  [118/164] HumanEval/117: PASS (48553ms, 333 tok)
/home/szw/micromamba/envs/exp/lib/python3.10/site-packages/bitsandbytes/autograd/_functions.py:123: UserWarning: MatMul8bitLt: inputs will be cast from torch.bfloat16 to float16 during quantization
  warnings.warn(f"MatMul8bitLt: inputs will be cast from {A.dtype} to float16 during quantization")
  [119/164] HumanEval/118: FAIL (28615ms, 196 tok)
/home/szw/micromamba/envs/exp/lib/python3.10/site-packages/bitsandbytes/autograd/_functions.py:123: UserWarning: MatMul8bitLt: inputs will be cast from torch.bfloat16 to float16 during quantization
  warnings.warn(f"MatMul8bitLt: inputs will be cast from {A.dtype} to float16 during quantization")
  [120/164] HumanEval/119: FAIL (24513ms, 168 tok)
/home/szw/micromamba/envs/exp/lib/python3.10/site-packages/bitsandbytes/autograd/_functions.py:123: UserWarning: MatMul8bitLt: inputs will be cast from torch.bfloat16 to float16 during quantization
  warnings.warn(f"MatMul8bitLt: inputs will be cast from {A.dtype} to float16 during quantization")
  [121/164] HumanEval/120: FAIL (18399ms, 126 tok)
/home/szw/micromamba/envs/exp/lib/python3.10/site-packages/bitsandbytes/autograd/_functions.py:123: UserWarning: MatMul8bitLt: inputs will be cast from torch.bfloat16 to float16 during quantization
  warnings.warn(f"MatMul8bitLt: inputs will be cast from {A.dtype} to float16 during quantization")
  [122/164] HumanEval/121: PASS (27425ms, 188 tok)
/home/szw/micromamba/envs/exp/lib/python3.10/site-packages/bitsandbytes/autograd/_functions.py:123: UserWarning: MatMul8bitLt: inputs will be cast from torch.bfloat16 to float16 during quantization
  warnings.warn(f"MatMul8bitLt: inputs will be cast from {A.dtype} to float16 during quantization")
  [123/164] HumanEval/122: FAIL (41655ms, 286 tok)
/home/szw/micromamba/envs/exp/lib/python3.10/site-packages/bitsandbytes/autograd/_functions.py:123: UserWarning: MatMul8bitLt: inputs will be cast from torch.bfloat16 to float16 during quantization
  warnings.warn(f"MatMul8bitLt: inputs will be cast from {A.dtype} to float16 during quantization")
  [124/164] HumanEval/123: FAIL (74492ms, 512 tok)
/home/szw/micromamba/envs/exp/lib/python3.10/site-packages/bitsandbytes/autograd/_functions.py:123: UserWarning: MatMul8bitLt: inputs will be cast from torch.bfloat16 to float16 during quantization
  warnings.warn(f"MatMul8bitLt: inputs will be cast from {A.dtype} to float16 during quantization")
  [125/164] HumanEval/124: FAIL (71851ms, 493 tok)
/home/szw/micromamba/envs/exp/lib/python3.10/site-packages/bitsandbytes/autograd/_functions.py:123: UserWarning: MatMul8bitLt: inputs will be cast from torch.bfloat16 to float16 during quantization
  warnings.warn(f"MatMul8bitLt: inputs will be cast from {A.dtype} to float16 during quantization")
  [126/164] HumanEval/125: FAIL (31849ms, 219 tok)
/home/szw/micromamba/envs/exp/lib/python3.10/site-packages/bitsandbytes/autograd/_functions.py:123: UserWarning: MatMul8bitLt: inputs will be cast from torch.bfloat16 to float16 during quantization
  warnings.warn(f"MatMul8bitLt: inputs will be cast from {A.dtype} to float16 during quantization")
  [127/164] HumanEval/126: FAIL (46287ms, 318 tok)
/home/szw/micromamba/envs/exp/lib/python3.10/site-packages/bitsandbytes/autograd/_functions.py:123: UserWarning: MatMul8bitLt: inputs will be cast from torch.bfloat16 to float16 during quantization
  warnings.warn(f"MatMul8bitLt: inputs will be cast from {A.dtype} to float16 during quantization")
  [128/164] HumanEval/127: FAIL (43333ms, 297 tok)
/home/szw/micromamba/envs/exp/lib/python3.10/site-packages/bitsandbytes/autograd/_functions.py:123: UserWarning: MatMul8bitLt: inputs will be cast from torch.bfloat16 to float16 during quantization
  warnings.warn(f"MatMul8bitLt: inputs will be cast from {A.dtype} to float16 during quantization")
  [129/164] HumanEval/128: FAIL (32080ms, 220 tok)
/home/szw/micromamba/envs/exp/lib/python3.10/site-packages/bitsandbytes/autograd/_functions.py:123: UserWarning: MatMul8bitLt: inputs will be cast from torch.bfloat16 to float16 during quantization
  warnings.warn(f"MatMul8bitLt: inputs will be cast from {A.dtype} to float16 during quantization")
  [130/164] HumanEval/129: FAIL (62256ms, 426 tok)
/home/szw/micromamba/envs/exp/lib/python3.10/site-packages/bitsandbytes/autograd/_functions.py:123: UserWarning: MatMul8bitLt: inputs will be cast from torch.bfloat16 to float16 during quantization
  warnings.warn(f"MatMul8bitLt: inputs will be cast from {A.dtype} to float16 during quantization")
  [131/164] HumanEval/130: FAIL (45390ms, 312 tok)
/home/szw/micromamba/envs/exp/lib/python3.10/site-packages/bitsandbytes/autograd/_functions.py:123: UserWarning: MatMul8bitLt: inputs will be cast from torch.bfloat16 to float16 during quantization
  warnings.warn(f"MatMul8bitLt: inputs will be cast from {A.dtype} to float16 during quantization")
  [132/164] HumanEval/131: PASS (26066ms, 179 tok)
/home/szw/micromamba/envs/exp/lib/python3.10/site-packages/bitsandbytes/autograd/_functions.py:123: UserWarning: MatMul8bitLt: inputs will be cast from torch.bfloat16 to float16 during quantization
  warnings.warn(f"MatMul8bitLt: inputs will be cast from {A.dtype} to float16 during quantization")
  [133/164] HumanEval/132: FAIL (32891ms, 226 tok)
/home/szw/micromamba/envs/exp/lib/python3.10/site-packages/bitsandbytes/autograd/_functions.py:123: UserWarning: MatMul8bitLt: inputs will be cast from torch.bfloat16 to float16 during quantization
  warnings.warn(f"MatMul8bitLt: inputs will be cast from {A.dtype} to float16 during quantization")
  [134/164] HumanEval/133: FAIL (25133ms, 173 tok)
/home/szw/micromamba/envs/exp/lib/python3.10/site-packages/bitsandbytes/autograd/_functions.py:123: UserWarning: MatMul8bitLt: inputs will be cast from torch.bfloat16 to float16 during quantization
  warnings.warn(f"MatMul8bitLt: inputs will be cast from {A.dtype} to float16 during quantization")
  [135/164] HumanEval/134: FAIL (41538ms, 286 tok)
/home/szw/micromamba/envs/exp/lib/python3.10/site-packages/bitsandbytes/autograd/_functions.py:123: UserWarning: MatMul8bitLt: inputs will be cast from torch.bfloat16 to float16 during quantization
  warnings.warn(f"MatMul8bitLt: inputs will be cast from {A.dtype} to float16 during quantization")
  [136/164] HumanEval/135: FAIL (25348ms, 174 tok)
/home/szw/micromamba/envs/exp/lib/python3.10/site-packages/bitsandbytes/autograd/_functions.py:123: UserWarning: MatMul8bitLt: inputs will be cast from torch.bfloat16 to float16 during quantization
  warnings.warn(f"MatMul8bitLt: inputs will be cast from {A.dtype} to float16 during quantization")
  [137/164] HumanEval/136: PASS (38310ms, 263 tok)
/home/szw/micromamba/envs/exp/lib/python3.10/site-packages/bitsandbytes/autograd/_functions.py:123: UserWarning: MatMul8bitLt: inputs will be cast from torch.bfloat16 to float16 during quantization
  warnings.warn(f"MatMul8bitLt: inputs will be cast from {A.dtype} to float16 during quantization")
  [138/164] HumanEval/137: FAIL (27355ms, 188 tok)
/home/szw/micromamba/envs/exp/lib/python3.10/site-packages/bitsandbytes/autograd/_functions.py:123: UserWarning: MatMul8bitLt: inputs will be cast from torch.bfloat16 to float16 during quantization
  warnings.warn(f"MatMul8bitLt: inputs will be cast from {A.dtype} to float16 during quantization")
  [139/164] HumanEval/138: FAIL (29395ms, 202 tok)
/home/szw/micromamba/envs/exp/lib/python3.10/site-packages/bitsandbytes/autograd/_functions.py:123: UserWarning: MatMul8bitLt: inputs will be cast from torch.bfloat16 to float16 during quantization
  warnings.warn(f"MatMul8bitLt: inputs will be cast from {A.dtype} to float16 during quantization")
  [140/164] HumanEval/139: FAIL (29731ms, 204 tok)
/home/szw/micromamba/envs/exp/lib/python3.10/site-packages/bitsandbytes/autograd/_functions.py:123: UserWarning: MatMul8bitLt: inputs will be cast from torch.bfloat16 to float16 during quantization
  warnings.warn(f"MatMul8bitLt: inputs will be cast from {A.dtype} to float16 during quantization")
  [141/164] HumanEval/140: FAIL (35534ms, 242 tok)
/home/szw/micromamba/envs/exp/lib/python3.10/site-packages/bitsandbytes/autograd/_functions.py:123: UserWarning: MatMul8bitLt: inputs will be cast from torch.bfloat16 to float16 during quantization
  warnings.warn(f"MatMul8bitLt: inputs will be cast from {A.dtype} to float16 during quantization")
  [142/164] HumanEval/141: FAIL (49178ms, 333 tok)
/home/szw/micromamba/envs/exp/lib/python3.10/site-packages/bitsandbytes/autograd/_functions.py:123: UserWarning: MatMul8bitLt: inputs will be cast from torch.bfloat16 to float16 during quantization
  warnings.warn(f"MatMul8bitLt: inputs will be cast from {A.dtype} to float16 during quantization")
  [143/164] HumanEval/142: PASS (32108ms, 217 tok)
/home/szw/micromamba/envs/exp/lib/python3.10/site-packages/bitsandbytes/autograd/_functions.py:123: UserWarning: MatMul8bitLt: inputs will be cast from torch.bfloat16 to float16 during quantization
  warnings.warn(f"MatMul8bitLt: inputs will be cast from {A.dtype} to float16 during quantization")
  [144/164] HumanEval/143: PASS (45664ms, 309 tok)
/home/szw/micromamba/envs/exp/lib/python3.10/site-packages/bitsandbytes/autograd/_functions.py:123: UserWarning: MatMul8bitLt: inputs will be cast from torch.bfloat16 to float16 during quantization
  warnings.warn(f"MatMul8bitLt: inputs will be cast from {A.dtype} to float16 during quantization")
  [145/164] HumanEval/144: FAIL (33547ms, 225 tok)
/home/szw/micromamba/envs/exp/lib/python3.10/site-packages/bitsandbytes/autograd/_functions.py:123: UserWarning: MatMul8bitLt: inputs will be cast from torch.bfloat16 to float16 during quantization
  warnings.warn(f"MatMul8bitLt: inputs will be cast from {A.dtype} to float16 during quantization")
  [146/164] HumanEval/145: FAIL (37701ms, 255 tok)
/home/szw/micromamba/envs/exp/lib/python3.10/site-packages/bitsandbytes/autograd/_functions.py:123: UserWarning: MatMul8bitLt: inputs will be cast from torch.bfloat16 to float16 during quantization
  warnings.warn(f"MatMul8bitLt: inputs will be cast from {A.dtype} to float16 during quantization")
  [147/164] HumanEval/146: PASS (31253ms, 211 tok)
/home/szw/micromamba/envs/exp/lib/python3.10/site-packages/bitsandbytes/autograd/_functions.py:123: UserWarning: MatMul8bitLt: inputs will be cast from torch.bfloat16 to float16 during quantization
  warnings.warn(f"MatMul8bitLt: inputs will be cast from {A.dtype} to float16 during quantization")
  [148/164] HumanEval/147: FAIL (75463ms, 512 tok)
/home/szw/micromamba/envs/exp/lib/python3.10/site-packages/bitsandbytes/autograd/_functions.py:123: UserWarning: MatMul8bitLt: inputs will be cast from torch.bfloat16 to float16 during quantization
  warnings.warn(f"MatMul8bitLt: inputs will be cast from {A.dtype} to float16 during quantization")
  [149/164] HumanEval/148: FAIL (43924ms, 297 tok)
/home/szw/micromamba/envs/exp/lib/python3.10/site-packages/bitsandbytes/autograd/_functions.py:123: UserWarning: MatMul8bitLt: inputs will be cast from torch.bfloat16 to float16 during quantization
  warnings.warn(f"MatMul8bitLt: inputs will be cast from {A.dtype} to float16 during quantization")
  [150/164] HumanEval/149: PASS (37489ms, 254 tok)
/home/szw/micromamba/envs/exp/lib/python3.10/site-packages/bitsandbytes/autograd/_functions.py:123: UserWarning: MatMul8bitLt: inputs will be cast from torch.bfloat16 to float16 during quantization
  warnings.warn(f"MatMul8bitLt: inputs will be cast from {A.dtype} to float16 during quantization")
  [151/164] HumanEval/150: FAIL (23917ms, 162 tok)
/home/szw/micromamba/envs/exp/lib/python3.10/site-packages/bitsandbytes/autograd/_functions.py:123: UserWarning: MatMul8bitLt: inputs will be cast from torch.bfloat16 to float16 during quantization
  warnings.warn(f"MatMul8bitLt: inputs will be cast from {A.dtype} to float16 during quantization")
  [152/164] HumanEval/151: FAIL (36294ms, 246 tok)
/home/szw/micromamba/envs/exp/lib/python3.10/site-packages/bitsandbytes/autograd/_functions.py:123: UserWarning: MatMul8bitLt: inputs will be cast from torch.bfloat16 to float16 during quantization
  warnings.warn(f"MatMul8bitLt: inputs will be cast from {A.dtype} to float16 during quantization")
  [153/164] HumanEval/152: PASS (43701ms, 296 tok)
/home/szw/micromamba/envs/exp/lib/python3.10/site-packages/bitsandbytes/autograd/_functions.py:123: UserWarning: MatMul8bitLt: inputs will be cast from torch.bfloat16 to float16 during quantization
  warnings.warn(f"MatMul8bitLt: inputs will be cast from {A.dtype} to float16 during quantization")
  [154/164] HumanEval/153: FAIL (31858ms, 216 tok)
/home/szw/micromamba/envs/exp/lib/python3.10/site-packages/bitsandbytes/autograd/_functions.py:123: UserWarning: MatMul8bitLt: inputs will be cast from torch.bfloat16 to float16 during quantization
  warnings.warn(f"MatMul8bitLt: inputs will be cast from {A.dtype} to float16 during quantization")
  [155/164] HumanEval/154: FAIL (32286ms, 219 tok)
/home/szw/micromamba/envs/exp/lib/python3.10/site-packages/bitsandbytes/autograd/_functions.py:123: UserWarning: MatMul8bitLt: inputs will be cast from torch.bfloat16 to float16 during quantization
  warnings.warn(f"MatMul8bitLt: inputs will be cast from {A.dtype} to float16 during quantization")
  [156/164] HumanEval/155: FAIL (30144ms, 204 tok)
/home/szw/micromamba/envs/exp/lib/python3.10/site-packages/bitsandbytes/autograd/_functions.py:123: UserWarning: MatMul8bitLt: inputs will be cast from torch.bfloat16 to float16 during quantization
  warnings.warn(f"MatMul8bitLt: inputs will be cast from {A.dtype} to float16 during quantization")
  [157/164] HumanEval/156: FAIL (52695ms, 357 tok)
/home/szw/micromamba/envs/exp/lib/python3.10/site-packages/bitsandbytes/autograd/_functions.py:123: UserWarning: MatMul8bitLt: inputs will be cast from torch.bfloat16 to float16 during quantization
  warnings.warn(f"MatMul8bitLt: inputs will be cast from {A.dtype} to float16 during quantization")
  [158/164] HumanEval/157: PASS (34163ms, 231 tok)
/home/szw/micromamba/envs/exp/lib/python3.10/site-packages/bitsandbytes/autograd/_functions.py:123: UserWarning: MatMul8bitLt: inputs will be cast from torch.bfloat16 to float16 during quantization
  warnings.warn(f"MatMul8bitLt: inputs will be cast from {A.dtype} to float16 during quantization")
  [159/164] HumanEval/158: FAIL (27671ms, 187 tok)
/home/szw/micromamba/envs/exp/lib/python3.10/site-packages/bitsandbytes/autograd/_functions.py:123: UserWarning: MatMul8bitLt: inputs will be cast from torch.bfloat16 to float16 during quantization
  warnings.warn(f"MatMul8bitLt: inputs will be cast from {A.dtype} to float16 during quantization")
  [160/164] HumanEval/159: FAIL (28988ms, 196 tok)
/home/szw/micromamba/envs/exp/lib/python3.10/site-packages/bitsandbytes/autograd/_functions.py:123: UserWarning: MatMul8bitLt: inputs will be cast from torch.bfloat16 to float16 during quantization
  warnings.warn(f"MatMul8bitLt: inputs will be cast from {A.dtype} to float16 during quantization")
  [161/164] HumanEval/160: FAIL (75376ms, 512 tok)
/home/szw/micromamba/envs/exp/lib/python3.10/site-packages/bitsandbytes/autograd/_functions.py:123: UserWarning: MatMul8bitLt: inputs will be cast from torch.bfloat16 to float16 during quantization
  warnings.warn(f"MatMul8bitLt: inputs will be cast from {A.dtype} to float16 during quantization")
  [162/164] HumanEval/161: PASS (26436ms, 179 tok)
/home/szw/micromamba/envs/exp/lib/python3.10/site-packages/bitsandbytes/autograd/_functions.py:123: UserWarning: MatMul8bitLt: inputs will be cast from torch.bfloat16 to float16 during quantization
  warnings.warn(f"MatMul8bitLt: inputs will be cast from {A.dtype} to float16 during quantization")
  [163/164] HumanEval/162: FAIL (75531ms, 512 tok)
/home/szw/micromamba/envs/exp/lib/python3.10/site-packages/bitsandbytes/autograd/_functions.py:123: UserWarning: MatMul8bitLt: inputs will be cast from torch.bfloat16 to float16 during quantization
  warnings.warn(f"MatMul8bitLt: inputs will be cast from {A.dtype} to float16 during quantization")
  [164/164] HumanEval/163: FAIL (40117ms, 271 tok)

  pass@1: 43.9%
  Mean latency: 40420ms
  ms/token: 148.4
  Tokens/sec: 6.7
  Peak GPU memory: 992 MB
  Energy/req: 2382.66 J, Energy/tok: 8749.97 mJ
  Saved to /home/szw/efficient-codegen-exp/results/energy_round/pareto/P02.json

============================================================
Config: P03
  Model: /home/szw/efficient-codegen-exp/models/Qwen2.5-Coder-0.5B-Instruct
  Precision: int4, Decoding: standard, Sampling: greedy
============================================================
Loading model...
Loading weights:   0%|          | 0/290 [00:00<?, ?it/s]Loading weights:  10%|▉         | 28/290 [00:00<00:00, 275.34it/s]Loading weights:  43%|████▎     | 124/290 [00:00<00:00, 664.87it/s]Loading weights:  76%|███████▌  | 220/290 [00:00<00:00, 788.86it/s]Loading weights: 100%|██████████| 290/290 [00:00<00:00, 765.76it/s]
Loaded 164 HumanEval problems
  [  1/164] HumanEval/0: PASS (27254ms, 512 tok)
  [  2/164] HumanEval/1: FAIL (17063ms, 320 tok)
  [  3/164] HumanEval/2: PASS (27818ms, 512 tok)
  [  4/164] HumanEval/3: PASS (28301ms, 512 tok)
  [  5/164] HumanEval/4: PASS (14793ms, 266 tok)
  [  6/164] HumanEval/5: PASS (28302ms, 512 tok)
  [  7/164] HumanEval/6: FAIL (17479ms, 320 tok)
  [  8/164] HumanEval/7: PASS (27898ms, 512 tok)
  [  9/164] HumanEval/8: PASS (17152ms, 314 tok)
  [ 10/164] HumanEval/9: PASS (27966ms, 512 tok)
  [ 11/164] HumanEval/10: FAIL (27916ms, 512 tok)
  [ 12/164] HumanEval/11: PASS (27934ms, 512 tok)
  [ 13/164] HumanEval/12: PASS (27944ms, 512 tok)
  [ 14/164] HumanEval/13: PASS (27913ms, 512 tok)
  [ 15/164] HumanEval/14: FAIL (28163ms, 512 tok)
  [ 16/164] HumanEval/15: FAIL (12128ms, 218 tok)
  [ 17/164] HumanEval/16: PASS (28395ms, 512 tok)
  [ 18/164] HumanEval/17: PASS (28417ms, 512 tok)
  [ 19/164] HumanEval/18: PASS (7740ms, 139 tok)
  [ 20/164] HumanEval/19: FAIL (21542ms, 390 tok)
  [ 21/164] HumanEval/20: FAIL (17693ms, 320 tok)
  [ 22/164] HumanEval/21: PASS (28243ms, 512 tok)
  [ 23/164] HumanEval/22: PASS (28349ms, 512 tok)
  [ 24/164] HumanEval/23: PASS (7408ms, 134 tok)
  [ 25/164] HumanEval/24: PASS (28210ms, 512 tok)
  [ 26/164] HumanEval/25: PASS (28301ms, 512 tok)
  [ 27/164] HumanEval/26: FAIL (15183ms, 275 tok)
  [ 28/164] HumanEval/27: PASS (28238ms, 512 tok)
  [ 29/164] HumanEval/28: PASS (28300ms, 512 tok)
  [ 30/164] HumanEval/29: PASS (28260ms, 512 tok)
  [ 31/164] HumanEval/30: PASS (11793ms, 214 tok)
  [ 32/164] HumanEval/31: PASS (17635ms, 320 tok)
  [ 33/164] HumanEval/32: FAIL (28173ms, 512 tok)
  [ 34/164] HumanEval/33: FAIL (28226ms, 512 tok)
  [ 35/164] HumanEval/34: PASS (28313ms, 512 tok)
  [ 36/164] HumanEval/35: PASS (28266ms, 512 tok)
  [ 37/164] HumanEval/36: FAIL (6461ms, 117 tok)
  [ 38/164] HumanEval/37: FAIL (28347ms, 512 tok)
  [ 39/164] HumanEval/38: FAIL (27011ms, 512 tok)
  [ 40/164] HumanEval/39: FAIL (13660ms, 259 tok)
  [ 41/164] HumanEval/40: PASS (16528ms, 314 tok)
  [ 42/164] HumanEval/41: PASS (7124ms, 135 tok)
  [ 43/164] HumanEval/42: PASS (13617ms, 258 tok)
  [ 44/164] HumanEval/43: PASS (14900ms, 283 tok)
  [ 45/164] HumanEval/44: PASS (13279ms, 252 tok)
  [ 46/164] HumanEval/45: PASS (26936ms, 512 tok)
  [ 47/164] HumanEval/46: PASS (25637ms, 488 tok)
  [ 48/164] HumanEval/47: PASS (26940ms, 512 tok)
  [ 49/164] HumanEval/48: PASS (6671ms, 126 tok)
  [ 50/164] HumanEval/49: FAIL (13597ms, 258 tok)
  [ 51/164] HumanEval/50: FAIL (8493ms, 161 tok)
  [ 52/164] HumanEval/51: PASS (6250ms, 118 tok)
  [ 53/164] HumanEval/52: PASS (26963ms, 512 tok)
  [ 54/164] HumanEval/53: PASS (26967ms, 512 tok)
  [ 55/164] HumanEval/54: PASS (9782ms, 185 tok)
  [ 56/164] HumanEval/55: PASS (32803ms, 512 tok)
  [ 57/164] HumanEval/56: PASS (27410ms, 512 tok)
  [ 58/164] HumanEval/57: PASS (7782ms, 145 tok)
  [ 59/164] HumanEval/58: PASS (11507ms, 215 tok)
  [ 60/164] HumanEval/59: PASS (27449ms, 512 tok)
  [ 61/164] HumanEval/60: PASS (10312ms, 193 tok)
  [ 62/164] HumanEval/61: PASS (27313ms, 512 tok)
  [ 63/164] HumanEval/62: FAIL (12617ms, 235 tok)
  [ 64/164] HumanEval/63: PASS (11413ms, 213 tok)
  [ 65/164] HumanEval/64: FAIL (27476ms, 512 tok)
  [ 66/164] HumanEval/65: FAIL (27411ms, 512 tok)
  [ 67/164] HumanEval/66: PASS (5217ms, 97 tok)
  [ 68/164] HumanEval/67: PASS (15769ms, 296 tok)
  [ 69/164] HumanEval/68: FAIL (11965ms, 224 tok)
  [ 70/164] HumanEval/69: FAIL (5003ms, 93 tok)
  [ 71/164] HumanEval/70: FAIL (18034ms, 335 tok)
  [ 72/164] HumanEval/71: FAIL (13521ms, 253 tok)
  [ 73/164] HumanEval/72: FAIL (14690ms, 275 tok)
  [ 74/164] HumanEval/73: PASS (14296ms, 268 tok)
  [ 75/164] HumanEval/74: FAIL (6912ms, 129 tok)
  [ 76/164] HumanEval/75: FAIL (14730ms, 276 tok)
  [ 77/164] HumanEval/76: PASS (13620ms, 255 tok)
  [ 78/164] HumanEval/77: FAIL (27381ms, 512 tok)
  [ 79/164] HumanEval/78: FAIL (8933ms, 166 tok)
  [ 80/164] HumanEval/79: FAIL (8374ms, 156 tok)
  [ 81/164] HumanEval/80: FAIL (13193ms, 246 tok)
  [ 82/164] HumanEval/81: PASS (27392ms, 512 tok)
  [ 83/164] HumanEval/82: PASS (13224ms, 247 tok)
  [ 84/164] HumanEval/83: FAIL (13762ms, 257 tok)
  [ 85/164] HumanEval/84: FAIL (11852ms, 222 tok)
  [ 86/164] HumanEval/85: PASS (27285ms, 512 tok)
  [ 87/164] HumanEval/86: FAIL (11640ms, 218 tok)
  [ 88/164] HumanEval/87: FAIL (6655ms, 124 tok)
  [ 89/164] HumanEval/88: FAIL (7072ms, 132 tok)
  [ 90/164] HumanEval/89: FAIL (16278ms, 304 tok)
  [ 91/164] HumanEval/90: FAIL (8135ms, 152 tok)
  [ 92/164] HumanEval/91: FAIL (27342ms, 512 tok)
  [ 93/164] HumanEval/92: FAIL (5096ms, 95 tok)
  [ 94/164] HumanEval/93: FAIL (20737ms, 389 tok)
  [ 95/164] HumanEval/94: PASS (27358ms, 512 tok)
  [ 96/164] HumanEval/95: FAIL (12782ms, 239 tok)
  [ 97/164] HumanEval/96: FAIL (18305ms, 342 tok)
  [ 98/164] HumanEval/97: FAIL (4374ms, 81 tok)
  [ 99/164] HumanEval/98: PASS (16659ms, 312 tok)
  [100/164] HumanEval/99: FAIL (13962ms, 262 tok)
  [101/164] HumanEval/100: FAIL (16072ms, 301 tok)
  [102/164] HumanEval/101: FAIL (14575ms, 273 tok)
  [103/164] HumanEval/102: FAIL (27301ms, 512 tok)
  [104/164] HumanEval/103: FAIL (10513ms, 196 tok)
  [105/164] HumanEval/104: FAIL (18962ms, 355 tok)
  [106/164] HumanEval/105: FAIL (14387ms, 269 tok)
  [107/164] HumanEval/106: PASS (15019ms, 281 tok)
  [108/164] HumanEval/107: PASS (13174ms, 246 tok)
  [109/164] HumanEval/108: FAIL (4039ms, 75 tok)
  [110/164] HumanEval/109: FAIL (11354ms, 212 tok)
  [111/164] HumanEval/110: PASS (16232ms, 304 tok)
  [112/164] HumanEval/111: FAIL (18135ms, 340 tok)
  [113/164] HumanEval/112: FAIL (27310ms, 512 tok)
  [114/164] HumanEval/113: PASS (14951ms, 280 tok)
  [115/164] HumanEval/114: FAIL (9521ms, 178 tok)
  [116/164] HumanEval/115: FAIL (17529ms, 328 tok)
  [117/164] HumanEval/116: PASS (14563ms, 273 tok)
  [118/164] HumanEval/117: FAIL (16137ms, 303 tok)
  [119/164] HumanEval/118: FAIL (11805ms, 221 tok)
  [120/164] HumanEval/119: FAIL (16636ms, 312 tok)
  [121/164] HumanEval/120: FAIL (9994ms, 187 tok)
  [122/164] HumanEval/121: PASS (13772ms, 258 tok)
  [123/164] HumanEval/122: PASS (29892ms, 512 tok)
  [124/164] HumanEval/123: FAIL (9367ms, 180 tok)
  [125/164] HumanEval/124: FAIL (22796ms, 439 tok)
  [126/164] HumanEval/125: FAIL (8259ms, 159 tok)
  [127/164] HumanEval/126: FAIL (14585ms, 281 tok)
  [128/164] HumanEval/127: FAIL (26568ms, 512 tok)
  [129/164] HumanEval/128: FAIL (13497ms, 260 tok)
  [130/164] HumanEval/129: FAIL (27077ms, 512 tok)
  [131/164] HumanEval/130: FAIL (27610ms, 512 tok)
  [132/164] HumanEval/131: FAIL (8838ms, 163 tok)
  [133/164] HumanEval/132: FAIL (11545ms, 214 tok)
  [134/164] HumanEval/133: FAIL (5837ms, 108 tok)
  [135/164] HumanEval/134: FAIL (12133ms, 225 tok)
  [136/164] HumanEval/135: FAIL (27590ms, 512 tok)
  [137/164] HumanEval/136: FAIL (27616ms, 512 tok)
  [138/164] HumanEval/137: FAIL (14660ms, 272 tok)
  [139/164] HumanEval/138: FAIL (8060ms, 149 tok)
  [140/164] HumanEval/139: FAIL (27600ms, 512 tok)
  [141/164] HumanEval/140: FAIL (10232ms, 189 tok)
  [142/164] HumanEval/141: FAIL (27609ms, 512 tok)
  [143/164] HumanEval/142: PASS (16682ms, 308 tok)
  [144/164] HumanEval/143: FAIL (11638ms, 215 tok)
  [145/164] HumanEval/144: FAIL (11500ms, 213 tok)
  [146/164] HumanEval/145: FAIL (18401ms, 341 tok)
  [147/164] HumanEval/146: FAIL (27589ms, 512 tok)
  [148/164] HumanEval/147: FAIL (27576ms, 512 tok)
  [149/164] HumanEval/148: FAIL (21195ms, 394 tok)
  [150/164] HumanEval/149: PASS (27565ms, 512 tok)
  [151/164] HumanEval/150: FAIL (8881ms, 164 tok)
  [152/164] HumanEval/151: PASS (11615ms, 215 tok)
  [153/164] HumanEval/152: FAIL (5410ms, 100 tok)
  [154/164] HumanEval/153: FAIL (27533ms, 512 tok)
  [155/164] HumanEval/154: FAIL (13644ms, 253 tok)
  [156/164] HumanEval/155: FAIL (13624ms, 253 tok)
  [157/164] HumanEval/156: FAIL (19026ms, 353 tok)
  [158/164] HumanEval/157: PASS (13088ms, 242 tok)
  [159/164] HumanEval/158: FAIL (27606ms, 512 tok)
  [160/164] HumanEval/159: FAIL (10689ms, 198 tok)
  [161/164] HumanEval/160: FAIL (27604ms, 512 tok)
  [162/164] HumanEval/161: FAIL (11392ms, 211 tok)
  [163/164] HumanEval/162: FAIL (19224ms, 356 tok)
  [164/164] HumanEval/163: FAIL (15004ms, 278 tok)

  pass@1: 40.9%
  Mean latency: 18029ms
  ms/token: 53.9
  Tokens/sec: 18.6
  Peak GPU memory: 992 MB
  Energy/req: 1103.72 J, Energy/tok: 3306.79 mJ
  Saved to /home/szw/efficient-codegen-exp/results/energy_round/pareto/P03.json

============================================================
Config: P04
  Model: /home/szw/efficient-codegen-exp/models/Qwen2.5-Coder-1.5B-Instruct
  Precision: fp16, Decoding: standard, Sampling: greedy
============================================================
Loading model...
Loading weights:   0%|          | 0/338 [00:00<?, ?it/s]Loading weights:   0%|          | 1/338 [00:00<02:10,  2.58it/s]Loading weights:  15%|█▌        | 51/338 [00:00<00:02, 128.31it/s]Loading weights:  22%|██▏       | 75/338 [00:00<00:01, 151.55it/s]Loading weights:  29%|██▉       | 99/338 [00:00<00:01, 172.57it/s]Loading weights:  37%|███▋      | 125/338 [00:00<00:01, 194.96it/s]Loading weights:  47%|████▋     | 159/338 [00:00<00:00, 234.17it/s]Loading weights:  55%|█████▌    | 186/338 [00:01<00:00, 229.42it/s]Loading weights:  65%|██████▌   | 221/338 [00:01<00:00, 241.65it/s]Loading weights:  76%|███████▌  | 256/338 [00:01<00:00, 268.11it/s]Loading weights:  84%|████████▍ | 285/338 [00:01<00:00, 266.99it/s]Loading weights:  93%|█████████▎| 315/338 [00:01<00:00, 269.78it/s]Loading weights: 100%|██████████| 338/338 [00:01<00:00, 217.16it/s]
Loaded 164 HumanEval problems
  [  1/164] HumanEval/0: PASS (4867ms, 127 tok)
  [  2/164] HumanEval/1: PASS (4672ms, 122 tok)
  [  3/164] HumanEval/2: PASS (6397ms, 167 tok)
  [  4/164] HumanEval/3: PASS (4594ms, 120 tok)
  [  5/164] HumanEval/4: FAIL (19541ms, 512 tok)
  [  6/164] HumanEval/5: FAIL (3089ms, 83 tok)
  [  7/164] HumanEval/6: FAIL (6440ms, 166 tok)
  [  8/164] HumanEval/7: PASS (2729ms, 70 tok)
  [  9/164] HumanEval/8: PASS (3890ms, 100 tok)
  [ 10/164] HumanEval/9: PASS (19831ms, 512 tok)
  [ 11/164] HumanEval/10: FAIL (3158ms, 81 tok)
  [ 12/164] HumanEval/11: FAIL (19900ms, 512 tok)
  [ 13/164] HumanEval/12: PASS (2940ms, 75 tok)
  [ 14/164] HumanEval/13: PASS (4808ms, 123 tok)
  [ 15/164] HumanEval/14: PASS (3246ms, 83 tok)
  [ 16/164] HumanEval/15: PASS (8361ms, 214 tok)
  [ 17/164] HumanEval/16: PASS (7601ms, 195 tok)
  [ 18/164] HumanEval/17: FAIL (5514ms, 141 tok)
  [ 19/164] HumanEval/18: PASS (9754ms, 250 tok)
  [ 20/164] HumanEval/19: PASS (8267ms, 212 tok)
  [ 21/164] HumanEval/20: PASS (9722ms, 250 tok)
  [ 22/164] HumanEval/21: PASS (4352ms, 111 tok)
  [ 23/164] HumanEval/22: PASS (1387ms, 35 tok)
  [ 24/164] HumanEval/23: PASS (19954ms, 512 tok)
  [ 25/164] HumanEval/24: PASS (9265ms, 238 tok)
  [ 26/164] HumanEval/25: PASS (5724ms, 147 tok)
  [ 27/164] HumanEval/26: FAIL (3012ms, 77 tok)
  [ 28/164] HumanEval/27: PASS (7213ms, 185 tok)
  [ 29/164] HumanEval/28: PASS (1654ms, 42 tok)
  [ 30/164] HumanEval/29: PASS (2666ms, 68 tok)
  [ 31/164] HumanEval/30: PASS (8569ms, 220 tok)
  [ 32/164] HumanEval/31: PASS (19922ms, 512 tok)
  [ 33/164] HumanEval/32: FAIL (6133ms, 157 tok)
  [ 34/164] HumanEval/33: FAIL (19906ms, 512 tok)
  [ 35/164] HumanEval/34: PASS (8800ms, 226 tok)
  [ 36/164] HumanEval/35: PASS (12470ms, 320 tok)
  [ 37/164] HumanEval/36: PASS (7967ms, 204 tok)
  [ 38/164] HumanEval/37: FAIL (8535ms, 219 tok)
  [ 39/164] HumanEval/38: PASS (10665ms, 274 tok)
  [ 40/164] HumanEval/39: FAIL (12998ms, 334 tok)
  [ 41/164] HumanEval/40: PASS (11819ms, 304 tok)
  [ 42/164] HumanEval/41: PASS (8250ms, 212 tok)
  [ 43/164] HumanEval/42: PASS (8220ms, 211 tok)
  [ 44/164] HumanEval/43: PASS (10616ms, 273 tok)
  [ 45/164] HumanEval/44: PASS (9805ms, 252 tok)
  [ 46/164] HumanEval/45: PASS (7910ms, 203 tok)
  [ 47/164] HumanEval/46: PASS (8318ms, 214 tok)
  [ 48/164] HumanEval/47: FAIL (19924ms, 512 tok)
  [ 49/164] HumanEval/48: PASS (7251ms, 186 tok)
  [ 50/164] HumanEval/49: FAIL (5462ms, 140 tok)
  [ 51/164] HumanEval/50: PASS (5362ms, 137 tok)
  [ 52/164] HumanEval/51: PASS (9263ms, 238 tok)
  [ 53/164] HumanEval/52: PASS (6296ms, 161 tok)
  [ 54/164] HumanEval/53: PASS (6362ms, 163 tok)
  [ 55/164] HumanEval/54: FAIL (9387ms, 241 tok)
  [ 56/164] HumanEval/55: PASS (8033ms, 206 tok)
  [ 57/164] HumanEval/56: PASS (8144ms, 211 tok)
  [ 58/164] HumanEval/57: FAIL (7566ms, 196 tok)
  [ 59/164] HumanEval/58: PASS (1254ms, 32 tok)
  [ 60/164] HumanEval/59: FAIL (11344ms, 294 tok)
  [ 61/164] HumanEval/60: PASS (19796ms, 512 tok)
  [ 62/164] HumanEval/61: PASS (19756ms, 512 tok)
  [ 63/164] HumanEval/62: PASS (5215ms, 135 tok)
  [ 64/164] HumanEval/63: PASS (7393ms, 191 tok)
  [ 65/164] HumanEval/64: PASS (7518ms, 195 tok)
  [ 66/164] HumanEval/65: FAIL (12065ms, 313 tok)
  [ 67/164] HumanEval/66: PASS (9036ms, 234 tok)
  [ 68/164] HumanEval/67: FAIL (19739ms, 512 tok)
  [ 69/164] HumanEval/68: FAIL (19731ms, 512 tok)
  [ 70/164] HumanEval/69: FAIL (13870ms, 360 tok)
  [ 71/164] HumanEval/70: FAIL (8310ms, 215 tok)
  [ 72/164] HumanEval/71: FAIL (9024ms, 234 tok)
  [ 73/164] HumanEval/72: PASS (8175ms, 212 tok)
  [ 74/164] HumanEval/73: PASS (8905ms, 231 tok)
  [ 75/164] HumanEval/74: FAIL (19715ms, 512 tok)
  [ 76/164] HumanEval/75: FAIL (7488ms, 194 tok)
  [ 77/164] HumanEval/76: FAIL (19724ms, 512 tok)
  [ 78/164] HumanEval/77: FAIL (7095ms, 184 tok)
  [ 79/164] HumanEval/78: FAIL (6800ms, 176 tok)
  [ 80/164] HumanEval/79: PASS (9331ms, 242 tok)
  [ 81/164] HumanEval/80: PASS (11098ms, 288 tok)
  [ 82/164] HumanEval/81: FAIL (6937ms, 180 tok)
  [ 83/164] HumanEval/82: FAIL (9856ms, 256 tok)
  [ 84/164] HumanEval/83: FAIL (11379ms, 295 tok)
  [ 85/164] HumanEval/84: PASS (7084ms, 184 tok)
  [ 86/164] HumanEval/85: PASS (19713ms, 512 tok)
  [ 87/164] HumanEval/86: FAIL (9036ms, 235 tok)
  [ 88/164] HumanEval/87: FAIL (9100ms, 236 tok)
  [ 89/164] HumanEval/88: FAIL (8820ms, 229 tok)
  [ 90/164] HumanEval/89: PASS (9814ms, 255 tok)
  [ 91/164] HumanEval/90: FAIL (13512ms, 351 tok)
  [ 92/164] HumanEval/91: FAIL (10778ms, 279 tok)
  [ 93/164] HumanEval/92: PASS (13359ms, 347 tok)
  [ 94/164] HumanEval/93: FAIL (6441ms, 167 tok)
  [ 95/164] HumanEval/94: FAIL (8005ms, 207 tok)
  [ 96/164] HumanEval/95: FAIL (9942ms, 258 tok)
  [ 97/164] HumanEval/96: FAIL (15064ms, 391 tok)
  [ 98/164] HumanEval/97: PASS (9148ms, 237 tok)
  [ 99/164] HumanEval/98: PASS (10796ms, 280 tok)
  [100/164] HumanEval/99: FAIL (11026ms, 286 tok)
  [101/164] HumanEval/100: PASS (10797ms, 280 tok)
  [102/164] HumanEval/101: FAIL (11681ms, 303 tok)
  [103/164] HumanEval/102: FAIL (10439ms, 271 tok)
  [104/164] HumanEval/103: FAIL (14145ms, 367 tok)
  [105/164] HumanEval/104: PASS (11737ms, 306 tok)
  [106/164] HumanEval/105: FAIL (11553ms, 315 tok)
  [107/164] HumanEval/106: FAIL (8695ms, 236 tok)
  [108/164] HumanEval/107: PASS (9753ms, 266 tok)
  [109/164] HumanEval/108: FAIL (6994ms, 190 tok)
  [110/164] HumanEval/109: FAIL (10878ms, 296 tok)
  [111/164] HumanEval/110: FAIL (5076ms, 138 tok)
  [112/164] HumanEval/111: PASS (14675ms, 400 tok)
  [113/164] HumanEval/112: FAIL (16537ms, 451 tok)
  [114/164] HumanEval/113: FAIL (10492ms, 285 tok)
  [115/164] HumanEval/114: FAIL (18769ms, 512 tok)
  [116/164] HumanEval/115: FAIL (18861ms, 512 tok)
  [117/164] HumanEval/116: PASS (7890ms, 213 tok)
  [118/164] HumanEval/117: FAIL (17353ms, 473 tok)
  [119/164] HumanEval/118: FAIL (8114ms, 221 tok)
  [120/164] HumanEval/119: FAIL (15305ms, 418 tok)
  [121/164] HumanEval/120: FAIL (4156ms, 113 tok)
  [122/164] HumanEval/121: FAIL (12147ms, 331 tok)
  [123/164] HumanEval/122: FAIL (9425ms, 257 tok)
  [124/164] HumanEval/123: FAIL (10590ms, 289 tok)
  [125/164] HumanEval/124: FAIL (16798ms, 459 tok)
  [126/164] HumanEval/125: FAIL (7966ms, 217 tok)
  [127/164] HumanEval/126: FAIL (18838ms, 512 tok)
  [128/164] HumanEval/127: FAIL (5355ms, 146 tok)
  [129/164] HumanEval/128: FAIL (6272ms, 171 tok)
  [130/164] HumanEval/129: FAIL (18747ms, 512 tok)
  [131/164] HumanEval/130: FAIL (6890ms, 188 tok)
  [132/164] HumanEval/131: FAIL (13777ms, 376 tok)
  [133/164] HumanEval/132: FAIL (12222ms, 333 tok)
  [134/164] HumanEval/133: FAIL (18779ms, 512 tok)
  [135/164] HumanEval/134: FAIL (10109ms, 275 tok)
  [136/164] HumanEval/135: FAIL (7314ms, 199 tok)
  [137/164] HumanEval/136: PASS (12387ms, 337 tok)
  [138/164] HumanEval/137: FAIL (9684ms, 264 tok)
  [139/164] HumanEval/138: PASS (7389ms, 201 tok)
  [140/164] HumanEval/139: FAIL (8593ms, 234 tok)
  [141/164] HumanEval/140: FAIL (8858ms, 241 tok)
  [142/164] HumanEval/141: PASS (15614ms, 424 tok)
  [143/164] HumanEval/142: FAIL (9754ms, 266 tok)
  [144/164] HumanEval/143: PASS (10032ms, 273 tok)
  [145/164] HumanEval/144: FAIL (7725ms, 210 tok)
  [146/164] HumanEval/145: FAIL (9034ms, 246 tok)
  [147/164] HumanEval/146: FAIL (7798ms, 212 tok)
  [148/164] HumanEval/147: FAIL (5177ms, 141 tok)
  [149/164] HumanEval/148: FAIL (11873ms, 324 tok)
  [150/164] HumanEval/149: PASS (10819ms, 295 tok)
  [151/164] HumanEval/150: FAIL (8440ms, 230 tok)
  [152/164] HumanEval/151: FAIL (9202ms, 251 tok)
  [153/164] HumanEval/152: PASS (10731ms, 293 tok)
  [154/164] HumanEval/153: FAIL (7594ms, 207 tok)
  [155/164] HumanEval/154: PASS (25602ms, 512 tok)
  [156/164] HumanEval/155: FAIL (16724ms, 319 tok)
  [157/164] HumanEval/156: PASS (13894ms, 362 tok)
  [158/164] HumanEval/157: FAIL (15049ms, 392 tok)
  [159/164] HumanEval/158: PASS (9740ms, 254 tok)
  [160/164] HumanEval/159: PASS (8833ms, 230 tok)
  [161/164] HumanEval/160: FAIL (7249ms, 189 tok)
  [162/164] HumanEval/161: FAIL (5163ms, 134 tok)
  [163/164] HumanEval/162: PASS (8794ms, 229 tok)
  [164/164] HumanEval/163: FAIL (12564ms, 327 tok)

  pass@1: 46.3%
  Mean latency: 10147ms
  ms/token: 38.3
  Tokens/sec: 26.2
  Peak GPU memory: 3003 MB
  Energy/req: 751.26 J, Energy/tok: 2832.67 mJ
  Saved to /home/szw/efficient-codegen-exp/results/energy_round/pareto/P04.json

============================================================
Config: P05
  Model: /home/szw/efficient-codegen-exp/models/Qwen2.5-Coder-1.5B-Instruct
  Precision: int8, Decoding: standard, Sampling: greedy
============================================================
Loading model...
Loading weights:   0%|          | 0/338 [00:00<?, ?it/s]Loading weights:   1%|          | 3/338 [00:00<00:12, 25.84it/s]Loading weights:   6%|▌         | 21/338 [00:00<00:02, 109.12it/s]Loading weights:  12%|█▏        | 40/338 [00:00<00:02, 140.02it/s]Loading weights:  17%|█▋        | 57/338 [00:00<00:01, 149.68it/s]Loading weights:  22%|██▏       | 76/338 [00:00<00:01, 153.63it/s]Loading weights:  28%|██▊       | 93/338 [00:00<00:01, 157.60it/s]Loading weights:  32%|███▏      | 109/338 [00:00<00:01, 156.07it/s]Loading weights:  37%|███▋      | 125/338 [00:01<00:02, 104.75it/s]Loading weights:  41%|████      | 138/338 [00:01<00:01, 101.08it/s]Loading weights:  44%|████▍     | 150/338 [00:01<00:01, 98.17it/s] Loading weights:  48%|████▊     | 161/338 [00:01<00:01, 93.22it/s]Loading weights:  51%|█████     | 173/338 [00:01<00:01, 92.29it/s]Loading weights:  55%|█████▍    | 185/338 [00:01<00:01, 90.81it/s]Loading weights:  58%|█████▊    | 197/338 [00:01<00:01, 90.49it/s]Loading weights:  62%|██████▏   | 209/338 [00:01<00:01, 90.30it/s]Loading weights:  65%|██████▌   | 221/338 [00:02<00:01, 90.31it/s]Loading weights:  69%|██████▉   | 233/338 [00:02<00:01, 89.30it/s]Loading weights:  72%|███████▏  | 244/338 [00:02<00:00, 94.12it/s]Loading weights:  75%|███████▌  | 255/338 [00:02<00:00, 97.55it/s]Loading weights:  78%|███████▊  | 265/338 [00:02<00:00, 97.94it/s]Loading weights:  81%|████████▏ | 275/338 [00:02<00:00, 88.28it/s]Loading weights:  84%|████████▍ | 285/338 [00:02<00:00, 82.79it/s]Loading weights:  87%|████████▋ | 294/338 [00:02<00:00, 79.23it/s]Loading weights:  90%|████████▉ | 304/338 [00:03<00:00, 72.84it/s]Loading weights:  92%|█████████▏| 312/338 [00:03<00:00, 74.49it/s]Loading weights:  95%|█████████▍| 320/338 [00:03<00:00, 55.90it/s]Loading weights:  97%|█████████▋| 328/338 [00:03<00:00, 52.93it/s]Loading weights: 100%|█████████▉| 337/338 [00:03<00:00, 60.31it/s]Loading weights: 100%|██████████| 338/338 [00:03<00:00, 90.60it/s]
Loaded 164 HumanEval problems
/home/szw/micromamba/envs/exp/lib/python3.10/site-packages/bitsandbytes/autograd/_functions.py:123: UserWarning: MatMul8bitLt: inputs will be cast from torch.bfloat16 to float16 during quantization
  warnings.warn(f"MatMul8bitLt: inputs will be cast from {A.dtype} to float16 during quantization")
  [  1/164] HumanEval/0: PASS (21956ms, 127 tok)
/home/szw/micromamba/envs/exp/lib/python3.10/site-packages/bitsandbytes/autograd/_functions.py:123: UserWarning: MatMul8bitLt: inputs will be cast from torch.bfloat16 to float16 during quantization
  warnings.warn(f"MatMul8bitLt: inputs will be cast from {A.dtype} to float16 during quantization")
  [  2/164] HumanEval/1: FAIL (18502ms, 107 tok)
/home/szw/micromamba/envs/exp/lib/python3.10/site-packages/bitsandbytes/autograd/_functions.py:123: UserWarning: MatMul8bitLt: inputs will be cast from torch.bfloat16 to float16 during quantization
  warnings.warn(f"MatMul8bitLt: inputs will be cast from {A.dtype} to float16 during quantization")
  [  3/164] HumanEval/2: PASS (28631ms, 167 tok)
/home/szw/micromamba/envs/exp/lib/python3.10/site-packages/bitsandbytes/autograd/_functions.py:123: UserWarning: MatMul8bitLt: inputs will be cast from torch.bfloat16 to float16 during quantization
  warnings.warn(f"MatMul8bitLt: inputs will be cast from {A.dtype} to float16 during quantization")
  [  4/164] HumanEval/3: PASS (8999ms, 52 tok)
/home/szw/micromamba/envs/exp/lib/python3.10/site-packages/bitsandbytes/autograd/_functions.py:123: UserWarning: MatMul8bitLt: inputs will be cast from torch.bfloat16 to float16 during quantization
  warnings.warn(f"MatMul8bitLt: inputs will be cast from {A.dtype} to float16 during quantization")
  [  5/164] HumanEval/4: PASS (54565ms, 317 tok)
/home/szw/micromamba/envs/exp/lib/python3.10/site-packages/bitsandbytes/autograd/_functions.py:123: UserWarning: MatMul8bitLt: inputs will be cast from torch.bfloat16 to float16 during quantization
  warnings.warn(f"MatMul8bitLt: inputs will be cast from {A.dtype} to float16 during quantization")
  [  6/164] HumanEval/5: FAIL (14461ms, 83 tok)
/home/szw/micromamba/envs/exp/lib/python3.10/site-packages/bitsandbytes/autograd/_functions.py:123: UserWarning: MatMul8bitLt: inputs will be cast from torch.bfloat16 to float16 during quantization
  warnings.warn(f"MatMul8bitLt: inputs will be cast from {A.dtype} to float16 during quantization")
  [  7/164] HumanEval/6: PASS (28430ms, 164 tok)
/home/szw/micromamba/envs/exp/lib/python3.10/site-packages/bitsandbytes/autograd/_functions.py:123: UserWarning: MatMul8bitLt: inputs will be cast from torch.bfloat16 to float16 during quantization
  warnings.warn(f"MatMul8bitLt: inputs will be cast from {A.dtype} to float16 during quantization")
  [  8/164] HumanEval/7: PASS (12050ms, 70 tok)
/home/szw/micromamba/envs/exp/lib/python3.10/site-packages/bitsandbytes/autograd/_functions.py:123: UserWarning: MatMul8bitLt: inputs will be cast from torch.bfloat16 to float16 during quantization
  warnings.warn(f"MatMul8bitLt: inputs will be cast from {A.dtype} to float16 during quantization")
  [  9/164] HumanEval/8: PASS (17305ms, 100 tok)
/home/szw/micromamba/envs/exp/lib/python3.10/site-packages/bitsandbytes/autograd/_functions.py:123: UserWarning: MatMul8bitLt: inputs will be cast from torch.bfloat16 to float16 during quantization
  warnings.warn(f"MatMul8bitLt: inputs will be cast from {A.dtype} to float16 during quantization")
  [ 10/164] HumanEval/9: PASS (90587ms, 512 tok)
/home/szw/micromamba/envs/exp/lib/python3.10/site-packages/bitsandbytes/autograd/_functions.py:123: UserWarning: MatMul8bitLt: inputs will be cast from torch.bfloat16 to float16 during quantization
  warnings.warn(f"MatMul8bitLt: inputs will be cast from {A.dtype} to float16 during quantization")
  [ 11/164] HumanEval/10: FAIL (11806ms, 68 tok)
/home/szw/micromamba/envs/exp/lib/python3.10/site-packages/bitsandbytes/autograd/_functions.py:123: UserWarning: MatMul8bitLt: inputs will be cast from torch.bfloat16 to float16 during quantization
  warnings.warn(f"MatMul8bitLt: inputs will be cast from {A.dtype} to float16 during quantization")
  [ 12/164] HumanEval/11: FAIL (15932ms, 94 tok)
/home/szw/micromamba/envs/exp/lib/python3.10/site-packages/bitsandbytes/autograd/_functions.py:123: UserWarning: MatMul8bitLt: inputs will be cast from torch.bfloat16 to float16 during quantization
  warnings.warn(f"MatMul8bitLt: inputs will be cast from {A.dtype} to float16 during quantization")
  [ 13/164] HumanEval/12: PASS (12883ms, 75 tok)
/home/szw/micromamba/envs/exp/lib/python3.10/site-packages/bitsandbytes/autograd/_functions.py:123: UserWarning: MatMul8bitLt: inputs will be cast from torch.bfloat16 to float16 during quantization
  warnings.warn(f"MatMul8bitLt: inputs will be cast from {A.dtype} to float16 during quantization")
  [ 14/164] HumanEval/13: PASS (21035ms, 123 tok)
/home/szw/micromamba/envs/exp/lib/python3.10/site-packages/bitsandbytes/autograd/_functions.py:123: UserWarning: MatMul8bitLt: inputs will be cast from torch.bfloat16 to float16 during quantization
  warnings.warn(f"MatMul8bitLt: inputs will be cast from {A.dtype} to float16 during quantization")
  [ 15/164] HumanEval/14: PASS (87442ms, 512 tok)
/home/szw/micromamba/envs/exp/lib/python3.10/site-packages/bitsandbytes/autograd/_functions.py:123: UserWarning: MatMul8bitLt: inputs will be cast from torch.bfloat16 to float16 during quantization
  warnings.warn(f"MatMul8bitLt: inputs will be cast from {A.dtype} to float16 during quantization")
  [ 16/164] HumanEval/15: PASS (35801ms, 211 tok)
/home/szw/micromamba/envs/exp/lib/python3.10/site-packages/bitsandbytes/autograd/_functions.py:123: UserWarning: MatMul8bitLt: inputs will be cast from torch.bfloat16 to float16 during quantization
  warnings.warn(f"MatMul8bitLt: inputs will be cast from {A.dtype} to float16 during quantization")
  [ 17/164] HumanEval/16: PASS (33957ms, 195 tok)
/home/szw/micromamba/envs/exp/lib/python3.10/site-packages/bitsandbytes/autograd/_functions.py:123: UserWarning: MatMul8bitLt: inputs will be cast from torch.bfloat16 to float16 during quantization
  warnings.warn(f"MatMul8bitLt: inputs will be cast from {A.dtype} to float16 during quantization")
  [ 18/164] HumanEval/17: FAIL (25105ms, 141 tok)
/home/szw/micromamba/envs/exp/lib/python3.10/site-packages/bitsandbytes/autograd/_functions.py:123: UserWarning: MatMul8bitLt: inputs will be cast from torch.bfloat16 to float16 during quantization
  warnings.warn(f"MatMul8bitLt: inputs will be cast from {A.dtype} to float16 during quantization")
  [ 19/164] HumanEval/18: PASS (44273ms, 250 tok)
/home/szw/micromamba/envs/exp/lib/python3.10/site-packages/bitsandbytes/autograd/_functions.py:123: UserWarning: MatMul8bitLt: inputs will be cast from torch.bfloat16 to float16 during quantization
  warnings.warn(f"MatMul8bitLt: inputs will be cast from {A.dtype} to float16 during quantization")
  [ 20/164] HumanEval/19: PASS (29422ms, 165 tok)
/home/szw/micromamba/envs/exp/lib/python3.10/site-packages/bitsandbytes/autograd/_functions.py:123: UserWarning: MatMul8bitLt: inputs will be cast from torch.bfloat16 to float16 during quantization
  warnings.warn(f"MatMul8bitLt: inputs will be cast from {A.dtype} to float16 during quantization")
  [ 21/164] HumanEval/20: PASS (44559ms, 250 tok)
/home/szw/micromamba/envs/exp/lib/python3.10/site-packages/bitsandbytes/autograd/_functions.py:123: UserWarning: MatMul8bitLt: inputs will be cast from torch.bfloat16 to float16 during quantization
  warnings.warn(f"MatMul8bitLt: inputs will be cast from {A.dtype} to float16 during quantization")
  [ 22/164] HumanEval/21: PASS (20106ms, 112 tok)
/home/szw/micromamba/envs/exp/lib/python3.10/site-packages/bitsandbytes/autograd/_functions.py:123: UserWarning: MatMul8bitLt: inputs will be cast from torch.bfloat16 to float16 during quantization
  warnings.warn(f"MatMul8bitLt: inputs will be cast from {A.dtype} to float16 during quantization")
  [ 23/164] HumanEval/22: PASS (14401ms, 81 tok)
/home/szw/micromamba/envs/exp/lib/python3.10/site-packages/bitsandbytes/autograd/_functions.py:123: UserWarning: MatMul8bitLt: inputs will be cast from torch.bfloat16 to float16 during quantization
  warnings.warn(f"MatMul8bitLt: inputs will be cast from {A.dtype} to float16 during quantization")
  [ 24/164] HumanEval/23: PASS (67753ms, 381 tok)
/home/szw/micromamba/envs/exp/lib/python3.10/site-packages/bitsandbytes/autograd/_functions.py:123: UserWarning: MatMul8bitLt: inputs will be cast from torch.bfloat16 to float16 during quantization
  warnings.warn(f"MatMul8bitLt: inputs will be cast from {A.dtype} to float16 during quantization")
  [ 25/164] HumanEval/24: PASS (41869ms, 249 tok)
/home/szw/micromamba/envs/exp/lib/python3.10/site-packages/bitsandbytes/autograd/_functions.py:123: UserWarning: MatMul8bitLt: inputs will be cast from torch.bfloat16 to float16 during quantization
  warnings.warn(f"MatMul8bitLt: inputs will be cast from {A.dtype} to float16 during quantization")
  [ 26/164] HumanEval/25: PASS (25012ms, 147 tok)
/home/szw/micromamba/envs/exp/lib/python3.10/site-packages/bitsandbytes/autograd/_functions.py:123: UserWarning: MatMul8bitLt: inputs will be cast from torch.bfloat16 to float16 during quantization
  warnings.warn(f"MatMul8bitLt: inputs will be cast from {A.dtype} to float16 during quantization")
  [ 27/164] HumanEval/26: FAIL (13064ms, 77 tok)
/home/szw/micromamba/envs/exp/lib/python3.10/site-packages/bitsandbytes/autograd/_functions.py:123: UserWarning: MatMul8bitLt: inputs will be cast from torch.bfloat16 to float16 during quantization
  warnings.warn(f"MatMul8bitLt: inputs will be cast from {A.dtype} to float16 during quantization")
  [ 28/164] HumanEval/27: PASS (30876ms, 185 tok)
/home/szw/micromamba/envs/exp/lib/python3.10/site-packages/bitsandbytes/autograd/_functions.py:123: UserWarning: MatMul8bitLt: inputs will be cast from torch.bfloat16 to float16 during quantization
  warnings.warn(f"MatMul8bitLt: inputs will be cast from {A.dtype} to float16 during quantization")
  [ 29/164] HumanEval/28: PASS (7062ms, 42 tok)
/home/szw/micromamba/envs/exp/lib/python3.10/site-packages/bitsandbytes/autograd/_functions.py:123: UserWarning: MatMul8bitLt: inputs will be cast from torch.bfloat16 to float16 during quantization
  warnings.warn(f"MatMul8bitLt: inputs will be cast from {A.dtype} to float16 during quantization")
  [ 30/164] HumanEval/29: PASS (11409ms, 68 tok)
/home/szw/micromamba/envs/exp/lib/python3.10/site-packages/bitsandbytes/autograd/_functions.py:123: UserWarning: MatMul8bitLt: inputs will be cast from torch.bfloat16 to float16 during quantization
  warnings.warn(f"MatMul8bitLt: inputs will be cast from {A.dtype} to float16 during quantization")
  [ 31/164] HumanEval/30: PASS (36915ms, 220 tok)
/home/szw/micromamba/envs/exp/lib/python3.10/site-packages/bitsandbytes/autograd/_functions.py:123: UserWarning: MatMul8bitLt: inputs will be cast from torch.bfloat16 to float16 during quantization
  warnings.warn(f"MatMul8bitLt: inputs will be cast from {A.dtype} to float16 during quantization")
  [ 32/164] HumanEval/31: PASS (40299ms, 239 tok)
/home/szw/micromamba/envs/exp/lib/python3.10/site-packages/bitsandbytes/autograd/_functions.py:123: UserWarning: MatMul8bitLt: inputs will be cast from torch.bfloat16 to float16 during quantization
  warnings.warn(f"MatMul8bitLt: inputs will be cast from {A.dtype} to float16 during quantization")
  [ 33/164] HumanEval/32: FAIL (22947ms, 135 tok)
/home/szw/micromamba/envs/exp/lib/python3.10/site-packages/bitsandbytes/autograd/_functions.py:123: UserWarning: MatMul8bitLt: inputs will be cast from torch.bfloat16 to float16 during quantization
  warnings.warn(f"MatMul8bitLt: inputs will be cast from {A.dtype} to float16 during quantization")
  [ 34/164] HumanEval/33: FAIL (86272ms, 512 tok)
/home/szw/micromamba/envs/exp/lib/python3.10/site-packages/bitsandbytes/autograd/_functions.py:123: UserWarning: MatMul8bitLt: inputs will be cast from torch.bfloat16 to float16 during quantization
  warnings.warn(f"MatMul8bitLt: inputs will be cast from {A.dtype} to float16 during quantization")
  [ 35/164] HumanEval/34: PASS (38726ms, 230 tok)
/home/szw/micromamba/envs/exp/lib/python3.10/site-packages/bitsandbytes/autograd/_functions.py:123: UserWarning: MatMul8bitLt: inputs will be cast from torch.bfloat16 to float16 during quantization
  warnings.warn(f"MatMul8bitLt: inputs will be cast from {A.dtype} to float16 during quantization")
  [ 36/164] HumanEval/35: PASS (21945ms, 130 tok)
/home/szw/micromamba/envs/exp/lib/python3.10/site-packages/bitsandbytes/autograd/_functions.py:123: UserWarning: MatMul8bitLt: inputs will be cast from torch.bfloat16 to float16 during quantization
  warnings.warn(f"MatMul8bitLt: inputs will be cast from {A.dtype} to float16 during quantization")
  [ 37/164] HumanEval/36: PASS (34397ms, 204 tok)
/home/szw/micromamba/envs/exp/lib/python3.10/site-packages/bitsandbytes/autograd/_functions.py:123: UserWarning: MatMul8bitLt: inputs will be cast from torch.bfloat16 to float16 during quantization
  warnings.warn(f"MatMul8bitLt: inputs will be cast from {A.dtype} to float16 during quantization")
  [ 38/164] HumanEval/37: FAIL (45237ms, 269 tok)
/home/szw/micromamba/envs/exp/lib/python3.10/site-packages/bitsandbytes/autograd/_functions.py:123: UserWarning: MatMul8bitLt: inputs will be cast from torch.bfloat16 to float16 during quantization
  warnings.warn(f"MatMul8bitLt: inputs will be cast from {A.dtype} to float16 during quantization")
  [ 39/164] HumanEval/38: PASS (46405ms, 274 tok)
/home/szw/micromamba/envs/exp/lib/python3.10/site-packages/bitsandbytes/autograd/_functions.py:123: UserWarning: MatMul8bitLt: inputs will be cast from torch.bfloat16 to float16 during quantization
  warnings.warn(f"MatMul8bitLt: inputs will be cast from {A.dtype} to float16 during quantization")
  [ 40/164] HumanEval/39: FAIL (51498ms, 305 tok)
/home/szw/micromamba/envs/exp/lib/python3.10/site-packages/bitsandbytes/autograd/_functions.py:123: UserWarning: MatMul8bitLt: inputs will be cast from torch.bfloat16 to float16 during quantization
  warnings.warn(f"MatMul8bitLt: inputs will be cast from {A.dtype} to float16 during quantization")
  [ 41/164] HumanEval/40: PASS (51558ms, 304 tok)
/home/szw/micromamba/envs/exp/lib/python3.10/site-packages/bitsandbytes/autograd/_functions.py:123: UserWarning: MatMul8bitLt: inputs will be cast from torch.bfloat16 to float16 during quantization
  warnings.warn(f"MatMul8bitLt: inputs will be cast from {A.dtype} to float16 during quantization")
  [ 42/164] HumanEval/41: PASS (35465ms, 210 tok)
/home/szw/micromamba/envs/exp/lib/python3.10/site-packages/bitsandbytes/autograd/_functions.py:123: UserWarning: MatMul8bitLt: inputs will be cast from torch.bfloat16 to float16 during quantization
  warnings.warn(f"MatMul8bitLt: inputs will be cast from {A.dtype} to float16 during quantization")
  [ 43/164] HumanEval/42: PASS (35483ms, 211 tok)
/home/szw/micromamba/envs/exp/lib/python3.10/site-packages/bitsandbytes/autograd/_functions.py:123: UserWarning: MatMul8bitLt: inputs will be cast from torch.bfloat16 to float16 during quantization
  warnings.warn(f"MatMul8bitLt: inputs will be cast from {A.dtype} to float16 during quantization")
  [ 44/164] HumanEval/43: PASS (34927ms, 207 tok)
/home/szw/micromamba/envs/exp/lib/python3.10/site-packages/bitsandbytes/autograd/_functions.py:123: UserWarning: MatMul8bitLt: inputs will be cast from torch.bfloat16 to float16 during quantization
  warnings.warn(f"MatMul8bitLt: inputs will be cast from {A.dtype} to float16 during quantization")
  [ 45/164] HumanEval/44: PASS (42440ms, 252 tok)
/home/szw/micromamba/envs/exp/lib/python3.10/site-packages/bitsandbytes/autograd/_functions.py:123: UserWarning: MatMul8bitLt: inputs will be cast from torch.bfloat16 to float16 during quantization
  warnings.warn(f"MatMul8bitLt: inputs will be cast from {A.dtype} to float16 during quantization")
  [ 46/164] HumanEval/45: PASS (18057ms, 107 tok)
/home/szw/micromamba/envs/exp/lib/python3.10/site-packages/bitsandbytes/autograd/_functions.py:123: UserWarning: MatMul8bitLt: inputs will be cast from torch.bfloat16 to float16 during quantization
  warnings.warn(f"MatMul8bitLt: inputs will be cast from {A.dtype} to float16 during quantization")
  [ 47/164] HumanEval/46: PASS (36419ms, 214 tok)
/home/szw/micromamba/envs/exp/lib/python3.10/site-packages/bitsandbytes/autograd/_functions.py:123: UserWarning: MatMul8bitLt: inputs will be cast from torch.bfloat16 to float16 during quantization
  warnings.warn(f"MatMul8bitLt: inputs will be cast from {A.dtype} to float16 during quantization")
  [ 48/164] HumanEval/47: FAIL (34084ms, 200 tok)
/home/szw/micromamba/envs/exp/lib/python3.10/site-packages/bitsandbytes/autograd/_functions.py:123: UserWarning: MatMul8bitLt: inputs will be cast from torch.bfloat16 to float16 during quantization
  warnings.warn(f"MatMul8bitLt: inputs will be cast from {A.dtype} to float16 during quantization")
  [ 49/164] HumanEval/48: PASS (31094ms, 186 tok)
/home/szw/micromamba/envs/exp/lib/python3.10/site-packages/bitsandbytes/autograd/_functions.py:123: UserWarning: MatMul8bitLt: inputs will be cast from torch.bfloat16 to float16 during quantization
  warnings.warn(f"MatMul8bitLt: inputs will be cast from {A.dtype} to float16 during quantization")
  [ 50/164] HumanEval/49: FAIL (23371ms, 139 tok)
/home/szw/micromamba/envs/exp/lib/python3.10/site-packages/bitsandbytes/autograd/_functions.py:123: UserWarning: MatMul8bitLt: inputs will be cast from torch.bfloat16 to float16 during quantization
  warnings.warn(f"MatMul8bitLt: inputs will be cast from {A.dtype} to float16 during quantization")
  [ 51/164] HumanEval/50: PASS (24511ms, 146 tok)
/home/szw/micromamba/envs/exp/lib/python3.10/site-packages/bitsandbytes/autograd/_functions.py:123: UserWarning: MatMul8bitLt: inputs will be cast from torch.bfloat16 to float16 during quantization
  warnings.warn(f"MatMul8bitLt: inputs will be cast from {A.dtype} to float16 during quantization")
  [ 52/164] HumanEval/51: PASS (39768ms, 238 tok)
/home/szw/micromamba/envs/exp/lib/python3.10/site-packages/bitsandbytes/autograd/_functions.py:123: UserWarning: MatMul8bitLt: inputs will be cast from torch.bfloat16 to float16 during quantization
  warnings.warn(f"MatMul8bitLt: inputs will be cast from {A.dtype} to float16 during quantization")
  [ 53/164] HumanEval/52: PASS (27193ms, 161 tok)
/home/szw/micromamba/envs/exp/lib/python3.10/site-packages/bitsandbytes/autograd/_functions.py:123: UserWarning: MatMul8bitLt: inputs will be cast from torch.bfloat16 to float16 during quantization
  warnings.warn(f"MatMul8bitLt: inputs will be cast from {A.dtype} to float16 during quantization")
  [ 54/164] HumanEval/53: PASS (57162ms, 339 tok)
/home/szw/micromamba/envs/exp/lib/python3.10/site-packages/bitsandbytes/autograd/_functions.py:123: UserWarning: MatMul8bitLt: inputs will be cast from torch.bfloat16 to float16 during quantization
  warnings.warn(f"MatMul8bitLt: inputs will be cast from {A.dtype} to float16 during quantization")
  [ 55/164] HumanEval/54: FAIL (40295ms, 241 tok)
/home/szw/micromamba/envs/exp/lib/python3.10/site-packages/bitsandbytes/autograd/_functions.py:123: UserWarning: MatMul8bitLt: inputs will be cast from torch.bfloat16 to float16 during quantization
  warnings.warn(f"MatMul8bitLt: inputs will be cast from {A.dtype} to float16 during quantization")
  [ 56/164] HumanEval/55: PASS (34799ms, 206 tok)
/home/szw/micromamba/envs/exp/lib/python3.10/site-packages/bitsandbytes/autograd/_functions.py:123: UserWarning: MatMul8bitLt: inputs will be cast from torch.bfloat16 to float16 during quantization
  warnings.warn(f"MatMul8bitLt: inputs will be cast from {A.dtype} to float16 during quantization")
  [ 57/164] HumanEval/56: PASS (12547ms, 74 tok)
/home/szw/micromamba/envs/exp/lib/python3.10/site-packages/bitsandbytes/autograd/_functions.py:123: UserWarning: MatMul8bitLt: inputs will be cast from torch.bfloat16 to float16 during quantization
  warnings.warn(f"MatMul8bitLt: inputs will be cast from {A.dtype} to float16 during quantization")
  [ 58/164] HumanEval/57: FAIL (33704ms, 199 tok)
/home/szw/micromamba/envs/exp/lib/python3.10/site-packages/bitsandbytes/autograd/_functions.py:123: UserWarning: MatMul8bitLt: inputs will be cast from torch.bfloat16 to float16 during quantization
  warnings.warn(f"MatMul8bitLt: inputs will be cast from {A.dtype} to float16 during quantization")
  [ 59/164] HumanEval/58: PASS (5410ms, 32 tok)
/home/szw/micromamba/envs/exp/lib/python3.10/site-packages/bitsandbytes/autograd/_functions.py:123: UserWarning: MatMul8bitLt: inputs will be cast from torch.bfloat16 to float16 during quantization
  warnings.warn(f"MatMul8bitLt: inputs will be cast from {A.dtype} to float16 during quantization")
  [ 60/164] HumanEval/59: FAIL (49473ms, 294 tok)
/home/szw/micromamba/envs/exp/lib/python3.10/site-packages/bitsandbytes/autograd/_functions.py:123: UserWarning: MatMul8bitLt: inputs will be cast from torch.bfloat16 to float16 during quantization
  warnings.warn(f"MatMul8bitLt: inputs will be cast from {A.dtype} to float16 during quantization")
  [ 61/164] HumanEval/60: PASS (77964ms, 464 tok)
/home/szw/micromamba/envs/exp/lib/python3.10/site-packages/bitsandbytes/autograd/_functions.py:123: UserWarning: MatMul8bitLt: inputs will be cast from torch.bfloat16 to float16 during quantization
  warnings.warn(f"MatMul8bitLt: inputs will be cast from {A.dtype} to float16 during quantization")
  [ 62/164] HumanEval/61: PASS (41763ms, 247 tok)
/home/szw/micromamba/envs/exp/lib/python3.10/site-packages/bitsandbytes/autograd/_functions.py:123: UserWarning: MatMul8bitLt: inputs will be cast from torch.bfloat16 to float16 during quantization
  warnings.warn(f"MatMul8bitLt: inputs will be cast from {A.dtype} to float16 during quantization")
  [ 63/164] HumanEval/62: PASS (22871ms, 135 tok)
/home/szw/micromamba/envs/exp/lib/python3.10/site-packages/bitsandbytes/autograd/_functions.py:123: UserWarning: MatMul8bitLt: inputs will be cast from torch.bfloat16 to float16 during quantization
  warnings.warn(f"MatMul8bitLt: inputs will be cast from {A.dtype} to float16 during quantization")
  [ 64/164] HumanEval/63: FAIL (32448ms, 191 tok)
/home/szw/micromamba/envs/exp/lib/python3.10/site-packages/bitsandbytes/autograd/_functions.py:123: UserWarning: MatMul8bitLt: inputs will be cast from torch.bfloat16 to float16 during quantization
  warnings.warn(f"MatMul8bitLt: inputs will be cast from {A.dtype} to float16 during quantization")
  [ 65/164] HumanEval/64: PASS (27862ms, 163 tok)
/home/szw/micromamba/envs/exp/lib/python3.10/site-packages/bitsandbytes/autograd/_functions.py:123: UserWarning: MatMul8bitLt: inputs will be cast from torch.bfloat16 to float16 during quantization
  warnings.warn(f"MatMul8bitLt: inputs will be cast from {A.dtype} to float16 during quantization")
  [ 66/164] HumanEval/65: PASS (59258ms, 319 tok)
/home/szw/micromamba/envs/exp/lib/python3.10/site-packages/bitsandbytes/autograd/_functions.py:123: UserWarning: MatMul8bitLt: inputs will be cast from torch.bfloat16 to float16 during quantization
  warnings.warn(f"MatMul8bitLt: inputs will be cast from {A.dtype} to float16 during quantization")
  [ 67/164] HumanEval/66: PASS (43286ms, 251 tok)
/home/szw/micromamba/envs/exp/lib/python3.10/site-packages/bitsandbytes/autograd/_functions.py:123: UserWarning: MatMul8bitLt: inputs will be cast from torch.bfloat16 to float16 during quantization
  warnings.warn(f"MatMul8bitLt: inputs will be cast from {A.dtype} to float16 during quantization")
  [ 68/164] HumanEval/67: FAIL (88238ms, 512 tok)
/home/szw/micromamba/envs/exp/lib/python3.10/site-packages/bitsandbytes/autograd/_functions.py:123: UserWarning: MatMul8bitLt: inputs will be cast from torch.bfloat16 to float16 during quantization
  warnings.warn(f"MatMul8bitLt: inputs will be cast from {A.dtype} to float16 during quantization")
  [ 69/164] HumanEval/68: FAIL (16013ms, 92 tok)
/home/szw/micromamba/envs/exp/lib/python3.10/site-packages/bitsandbytes/autograd/_functions.py:123: UserWarning: MatMul8bitLt: inputs will be cast from torch.bfloat16 to float16 during quantization
  warnings.warn(f"MatMul8bitLt: inputs will be cast from {A.dtype} to float16 during quantization")
  [ 70/164] HumanEval/69: FAIL (62025ms, 357 tok)
/home/szw/micromamba/envs/exp/lib/python3.10/site-packages/bitsandbytes/autograd/_functions.py:123: UserWarning: MatMul8bitLt: inputs will be cast from torch.bfloat16 to float16 during quantization
  warnings.warn(f"MatMul8bitLt: inputs will be cast from {A.dtype} to float16 during quantization")
  [ 71/164] HumanEval/70: FAIL (37197ms, 215 tok)
/home/szw/micromamba/envs/exp/lib/python3.10/site-packages/bitsandbytes/autograd/_functions.py:123: UserWarning: MatMul8bitLt: inputs will be cast from torch.bfloat16 to float16 during quantization
  warnings.warn(f"MatMul8bitLt: inputs will be cast from {A.dtype} to float16 during quantization")
  [ 72/164] HumanEval/71: FAIL (40373ms, 231 tok)
/home/szw/micromamba/envs/exp/lib/python3.10/site-packages/bitsandbytes/autograd/_functions.py:123: UserWarning: MatMul8bitLt: inputs will be cast from torch.bfloat16 to float16 during quantization
  warnings.warn(f"MatMul8bitLt: inputs will be cast from {A.dtype} to float16 during quantization")
  [ 73/164] HumanEval/72: PASS (36837ms, 212 tok)
/home/szw/micromamba/envs/exp/lib/python3.10/site-packages/bitsandbytes/autograd/_functions.py:123: UserWarning: MatMul8bitLt: inputs will be cast from torch.bfloat16 to float16 during quantization
  warnings.warn(f"MatMul8bitLt: inputs will be cast from {A.dtype} to float16 during quantization")
  [ 74/164] HumanEval/73: PASS (41188ms, 231 tok)
/home/szw/micromamba/envs/exp/lib/python3.10/site-packages/bitsandbytes/autograd/_functions.py:123: UserWarning: MatMul8bitLt: inputs will be cast from torch.bfloat16 to float16 during quantization
  warnings.warn(f"MatMul8bitLt: inputs will be cast from {A.dtype} to float16 during quantization")
  [ 75/164] HumanEval/74: FAIL (90438ms, 512 tok)
/home/szw/micromamba/envs/exp/lib/python3.10/site-packages/bitsandbytes/autograd/_functions.py:123: UserWarning: MatMul8bitLt: inputs will be cast from torch.bfloat16 to float16 during quantization
  warnings.warn(f"MatMul8bitLt: inputs will be cast from {A.dtype} to float16 during quantization")
  [ 76/164] HumanEval/75: FAIL (33340ms, 187 tok)
/home/szw/micromamba/envs/exp/lib/python3.10/site-packages/bitsandbytes/autograd/_functions.py:123: UserWarning: MatMul8bitLt: inputs will be cast from torch.bfloat16 to float16 during quantization
  warnings.warn(f"MatMul8bitLt: inputs will be cast from {A.dtype} to float16 during quantization")
  [ 77/164] HumanEval/76: FAIL (32008ms, 179 tok)
/home/szw/micromamba/envs/exp/lib/python3.10/site-packages/bitsandbytes/autograd/_functions.py:123: UserWarning: MatMul8bitLt: inputs will be cast from torch.bfloat16 to float16 during quantization
  warnings.warn(f"MatMul8bitLt: inputs will be cast from {A.dtype} to float16 during quantization")
  [ 78/164] HumanEval/77: FAIL (33291ms, 186 tok)
/home/szw/micromamba/envs/exp/lib/python3.10/site-packages/bitsandbytes/autograd/_functions.py:123: UserWarning: MatMul8bitLt: inputs will be cast from torch.bfloat16 to float16 during quantization
  warnings.warn(f"MatMul8bitLt: inputs will be cast from {A.dtype} to float16 during quantization")
  [ 79/164] HumanEval/78: FAIL (31218ms, 176 tok)
/home/szw/micromamba/envs/exp/lib/python3.10/site-packages/bitsandbytes/autograd/_functions.py:123: UserWarning: MatMul8bitLt: inputs will be cast from torch.bfloat16 to float16 during quantization
  warnings.warn(f"MatMul8bitLt: inputs will be cast from {A.dtype} to float16 during quantization")
  [ 80/164] HumanEval/79: PASS (42643ms, 240 tok)
/home/szw/micromamba/envs/exp/lib/python3.10/site-packages/bitsandbytes/autograd/_functions.py:123: UserWarning: MatMul8bitLt: inputs will be cast from torch.bfloat16 to float16 during quantization
  warnings.warn(f"MatMul8bitLt: inputs will be cast from {A.dtype} to float16 during quantization")
  [ 81/164] HumanEval/80: PASS (49231ms, 275 tok)
/home/szw/micromamba/envs/exp/lib/python3.10/site-packages/bitsandbytes/autograd/_functions.py:123: UserWarning: MatMul8bitLt: inputs will be cast from torch.bfloat16 to float16 during quantization
  warnings.warn(f"MatMul8bitLt: inputs will be cast from {A.dtype} to float16 during quantization")
  [ 82/164] HumanEval/81: FAIL (52852ms, 297 tok)
/home/szw/micromamba/envs/exp/lib/python3.10/site-packages/bitsandbytes/autograd/_functions.py:123: UserWarning: MatMul8bitLt: inputs will be cast from torch.bfloat16 to float16 during quantization
  warnings.warn(f"MatMul8bitLt: inputs will be cast from {A.dtype} to float16 during quantization")
  [ 83/164] HumanEval/82: FAIL (45589ms, 256 tok)
/home/szw/micromamba/envs/exp/lib/python3.10/site-packages/bitsandbytes/autograd/_functions.py:123: UserWarning: MatMul8bitLt: inputs will be cast from torch.bfloat16 to float16 during quantization
  warnings.warn(f"MatMul8bitLt: inputs will be cast from {A.dtype} to float16 during quantization")
  [ 84/164] HumanEval/83: FAIL (46201ms, 258 tok)
/home/szw/micromamba/envs/exp/lib/python3.10/site-packages/bitsandbytes/autograd/_functions.py:123: UserWarning: MatMul8bitLt: inputs will be cast from torch.bfloat16 to float16 during quantization
  warnings.warn(f"MatMul8bitLt: inputs will be cast from {A.dtype} to float16 during quantization")
  [ 85/164] HumanEval/84: PASS (32081ms, 180 tok)
/home/szw/micromamba/envs/exp/lib/python3.10/site-packages/bitsandbytes/autograd/_functions.py:123: UserWarning: MatMul8bitLt: inputs will be cast from torch.bfloat16 to float16 during quantization
  warnings.warn(f"MatMul8bitLt: inputs will be cast from {A.dtype} to float16 during quantization")
  [ 86/164] HumanEval/85: PASS (91560ms, 512 tok)
/home/szw/micromamba/envs/exp/lib/python3.10/site-packages/bitsandbytes/autograd/_functions.py:123: UserWarning: MatMul8bitLt: inputs will be cast from torch.bfloat16 to float16 during quantization
  warnings.warn(f"MatMul8bitLt: inputs will be cast from {A.dtype} to float16 during quantization")
  [ 87/164] HumanEval/86: FAIL (42428ms, 238 tok)
/home/szw/micromamba/envs/exp/lib/python3.10/site-packages/bitsandbytes/autograd/_functions.py:123: UserWarning: MatMul8bitLt: inputs will be cast from torch.bfloat16 to float16 during quantization
  warnings.warn(f"MatMul8bitLt: inputs will be cast from {A.dtype} to float16 during quantization")
  [ 88/164] HumanEval/87: FAIL (42299ms, 237 tok)
/home/szw/micromamba/envs/exp/lib/python3.10/site-packages/bitsandbytes/autograd/_functions.py:123: UserWarning: MatMul8bitLt: inputs will be cast from torch.bfloat16 to float16 during quantization
  warnings.warn(f"MatMul8bitLt: inputs will be cast from {A.dtype} to float16 during quantization")
  [ 89/164] HumanEval/88: FAIL (40338ms, 228 tok)
/home/szw/micromamba/envs/exp/lib/python3.10/site-packages/bitsandbytes/autograd/_functions.py:123: UserWarning: MatMul8bitLt: inputs will be cast from torch.bfloat16 to float16 during quantization
  warnings.warn(f"MatMul8bitLt: inputs will be cast from {A.dtype} to float16 during quantization")
  [ 90/164] HumanEval/89: FAIL (38350ms, 214 tok)
/home/szw/micromamba/envs/exp/lib/python3.10/site-packages/bitsandbytes/autograd/_functions.py:123: UserWarning: MatMul8bitLt: inputs will be cast from torch.bfloat16 to float16 during quantization
  warnings.warn(f"MatMul8bitLt: inputs will be cast from {A.dtype} to float16 during quantization")
  [ 91/164] HumanEval/90: FAIL (35612ms, 200 tok)
/home/szw/micromamba/envs/exp/lib/python3.10/site-packages/bitsandbytes/autograd/_functions.py:123: UserWarning: MatMul8bitLt: inputs will be cast from torch.bfloat16 to float16 during quantization
  warnings.warn(f"MatMul8bitLt: inputs will be cast from {A.dtype} to float16 during quantization")
  [ 92/164] HumanEval/91: FAIL (53244ms, 299 tok)
/home/szw/micromamba/envs/exp/lib/python3.10/site-packages/bitsandbytes/autograd/_functions.py:123: UserWarning: MatMul8bitLt: inputs will be cast from torch.bfloat16 to float16 during quantization
  warnings.warn(f"MatMul8bitLt: inputs will be cast from {A.dtype} to float16 during quantization")
  [ 93/164] HumanEval/92: PASS (34942ms, 195 tok)
/home/szw/micromamba/envs/exp/lib/python3.10/site-packages/bitsandbytes/autograd/_functions.py:123: UserWarning: MatMul8bitLt: inputs will be cast from torch.bfloat16 to float16 during quantization
  warnings.warn(f"MatMul8bitLt: inputs will be cast from {A.dtype} to float16 during quantization")
  [ 94/164] HumanEval/93: FAIL (58496ms, 328 tok)
/home/szw/micromamba/envs/exp/lib/python3.10/site-packages/bitsandbytes/autograd/_functions.py:123: UserWarning: MatMul8bitLt: inputs will be cast from torch.bfloat16 to float16 during quantization
  warnings.warn(f"MatMul8bitLt: inputs will be cast from {A.dtype} to float16 during quantization")
  [ 95/164] HumanEval/94: FAIL (37289ms, 207 tok)
/home/szw/micromamba/envs/exp/lib/python3.10/site-packages/bitsandbytes/autograd/_functions.py:123: UserWarning: MatMul8bitLt: inputs will be cast from torch.bfloat16 to float16 during quantization
  warnings.warn(f"MatMul8bitLt: inputs will be cast from {A.dtype} to float16 during quantization")
  [ 96/164] HumanEval/95: FAIL (44684ms, 258 tok)
/home/szw/micromamba/envs/exp/lib/python3.10/site-packages/bitsandbytes/autograd/_functions.py:123: UserWarning: MatMul8bitLt: inputs will be cast from torch.bfloat16 to float16 during quantization
  warnings.warn(f"MatMul8bitLt: inputs will be cast from {A.dtype} to float16 during quantization")
  [ 97/164] HumanEval/96: FAIL (67379ms, 391 tok)
/home/szw/micromamba/envs/exp/lib/python3.10/site-packages/bitsandbytes/autograd/_functions.py:123: UserWarning: MatMul8bitLt: inputs will be cast from torch.bfloat16 to float16 during quantization
  warnings.warn(f"MatMul8bitLt: inputs will be cast from {A.dtype} to float16 during quantization")
  [ 98/164] HumanEval/97: PASS (40705ms, 237 tok)
/home/szw/micromamba/envs/exp/lib/python3.10/site-packages/bitsandbytes/autograd/_functions.py:123: UserWarning: MatMul8bitLt: inputs will be cast from torch.bfloat16 to float16 during quantization
  warnings.warn(f"MatMul8bitLt: inputs will be cast from {A.dtype} to float16 during quantization")
  [ 99/164] HumanEval/98: PASS (52104ms, 303 tok)
/home/szw/micromamba/envs/exp/lib/python3.10/site-packages/bitsandbytes/autograd/_functions.py:123: UserWarning: MatMul8bitLt: inputs will be cast from torch.bfloat16 to float16 during quantization
  warnings.warn(f"MatMul8bitLt: inputs will be cast from {A.dtype} to float16 during quantization")
  [100/164] HumanEval/99: PASS (58453ms, 337 tok)
/home/szw/micromamba/envs/exp/lib/python3.10/site-packages/bitsandbytes/autograd/_functions.py:123: UserWarning: MatMul8bitLt: inputs will be cast from torch.bfloat16 to float16 during quantization
  warnings.warn(f"MatMul8bitLt: inputs will be cast from {A.dtype} to float16 during quantization")
  [101/164] HumanEval/100: PASS (61427ms, 293 tok)
/home/szw/micromamba/envs/exp/lib/python3.10/site-packages/bitsandbytes/autograd/_functions.py:123: UserWarning: MatMul8bitLt: inputs will be cast from torch.bfloat16 to float16 during quantization
  warnings.warn(f"MatMul8bitLt: inputs will be cast from {A.dtype} to float16 during quantization")
  [102/164] HumanEval/101: FAIL (91137ms, 512 tok)
/home/szw/micromamba/envs/exp/lib/python3.10/site-packages/bitsandbytes/autograd/_functions.py:123: UserWarning: MatMul8bitLt: inputs will be cast from torch.bfloat16 to float16 during quantization
  warnings.warn(f"MatMul8bitLt: inputs will be cast from {A.dtype} to float16 during quantization")
  [103/164] HumanEval/102: FAIL (33056ms, 185 tok)
/home/szw/micromamba/envs/exp/lib/python3.10/site-packages/bitsandbytes/autograd/_functions.py:123: UserWarning: MatMul8bitLt: inputs will be cast from torch.bfloat16 to float16 during quantization
  warnings.warn(f"MatMul8bitLt: inputs will be cast from {A.dtype} to float16 during quantization")
  [104/164] HumanEval/103: FAIL (33395ms, 186 tok)
/home/szw/micromamba/envs/exp/lib/python3.10/site-packages/bitsandbytes/autograd/_functions.py:123: UserWarning: MatMul8bitLt: inputs will be cast from torch.bfloat16 to float16 during quantization
  warnings.warn(f"MatMul8bitLt: inputs will be cast from {A.dtype} to float16 during quantization")
  [105/164] HumanEval/104: PASS (59829ms, 335 tok)
/home/szw/micromamba/envs/exp/lib/python3.10/site-packages/bitsandbytes/autograd/_functions.py:123: UserWarning: MatMul8bitLt: inputs will be cast from torch.bfloat16 to float16 during quantization
  warnings.warn(f"MatMul8bitLt: inputs will be cast from {A.dtype} to float16 during quantization")
  [106/164] HumanEval/105: FAIL (55256ms, 309 tok)
/home/szw/micromamba/envs/exp/lib/python3.10/site-packages/bitsandbytes/autograd/_functions.py:123: UserWarning: MatMul8bitLt: inputs will be cast from torch.bfloat16 to float16 during quantization
  warnings.warn(f"MatMul8bitLt: inputs will be cast from {A.dtype} to float16 during quantization")
  [107/164] HumanEval/106: FAIL (41331ms, 236 tok)
/home/szw/micromamba/envs/exp/lib/python3.10/site-packages/bitsandbytes/autograd/_functions.py:123: UserWarning: MatMul8bitLt: inputs will be cast from torch.bfloat16 to float16 during quantization
  warnings.warn(f"MatMul8bitLt: inputs will be cast from {A.dtype} to float16 during quantization")
  [108/164] HumanEval/107: PASS (48992ms, 282 tok)
/home/szw/micromamba/envs/exp/lib/python3.10/site-packages/bitsandbytes/autograd/_functions.py:123: UserWarning: MatMul8bitLt: inputs will be cast from torch.bfloat16 to float16 during quantization
  warnings.warn(f"MatMul8bitLt: inputs will be cast from {A.dtype} to float16 during quantization")
  [109/164] HumanEval/108: FAIL (35612ms, 206 tok)
/home/szw/micromamba/envs/exp/lib/python3.10/site-packages/bitsandbytes/autograd/_functions.py:123: UserWarning: MatMul8bitLt: inputs will be cast from torch.bfloat16 to float16 during quantization
  warnings.warn(f"MatMul8bitLt: inputs will be cast from {A.dtype} to float16 during quantization")
  [110/164] HumanEval/109: FAIL (51486ms, 295 tok)
/home/szw/micromamba/envs/exp/lib/python3.10/site-packages/bitsandbytes/autograd/_functions.py:123: UserWarning: MatMul8bitLt: inputs will be cast from torch.bfloat16 to float16 during quantization
  warnings.warn(f"MatMul8bitLt: inputs will be cast from {A.dtype} to float16 during quantization")
  [111/164] HumanEval/110: FAIL (25048ms, 144 tok)
/home/szw/micromamba/envs/exp/lib/python3.10/site-packages/bitsandbytes/autograd/_functions.py:123: UserWarning: MatMul8bitLt: inputs will be cast from torch.bfloat16 to float16 during quantization
  warnings.warn(f"MatMul8bitLt: inputs will be cast from {A.dtype} to float16 during quantization")
  [112/164] HumanEval/111: PASS (69493ms, 396 tok)
/home/szw/micromamba/envs/exp/lib/python3.10/site-packages/bitsandbytes/autograd/_functions.py:123: UserWarning: MatMul8bitLt: inputs will be cast from torch.bfloat16 to float16 during quantization
  warnings.warn(f"MatMul8bitLt: inputs will be cast from {A.dtype} to float16 during quantization")
  [113/164] HumanEval/112: FAIL (50844ms, 285 tok)
/home/szw/micromamba/envs/exp/lib/python3.10/site-packages/bitsandbytes/autograd/_functions.py:123: UserWarning: MatMul8bitLt: inputs will be cast from torch.bfloat16 to float16 during quantization
  warnings.warn(f"MatMul8bitLt: inputs will be cast from {A.dtype} to float16 during quantization")
  [114/164] HumanEval/113: FAIL (51972ms, 292 tok)
/home/szw/micromamba/envs/exp/lib/python3.10/site-packages/bitsandbytes/autograd/_functions.py:123: UserWarning: MatMul8bitLt: inputs will be cast from torch.bfloat16 to float16 during quantization
  warnings.warn(f"MatMul8bitLt: inputs will be cast from {A.dtype} to float16 during quantization")
  [115/164] HumanEval/114: FAIL (90915ms, 512 tok)
/home/szw/micromamba/envs/exp/lib/python3.10/site-packages/bitsandbytes/autograd/_functions.py:123: UserWarning: MatMul8bitLt: inputs will be cast from torch.bfloat16 to float16 during quantization
  warnings.warn(f"MatMul8bitLt: inputs will be cast from {A.dtype} to float16 during quantization")
  [116/164] HumanEval/115: FAIL (90884ms, 512 tok)
/home/szw/micromamba/envs/exp/lib/python3.10/site-packages/bitsandbytes/autograd/_functions.py:123: UserWarning: MatMul8bitLt: inputs will be cast from torch.bfloat16 to float16 during quantization
  warnings.warn(f"MatMul8bitLt: inputs will be cast from {A.dtype} to float16 during quantization")
  [117/164] HumanEval/116: PASS (36862ms, 207 tok)
/home/szw/micromamba/envs/exp/lib/python3.10/site-packages/bitsandbytes/autograd/_functions.py:123: UserWarning: MatMul8bitLt: inputs will be cast from torch.bfloat16 to float16 during quantization
  warnings.warn(f"MatMul8bitLt: inputs will be cast from {A.dtype} to float16 during quantization")
  [118/164] HumanEval/117: FAIL (90928ms, 512 tok)
/home/szw/micromamba/envs/exp/lib/python3.10/site-packages/bitsandbytes/autograd/_functions.py:123: UserWarning: MatMul8bitLt: inputs will be cast from torch.bfloat16 to float16 during quantization
  warnings.warn(f"MatMul8bitLt: inputs will be cast from {A.dtype} to float16 during quantization")
  [119/164] HumanEval/118: FAIL (37159ms, 208 tok)
/home/szw/micromamba/envs/exp/lib/python3.10/site-packages/bitsandbytes/autograd/_functions.py:123: UserWarning: MatMul8bitLt: inputs will be cast from torch.bfloat16 to float16 during quantization
  warnings.warn(f"MatMul8bitLt: inputs will be cast from {A.dtype} to float16 during quantization")
  [120/164] HumanEval/119: FAIL (90350ms, 512 tok)
/home/szw/micromamba/envs/exp/lib/python3.10/site-packages/bitsandbytes/autograd/_functions.py:123: UserWarning: MatMul8bitLt: inputs will be cast from torch.bfloat16 to float16 during quantization
  warnings.warn(f"MatMul8bitLt: inputs will be cast from {A.dtype} to float16 during quantization")
  [121/164] HumanEval/120: FAIL (22079ms, 125 tok)
/home/szw/micromamba/envs/exp/lib/python3.10/site-packages/bitsandbytes/autograd/_functions.py:123: UserWarning: MatMul8bitLt: inputs will be cast from torch.bfloat16 to float16 during quantization
  warnings.warn(f"MatMul8bitLt: inputs will be cast from {A.dtype} to float16 during quantization")
  [122/164] HumanEval/121: FAIL (56186ms, 316 tok)
/home/szw/micromamba/envs/exp/lib/python3.10/site-packages/bitsandbytes/autograd/_functions.py:123: UserWarning: MatMul8bitLt: inputs will be cast from torch.bfloat16 to float16 during quantization
  warnings.warn(f"MatMul8bitLt: inputs will be cast from {A.dtype} to float16 during quantization")
  [123/164] HumanEval/122: FAIL (45725ms, 257 tok)
/home/szw/micromamba/envs/exp/lib/python3.10/site-packages/bitsandbytes/autograd/_functions.py:123: UserWarning: MatMul8bitLt: inputs will be cast from torch.bfloat16 to float16 during quantization
  warnings.warn(f"MatMul8bitLt: inputs will be cast from {A.dtype} to float16 during quantization")
  [124/164] HumanEval/123: FAIL (49946ms, 284 tok)
/home/szw/micromamba/envs/exp/lib/python3.10/site-packages/bitsandbytes/autograd/_functions.py:123: UserWarning: MatMul8bitLt: inputs will be cast from torch.bfloat16 to float16 during quantization
  warnings.warn(f"MatMul8bitLt: inputs will be cast from {A.dtype} to float16 during quantization")
  [125/164] HumanEval/124: FAIL (51037ms, 293 tok)
/home/szw/micromamba/envs/exp/lib/python3.10/site-packages/bitsandbytes/autograd/_functions.py:123: UserWarning: MatMul8bitLt: inputs will be cast from torch.bfloat16 to float16 during quantization
  warnings.warn(f"MatMul8bitLt: inputs will be cast from {A.dtype} to float16 during quantization")
  [126/164] HumanEval/125: FAIL (44558ms, 254 tok)
/home/szw/micromamba/envs/exp/lib/python3.10/site-packages/bitsandbytes/autograd/_functions.py:123: UserWarning: MatMul8bitLt: inputs will be cast from torch.bfloat16 to float16 during quantization
  warnings.warn(f"MatMul8bitLt: inputs will be cast from {A.dtype} to float16 during quantization")
  [127/164] HumanEval/126: FAIL (89893ms, 512 tok)
/home/szw/micromamba/envs/exp/lib/python3.10/site-packages/bitsandbytes/autograd/_functions.py:123: UserWarning: MatMul8bitLt: inputs will be cast from torch.bfloat16 to float16 during quantization
  warnings.warn(f"MatMul8bitLt: inputs will be cast from {A.dtype} to float16 during quantization")
  [128/164] HumanEval/127: FAIL (21408ms, 122 tok)
/home/szw/micromamba/envs/exp/lib/python3.10/site-packages/bitsandbytes/autograd/_functions.py:123: UserWarning: MatMul8bitLt: inputs will be cast from torch.bfloat16 to float16 during quantization
  warnings.warn(f"MatMul8bitLt: inputs will be cast from {A.dtype} to float16 during quantization")
  [129/164] HumanEval/128: PASS (38886ms, 221 tok)
/home/szw/micromamba/envs/exp/lib/python3.10/site-packages/bitsandbytes/autograd/_functions.py:123: UserWarning: MatMul8bitLt: inputs will be cast from torch.bfloat16 to float16 during quantization
  warnings.warn(f"MatMul8bitLt: inputs will be cast from {A.dtype} to float16 during quantization")
  [130/164] HumanEval/129: FAIL (90961ms, 512 tok)
/home/szw/micromamba/envs/exp/lib/python3.10/site-packages/bitsandbytes/autograd/_functions.py:123: UserWarning: MatMul8bitLt: inputs will be cast from torch.bfloat16 to float16 during quantization
  warnings.warn(f"MatMul8bitLt: inputs will be cast from {A.dtype} to float16 during quantization")
  [131/164] HumanEval/130: FAIL (26543ms, 153 tok)
/home/szw/micromamba/envs/exp/lib/python3.10/site-packages/bitsandbytes/autograd/_functions.py:123: UserWarning: MatMul8bitLt: inputs will be cast from torch.bfloat16 to float16 during quantization
  warnings.warn(f"MatMul8bitLt: inputs will be cast from {A.dtype} to float16 during quantization")
  [132/164] HumanEval/131: FAIL (23870ms, 137 tok)
/home/szw/micromamba/envs/exp/lib/python3.10/site-packages/bitsandbytes/autograd/_functions.py:123: UserWarning: MatMul8bitLt: inputs will be cast from torch.bfloat16 to float16 during quantization
  warnings.warn(f"MatMul8bitLt: inputs will be cast from {A.dtype} to float16 during quantization")
  [133/164] HumanEval/132: FAIL (59790ms, 344 tok)
/home/szw/micromamba/envs/exp/lib/python3.10/site-packages/bitsandbytes/autograd/_functions.py:123: UserWarning: MatMul8bitLt: inputs will be cast from torch.bfloat16 to float16 during quantization
  warnings.warn(f"MatMul8bitLt: inputs will be cast from {A.dtype} to float16 during quantization")
  [134/164] HumanEval/133: FAIL (88804ms, 512 tok)
/home/szw/micromamba/envs/exp/lib/python3.10/site-packages/bitsandbytes/autograd/_functions.py:123: UserWarning: MatMul8bitLt: inputs will be cast from torch.bfloat16 to float16 during quantization
  warnings.warn(f"MatMul8bitLt: inputs will be cast from {A.dtype} to float16 during quantization")
  [135/164] HumanEval/134: FAIL (47922ms, 275 tok)
/home/szw/micromamba/envs/exp/lib/python3.10/site-packages/bitsandbytes/autograd/_functions.py:123: UserWarning: MatMul8bitLt: inputs will be cast from torch.bfloat16 to float16 during quantization
  warnings.warn(f"MatMul8bitLt: inputs will be cast from {A.dtype} to float16 during quantization")
  [136/164] HumanEval/135: FAIL (35799ms, 205 tok)
/home/szw/micromamba/envs/exp/lib/python3.10/site-packages/bitsandbytes/autograd/_functions.py:123: UserWarning: MatMul8bitLt: inputs will be cast from torch.bfloat16 to float16 during quantization
  warnings.warn(f"MatMul8bitLt: inputs will be cast from {A.dtype} to float16 during quantization")
  [137/164] HumanEval/136: PASS (57444ms, 332 tok)
/home/szw/micromamba/envs/exp/lib/python3.10/site-packages/bitsandbytes/autograd/_functions.py:123: UserWarning: MatMul8bitLt: inputs will be cast from torch.bfloat16 to float16 during quantization
  warnings.warn(f"MatMul8bitLt: inputs will be cast from {A.dtype} to float16 during quantization")
  [138/164] HumanEval/137: FAIL (45440ms, 264 tok)
/home/szw/micromamba/envs/exp/lib/python3.10/site-packages/bitsandbytes/autograd/_functions.py:123: UserWarning: MatMul8bitLt: inputs will be cast from torch.bfloat16 to float16 during quantization
  warnings.warn(f"MatMul8bitLt: inputs will be cast from {A.dtype} to float16 during quantization")
  [139/164] HumanEval/138: PASS (34076ms, 199 tok)
/home/szw/micromamba/envs/exp/lib/python3.10/site-packages/bitsandbytes/autograd/_functions.py:123: UserWarning: MatMul8bitLt: inputs will be cast from torch.bfloat16 to float16 during quantization
  warnings.warn(f"MatMul8bitLt: inputs will be cast from {A.dtype} to float16 during quantization")
  [140/164] HumanEval/139: FAIL (40652ms, 238 tok)
/home/szw/micromamba/envs/exp/lib/python3.10/site-packages/bitsandbytes/autograd/_functions.py:123: UserWarning: MatMul8bitLt: inputs will be cast from torch.bfloat16 to float16 during quantization
  warnings.warn(f"MatMul8bitLt: inputs will be cast from {A.dtype} to float16 during quantization")
  [141/164] HumanEval/140: FAIL (41040ms, 241 tok)
/home/szw/micromamba/envs/exp/lib/python3.10/site-packages/bitsandbytes/autograd/_functions.py:123: UserWarning: MatMul8bitLt: inputs will be cast from torch.bfloat16 to float16 during quantization
  warnings.warn(f"MatMul8bitLt: inputs will be cast from {A.dtype} to float16 during quantization")
  [142/164] HumanEval/141: PASS (74352ms, 400 tok)
/home/szw/micromamba/envs/exp/lib/python3.10/site-packages/bitsandbytes/autograd/_functions.py:123: UserWarning: MatMul8bitLt: inputs will be cast from torch.bfloat16 to float16 during quantization
  warnings.warn(f"MatMul8bitLt: inputs will be cast from {A.dtype} to float16 during quantization")
  [143/164] HumanEval/142: FAIL (48378ms, 268 tok)
/home/szw/micromamba/envs/exp/lib/python3.10/site-packages/bitsandbytes/autograd/_functions.py:123: UserWarning: MatMul8bitLt: inputs will be cast from torch.bfloat16 to float16 during quantization
  warnings.warn(f"MatMul8bitLt: inputs will be cast from {A.dtype} to float16 during quantization")
  [144/164] HumanEval/143: PASS (53531ms, 298 tok)
/home/szw/micromamba/envs/exp/lib/python3.10/site-packages/bitsandbytes/autograd/_functions.py:123: UserWarning: MatMul8bitLt: inputs will be cast from torch.bfloat16 to float16 during quantization
  warnings.warn(f"MatMul8bitLt: inputs will be cast from {A.dtype} to float16 during quantization")
  [145/164] HumanEval/144: PASS (40904ms, 227 tok)
/home/szw/micromamba/envs/exp/lib/python3.10/site-packages/bitsandbytes/autograd/_functions.py:123: UserWarning: MatMul8bitLt: inputs will be cast from torch.bfloat16 to float16 during quantization
  warnings.warn(f"MatMul8bitLt: inputs will be cast from {A.dtype} to float16 during quantization")
  [146/164] HumanEval/145: FAIL (43942ms, 246 tok)
/home/szw/micromamba/envs/exp/lib/python3.10/site-packages/bitsandbytes/autograd/_functions.py:123: UserWarning: MatMul8bitLt: inputs will be cast from torch.bfloat16 to float16 during quantization
  warnings.warn(f"MatMul8bitLt: inputs will be cast from {A.dtype} to float16 during quantization")
  [147/164] HumanEval/146: FAIL (36279ms, 204 tok)
/home/szw/micromamba/envs/exp/lib/python3.10/site-packages/bitsandbytes/autograd/_functions.py:123: UserWarning: MatMul8bitLt: inputs will be cast from torch.bfloat16 to float16 during quantization
  warnings.warn(f"MatMul8bitLt: inputs will be cast from {A.dtype} to float16 during quantization")
  [148/164] HumanEval/147: FAIL (40587ms, 231 tok)
/home/szw/micromamba/envs/exp/lib/python3.10/site-packages/bitsandbytes/autograd/_functions.py:123: UserWarning: MatMul8bitLt: inputs will be cast from torch.bfloat16 to float16 during quantization
  warnings.warn(f"MatMul8bitLt: inputs will be cast from {A.dtype} to float16 during quantization")
  [149/164] HumanEval/148: FAIL (56295ms, 323 tok)
/home/szw/micromamba/envs/exp/lib/python3.10/site-packages/bitsandbytes/autograd/_functions.py:123: UserWarning: MatMul8bitLt: inputs will be cast from torch.bfloat16 to float16 during quantization
  warnings.warn(f"MatMul8bitLt: inputs will be cast from {A.dtype} to float16 during quantization")
  [150/164] HumanEval/149: PASS (51324ms, 297 tok)
/home/szw/micromamba/envs/exp/lib/python3.10/site-packages/bitsandbytes/autograd/_functions.py:123: UserWarning: MatMul8bitLt: inputs will be cast from torch.bfloat16 to float16 during quantization
  warnings.warn(f"MatMul8bitLt: inputs will be cast from {A.dtype} to float16 during quantization")
  [151/164] HumanEval/150: FAIL (38255ms, 222 tok)
/home/szw/micromamba/envs/exp/lib/python3.10/site-packages/bitsandbytes/autograd/_functions.py:123: UserWarning: MatMul8bitLt: inputs will be cast from torch.bfloat16 to float16 during quantization
  warnings.warn(f"MatMul8bitLt: inputs will be cast from {A.dtype} to float16 during quantization")
  [152/164] HumanEval/151: FAIL (44214ms, 256 tok)
/home/szw/micromamba/envs/exp/lib/python3.10/site-packages/bitsandbytes/autograd/_functions.py:123: UserWarning: MatMul8bitLt: inputs will be cast from torch.bfloat16 to float16 during quantization
  warnings.warn(f"MatMul8bitLt: inputs will be cast from {A.dtype} to float16 during quantization")
  [153/164] HumanEval/152: PASS (36402ms, 209 tok)
/home/szw/micromamba/envs/exp/lib/python3.10/site-packages/bitsandbytes/autograd/_functions.py:123: UserWarning: MatMul8bitLt: inputs will be cast from torch.bfloat16 to float16 during quantization
  warnings.warn(f"MatMul8bitLt: inputs will be cast from {A.dtype} to float16 during quantization")
  [154/164] HumanEval/153: FAIL (36324ms, 211 tok)
/home/szw/micromamba/envs/exp/lib/python3.10/site-packages/bitsandbytes/autograd/_functions.py:123: UserWarning: MatMul8bitLt: inputs will be cast from torch.bfloat16 to float16 during quantization
  warnings.warn(f"MatMul8bitLt: inputs will be cast from {A.dtype} to float16 during quantization")
  [155/164] HumanEval/154: PASS (88323ms, 512 tok)
/home/szw/micromamba/envs/exp/lib/python3.10/site-packages/bitsandbytes/autograd/_functions.py:123: UserWarning: MatMul8bitLt: inputs will be cast from torch.bfloat16 to float16 during quantization
  warnings.warn(f"MatMul8bitLt: inputs will be cast from {A.dtype} to float16 during quantization")
  [156/164] HumanEval/155: FAIL (88829ms, 512 tok)
/home/szw/micromamba/envs/exp/lib/python3.10/site-packages/bitsandbytes/autograd/_functions.py:123: UserWarning: MatMul8bitLt: inputs will be cast from torch.bfloat16 to float16 during quantization
  warnings.warn(f"MatMul8bitLt: inputs will be cast from {A.dtype} to float16 during quantization")
  [157/164] HumanEval/156: PASS (58138ms, 330 tok)
/home/szw/micromamba/envs/exp/lib/python3.10/site-packages/bitsandbytes/autograd/_functions.py:123: UserWarning: MatMul8bitLt: inputs will be cast from torch.bfloat16 to float16 during quantization
  warnings.warn(f"MatMul8bitLt: inputs will be cast from {A.dtype} to float16 during quantization")
  [158/164] HumanEval/157: FAIL (58073ms, 326 tok)
/home/szw/micromamba/envs/exp/lib/python3.10/site-packages/bitsandbytes/autograd/_functions.py:123: UserWarning: MatMul8bitLt: inputs will be cast from torch.bfloat16 to float16 during quantization
  warnings.warn(f"MatMul8bitLt: inputs will be cast from {A.dtype} to float16 during quantization")
  [159/164] HumanEval/158: PASS (43982ms, 248 tok)
/home/szw/micromamba/envs/exp/lib/python3.10/site-packages/bitsandbytes/autograd/_functions.py:123: UserWarning: MatMul8bitLt: inputs will be cast from torch.bfloat16 to float16 during quantization
  warnings.warn(f"MatMul8bitLt: inputs will be cast from {A.dtype} to float16 during quantization")
  [160/164] HumanEval/159: PASS (44176ms, 248 tok)
/home/szw/micromamba/envs/exp/lib/python3.10/site-packages/bitsandbytes/autograd/_functions.py:123: UserWarning: MatMul8bitLt: inputs will be cast from torch.bfloat16 to float16 during quantization
  warnings.warn(f"MatMul8bitLt: inputs will be cast from {A.dtype} to float16 during quantization")
  [161/164] HumanEval/160: FAIL (32286ms, 181 tok)
/home/szw/micromamba/envs/exp/lib/python3.10/site-packages/bitsandbytes/autograd/_functions.py:123: UserWarning: MatMul8bitLt: inputs will be cast from torch.bfloat16 to float16 during quantization
  warnings.warn(f"MatMul8bitLt: inputs will be cast from {A.dtype} to float16 during quantization")
  [162/164] HumanEval/161: FAIL (23127ms, 131 tok)
/home/szw/micromamba/envs/exp/lib/python3.10/site-packages/bitsandbytes/autograd/_functions.py:123: UserWarning: MatMul8bitLt: inputs will be cast from torch.bfloat16 to float16 during quantization
  warnings.warn(f"MatMul8bitLt: inputs will be cast from {A.dtype} to float16 during quantization")
  [163/164] HumanEval/162: PASS (40535ms, 229 tok)
/home/szw/micromamba/envs/exp/lib/python3.10/site-packages/bitsandbytes/autograd/_functions.py:123: UserWarning: MatMul8bitLt: inputs will be cast from torch.bfloat16 to float16 during quantization
  warnings.warn(f"MatMul8bitLt: inputs will be cast from {A.dtype} to float16 during quantization")
  [164/164] HumanEval/163: FAIL (66280ms, 370 tok)

  pass@1: 48.2%
  Mean latency: 43526ms
  ms/token: 174.3
  Tokens/sec: 5.7
  Peak GPU memory: 3003 MB
  Energy/req: 2613.39 J, Energy/tok: 10492.72 mJ
  Saved to /home/szw/efficient-codegen-exp/results/energy_round/pareto/P05.json

============================================================
Config: P06
  Model: /home/szw/efficient-codegen-exp/models/Qwen2.5-Coder-1.5B-Instruct
  Precision: int4, Decoding: standard, Sampling: greedy
============================================================
Loading model...
Loading weights:   0%|          | 0/338 [00:00<?, ?it/s]Loading weights:   1%|          | 3/338 [00:00<00:11, 29.56it/s]Loading weights:  14%|█▍        | 47/338 [00:00<00:01, 267.27it/s]Loading weights:  27%|██▋       | 92/338 [00:00<00:00, 349.17it/s]Loading weights:  41%|████      | 137/338 [00:00<00:00, 385.02it/s]Loading weights:  55%|█████▍    | 185/338 [00:00<00:00, 413.97it/s]Loading weights:  69%|██████▉   | 233/338 [00:00<00:00, 429.01it/s]Loading weights:  83%|████████▎ | 281/338 [00:00<00:00, 438.39it/s]Loading weights:  97%|█████████▋| 329/338 [00:00<00:00, 443.72it/s]Loading weights: 100%|██████████| 338/338 [00:00<00:00, 406.92it/s]
Loaded 164 HumanEval problems
  [  1/164] HumanEval/0: PASS (8397ms, 129 tok)
  [  2/164] HumanEval/1: FAIL (6186ms, 95 tok)
  [  3/164] HumanEval/2: PASS (14746ms, 227 tok)
  [  4/164] HumanEval/3: PASS (5429ms, 83 tok)
  [  5/164] HumanEval/4: PASS (11355ms, 175 tok)
  [  6/164] HumanEval/5: PASS (6355ms, 98 tok)
  [  7/164] HumanEval/6: FAIL (6011ms, 93 tok)
  [  8/164] HumanEval/7: PASS (4802ms, 74 tok)
  [  9/164] HumanEval/8: PASS (8089ms, 102 tok)
  [ 10/164] HumanEval/9: PASS (32936ms, 512 tok)
  [ 11/164] HumanEval/10: FAIL (4879ms, 77 tok)
  [ 12/164] HumanEval/11: FAIL (31249ms, 512 tok)
  [ 13/164] HumanEval/12: PASS (3396ms, 55 tok)
  [ 14/164] HumanEval/13: PASS (31232ms, 512 tok)
  [ 15/164] HumanEval/14: PASS (16492ms, 270 tok)
  [ 16/164] HumanEval/15: PASS (12967ms, 212 tok)
  [ 17/164] HumanEval/16: PASS (11990ms, 196 tok)
  [ 18/164] HumanEval/17: FAIL (2666ms, 43 tok)
  [ 19/164] HumanEval/18: PASS (31226ms, 512 tok)
  [ 20/164] HumanEval/19: FAIL (15757ms, 258 tok)
  [ 21/164] HumanEval/20: PASS (31210ms, 512 tok)
  [ 22/164] HumanEval/21: PASS (5935ms, 96 tok)
  [ 23/164] HumanEval/22: PASS (5032ms, 81 tok)
  [ 24/164] HumanEval/23: PASS (4901ms, 79 tok)
  [ 25/164] HumanEval/24: PASS (17290ms, 275 tok)
  [ 26/164] HumanEval/25: PASS (11921ms, 195 tok)
  [ 27/164] HumanEval/26: FAIL (4750ms, 77 tok)
  [ 28/164] HumanEval/27: PASS (10957ms, 179 tok)
  [ 29/164] HumanEval/28: PASS (474ms, 7 tok)
  [ 30/164] HumanEval/29: PASS (4283ms, 68 tok)
  [ 31/164] HumanEval/30: PASS (11665ms, 189 tok)
  [ 32/164] HumanEval/31: PASS (14485ms, 237 tok)
  [ 33/164] HumanEval/32: FAIL (10146ms, 166 tok)
  [ 34/164] HumanEval/33: FAIL (13855ms, 225 tok)
  [ 35/164] HumanEval/34: PASS (9631ms, 157 tok)
  [ 36/164] HumanEval/35: PASS (31278ms, 512 tok)
  [ 37/164] HumanEval/36: PASS (12441ms, 203 tok)
  [ 38/164] HumanEval/37: PASS (20182ms, 330 tok)
  [ 39/164] HumanEval/38: FAIL (16397ms, 264 tok)
  [ 40/164] HumanEval/39: FAIL (16522ms, 267 tok)
  [ 41/164] HumanEval/40: FAIL (31607ms, 512 tok)
  [ 42/164] HumanEval/41: PASS (9668ms, 158 tok)
  [ 43/164] HumanEval/42: PASS (17958ms, 294 tok)
  [ 44/164] HumanEval/43: PASS (31290ms, 512 tok)
  [ 45/164] HumanEval/44: PASS (13366ms, 218 tok)
  [ 46/164] HumanEval/45: PASS (18419ms, 301 tok)
  [ 47/164] HumanEval/46: PASS (15412ms, 252 tok)
  [ 48/164] HumanEval/47: FAIL (28824ms, 471 tok)
  [ 49/164] HumanEval/48: PASS (11358ms, 185 tok)
  [ 50/164] HumanEval/49: FAIL (12452ms, 203 tok)
  [ 51/164] HumanEval/50: PASS (5299ms, 86 tok)
  [ 52/164] HumanEval/51: PASS (16180ms, 264 tok)
  [ 53/164] HumanEval/52: PASS (9959ms, 162 tok)
  [ 54/164] HumanEval/53: PASS (7452ms, 121 tok)
  [ 55/164] HumanEval/54: FAIL (9738ms, 159 tok)
  [ 56/164] HumanEval/55: PASS (12479ms, 203 tok)
  [ 57/164] HumanEval/56: PASS (11967ms, 195 tok)
  [ 58/164] HumanEval/57: FAIL (10513ms, 171 tok)
  [ 59/164] HumanEval/58: PASS (6573ms, 107 tok)
  [ 60/164] HumanEval/59: FAIL (20418ms, 335 tok)
  [ 61/164] HumanEval/60: PASS (9061ms, 148 tok)
  [ 62/164] HumanEval/61: PASS (12103ms, 198 tok)
  [ 63/164] HumanEval/62: PASS (29801ms, 489 tok)
  [ 64/164] HumanEval/63: PASS (16478ms, 267 tok)
  [ 65/164] HumanEval/64: FAIL (31173ms, 512 tok)
  [ 66/164] HumanEval/65: PASS (17267ms, 283 tok)
  [ 67/164] HumanEval/66: PASS (31210ms, 512 tok)
  [ 68/164] HumanEval/67: FAIL (8321ms, 136 tok)
  [ 69/164] HumanEval/68: PASS (10321ms, 169 tok)
  [ 70/164] HumanEval/69: PASS (16645ms, 273 tok)
  [ 71/164] HumanEval/70: FAIL (19457ms, 319 tok)
  [ 72/164] HumanEval/71: FAIL (14598ms, 239 tok)
  [ 73/164] HumanEval/72: PASS (14966ms, 245 tok)
  [ 74/164] HumanEval/73: PASS (15023ms, 239 tok)
  [ 75/164] HumanEval/74: FAIL (14867ms, 232 tok)
  [ 76/164] HumanEval/75: FAIL (16193ms, 253 tok)
  [ 77/164] HumanEval/76: FAIL (11770ms, 184 tok)
  [ 78/164] HumanEval/77: FAIL (9868ms, 154 tok)
  [ 79/164] HumanEval/78: FAIL (25595ms, 401 tok)
  [ 80/164] HumanEval/79: PASS (15882ms, 248 tok)
  [ 81/164] HumanEval/80: PASS (18350ms, 287 tok)
  [ 82/164] HumanEval/81: FAIL (32690ms, 512 tok)
  [ 83/164] HumanEval/82: FAIL (13456ms, 210 tok)
  [ 84/164] HumanEval/83: FAIL (16800ms, 262 tok)
  [ 85/164] HumanEval/84: FAIL (14285ms, 223 tok)
  [ 86/164] HumanEval/85: PASS (15227ms, 238 tok)
  [ 87/164] HumanEval/86: FAIL (3168ms, 49 tok)
  [ 88/164] HumanEval/87: FAIL (32694ms, 512 tok)
  [ 89/164] HumanEval/88: FAIL (32672ms, 512 tok)
  [ 90/164] HumanEval/89: PASS (30996ms, 485 tok)
  [ 91/164] HumanEval/90: FAIL (32690ms, 512 tok)
  [ 92/164] HumanEval/91: FAIL (15056ms, 235 tok)
  [ 93/164] HumanEval/92: PASS (12813ms, 198 tok)
  [ 94/164] HumanEval/93: FAIL (16851ms, 263 tok)
  [ 95/164] HumanEval/94: FAIL (32806ms, 512 tok)
  [ 96/164] HumanEval/95: FAIL (17355ms, 270 tok)
  [ 97/164] HumanEval/96: FAIL (14374ms, 223 tok)
  [ 98/164] HumanEval/97: PASS (11748ms, 183 tok)
  [ 99/164] HumanEval/98: PASS (15977ms, 249 tok)
  [100/164] HumanEval/99: PASS (20510ms, 320 tok)
  [101/164] HumanEval/100: FAIL (22535ms, 352 tok)
  [102/164] HumanEval/101: FAIL (32731ms, 512 tok)
  [103/164] HumanEval/102: FAIL (17223ms, 269 tok)
  [104/164] HumanEval/103: FAIL (13648ms, 213 tok)
  [105/164] HumanEval/104: PASS (32757ms, 512 tok)
  [106/164] HumanEval/105: PASS (17215ms, 269 tok)
  [107/164] HumanEval/106: FAIL (14418ms, 225 tok)
  [108/164] HumanEval/107: PASS (16380ms, 256 tok)
  [109/164] HumanEval/108: FAIL (12704ms, 198 tok)
  [110/164] HumanEval/109: FAIL (32748ms, 512 tok)
  [111/164] HumanEval/110: FAIL (13638ms, 213 tok)
  [112/164] HumanEval/111: PASS (28310ms, 442 tok)
  [113/164] HumanEval/112: FAIL (4578ms, 71 tok)
  [114/164] HumanEval/113: FAIL (16992ms, 268 tok)
  [115/164] HumanEval/114: PASS (7436ms, 117 tok)
  [116/164] HumanEval/115: FAIL (3688ms, 58 tok)
  [117/164] HumanEval/116: PASS (14825ms, 235 tok)
  [118/164] HumanEval/117: PASS (32241ms, 512 tok)
  [119/164] HumanEval/118: FAIL (8553ms, 135 tok)
  [120/164] HumanEval/119: FAIL (28015ms, 445 tok)
  [121/164] HumanEval/120: FAIL (7909ms, 125 tok)
  [122/164] HumanEval/121: FAIL (32546ms, 512 tok)
  [123/164] HumanEval/122: FAIL (16133ms, 251 tok)
  [124/164] HumanEval/123: PASS (18659ms, 290 tok)
  [125/164] HumanEval/124: FAIL (32864ms, 512 tok)
  [126/164] HumanEval/125: FAIL (32966ms, 512 tok)
  [127/164] HumanEval/126: FAIL (23851ms, 371 tok)
  [128/164] HumanEval/127: FAIL (14046ms, 218 tok)
  [129/164] HumanEval/128: PASS (11533ms, 178 tok)
  [130/164] HumanEval/129: FAIL (5476ms, 84 tok)
  [131/164] HumanEval/130: FAIL (10347ms, 160 tok)
  [132/164] HumanEval/131: FAIL (13439ms, 207 tok)
  [133/164] HumanEval/132: FAIL (15743ms, 243 tok)
  [134/164] HumanEval/133: FAIL (14447ms, 223 tok)
  [135/164] HumanEval/134: FAIL (14863ms, 229 tok)
  [136/164] HumanEval/135: FAIL (13186ms, 203 tok)
  [137/164] HumanEval/136: PASS (32968ms, 512 tok)
  [138/164] HumanEval/137: FAIL (17601ms, 275 tok)
  [139/164] HumanEval/138: PASS (16953ms, 265 tok)
  [140/164] HumanEval/139: FAIL (15915ms, 249 tok)
  [141/164] HumanEval/140: FAIL (16578ms, 259 tok)
  [142/164] HumanEval/141: FAIL (11829ms, 185 tok)
  [143/164] HumanEval/142: PASS (8412ms, 131 tok)
  [144/164] HumanEval/143: PASS (16915ms, 265 tok)
  [145/164] HumanEval/144: PASS (15410ms, 241 tok)
  [146/164] HumanEval/145: FAIL (11670ms, 182 tok)
  [147/164] HumanEval/146: PASS (12233ms, 191 tok)
  [148/164] HumanEval/147: FAIL (17314ms, 271 tok)
  [149/164] HumanEval/148: FAIL (15868ms, 248 tok)
  [150/164] HumanEval/149: PASS (19817ms, 310 tok)
  [151/164] HumanEval/150: FAIL (7890ms, 123 tok)
  [152/164] HumanEval/151: PASS (32656ms, 512 tok)
  [153/164] HumanEval/152: PASS (8344ms, 130 tok)
  [154/164] HumanEval/153: FAIL (7933ms, 124 tok)
  [155/164] HumanEval/154: PASS (8018ms, 125 tok)
  [156/164] HumanEval/155: PASS (20655ms, 324 tok)
  [157/164] HumanEval/156: PASS (23154ms, 363 tok)
  [158/164] HumanEval/157: FAIL (13681ms, 214 tok)
  [159/164] HumanEval/158: PASS (17388ms, 272 tok)
  [160/164] HumanEval/159: PASS (20705ms, 325 tok)
  [161/164] HumanEval/160: FAIL (10913ms, 171 tok)
  [162/164] HumanEval/161: FAIL (6925ms, 108 tok)
  [163/164] HumanEval/162: PASS (14444ms, 226 tok)
  [164/164] HumanEval/163: FAIL (21849ms, 341 tok)

  pass@1: 51.8%
  Mean latency: 16184ms
  ms/token: 63.2
  Tokens/sec: 15.8
  Peak GPU memory: 3003 MB
  Energy/req: 1057.16 J, Energy/tok: 4118.84 mJ
  Saved to /home/szw/efficient-codegen-exp/results/energy_round/pareto/P06.json

============================================================
Config: P07
  Model: /home/szw/efficient-codegen-exp/models/Qwen2.5-Coder-3B-Instruct
  Precision: fp16, Decoding: standard, Sampling: greedy
============================================================
Loading model...
Loading weights:   0%|          | 0/434 [00:00<?, ?it/s]Loading weights:   0%|          | 1/434 [00:00<03:42,  1.95it/s]Loading weights:   9%|▉         | 39/434 [00:00<00:04, 80.13it/s]Loading weights:  13%|█▎        | 58/434 [00:00<00:03, 99.72it/s]Loading weights:  17%|█▋        | 75/434 [00:00<00:03, 113.10it/s]Loading weights:  23%|██▎       | 99/434 [00:01<00:02, 125.01it/s]Loading weights:  27%|██▋       | 117/434 [00:01<00:02, 136.88it/s]Loading weights:  31%|███       | 134/434 [00:01<00:02, 141.08it/s]Loading weights:  35%|███▍      | 150/434 [00:01<00:02, 137.21it/s]Loading weights:  38%|███▊      | 165/434 [00:01<00:02, 127.08it/s]Loading weights:  41%|████      | 179/434 [00:01<00:02, 119.40it/s]Loading weights:  45%|████▍     | 195/434 [00:01<00:02, 117.35it/s]Loading weights:  50%|█████     | 219/434 [00:01<00:01, 140.38it/s]Loading weights:  56%|█████▌    | 243/434 [00:02<00:01, 146.02it/s]Loading weights:  62%|██████▏   | 267/434 [00:02<00:01, 164.64it/s]Loading weights:  66%|██████▌   | 285/434 [00:02<00:00, 161.37it/s]Loading weights:  70%|██████▉   | 302/434 [00:02<00:00, 158.30it/s]Loading weights:  74%|███████▎  | 319/434 [00:02<00:00, 141.44it/s]Loading weights:  78%|███████▊  | 339/434 [00:02<00:00, 146.68it/s]Loading weights:  82%|████████▏ | 354/434 [00:02<00:00, 144.43it/s]Loading weights:  87%|████████▋ | 376/434 [00:02<00:00, 150.66it/s]Loading weights:  92%|█████████▏| 399/434 [00:03<00:00, 159.83it/s]Loading weights:  97%|█████████▋| 423/434 [00:03<00:00, 178.78it/s]Loading weights: 100%|██████████| 434/434 [00:03<00:00, 135.99it/s]
Loaded 164 HumanEval problems
  [  1/164] HumanEval/0: PASS (3099ms, 62 tok)
  [  2/164] HumanEval/1: PASS (5320ms, 107 tok)
  [  3/164] HumanEval/2: PASS (10900ms, 220 tok)
  [  4/164] HumanEval/3: PASS (2592ms, 52 tok)
  [  5/164] HumanEval/4: PASS (3577ms, 72 tok)
  [  6/164] HumanEval/5: PASS (2847ms, 57 tok)
  [  7/164] HumanEval/6: PASS (4817ms, 97 tok)
  [  8/164] HumanEval/7: PASS (1652ms, 33 tok)
  [  9/164] HumanEval/8: PASS (25313ms, 512 tok)
  [ 10/164] HumanEval/9: PASS (25350ms, 512 tok)
  [ 11/164] HumanEval/10: PASS (3046ms, 61 tok)
  [ 12/164] HumanEval/11: PASS (7052ms, 142 tok)
  [ 13/164] HumanEval/12: PASS (3239ms, 65 tok)
  [ 14/164] HumanEval/13: PASS (3249ms, 65 tok)
  [ 15/164] HumanEval/14: PASS (25326ms, 512 tok)
  [ 16/164] HumanEval/15: PASS (11105ms, 224 tok)
  [ 17/164] HumanEval/16: PASS (10717ms, 216 tok)
  [ 18/164] HumanEval/17: PASS (12347ms, 250 tok)
  [ 19/164] HumanEval/18: PASS (5074ms, 102 tok)
  [ 20/164] HumanEval/19: PASS (13931ms, 282 tok)
  [ 21/164] HumanEval/20: PASS (19985ms, 405 tok)
  [ 22/164] HumanEval/21: PASS (2735ms, 55 tok)
  [ 23/164] HumanEval/22: PASS (1753ms, 35 tok)
  [ 24/164] HumanEval/23: PASS (1757ms, 35 tok)
  [ 25/164] HumanEval/24: PASS (14053ms, 284 tok)
  [ 26/164] HumanEval/25: PASS (3334ms, 67 tok)
  [ 27/164] HumanEval/26: FAIL (2806ms, 56 tok)
  [ 28/164] HumanEval/27: PASS (11813ms, 240 tok)
  [ 29/164] HumanEval/28: PASS (1302ms, 26 tok)
  [ 30/164] HumanEval/29: PASS (25147ms, 512 tok)
  [ 31/164] HumanEval/30: PASS (13403ms, 273 tok)
  [ 32/164] HumanEval/31: FAIL (18303ms, 372 tok)
  [ 33/164] HumanEval/32: FAIL (25148ms, 512 tok)
  [ 34/164] HumanEval/33: FAIL (18069ms, 368 tok)
  [ 35/164] HumanEval/34: PASS (25171ms, 512 tok)
  [ 36/164] HumanEval/35: PASS (9650ms, 196 tok)
  [ 37/164] HumanEval/36: PASS (4588ms, 93 tok)
  [ 38/164] HumanEval/37: PASS (6599ms, 134 tok)
  [ 39/164] HumanEval/38: PASS (14091ms, 287 tok)
  [ 40/164] HumanEval/39: PASS (14997ms, 305 tok)
  [ 41/164] HumanEval/40: PASS (9847ms, 200 tok)
  [ 42/164] HumanEval/41: PASS (7914ms, 161 tok)
  [ 43/164] HumanEval/42: PASS (12946ms, 263 tok)
  [ 44/164] HumanEval/43: PASS (6798ms, 138 tok)
  [ 45/164] HumanEval/44: PASS (6127ms, 124 tok)
  [ 46/164] HumanEval/45: PASS (9128ms, 184 tok)
  [ 47/164] HumanEval/46: PASS (7175ms, 145 tok)
  [ 48/164] HumanEval/47: PASS (6061ms, 122 tok)
  [ 49/164] HumanEval/48: PASS (8801ms, 178 tok)
  [ 50/164] HumanEval/49: PASS (25300ms, 512 tok)
  [ 51/164] HumanEval/50: PASS (25166ms, 512 tok)
  [ 52/164] HumanEval/51: PASS (10374ms, 210 tok)
  [ 53/164] HumanEval/52: PASS (11616ms, 235 tok)
  [ 54/164] HumanEval/53: PASS (8059ms, 163 tok)
  [ 55/164] HumanEval/54: FAIL (10457ms, 213 tok)
  [ 56/164] HumanEval/55: PASS (8622ms, 175 tok)
  [ 57/164] HumanEval/56: PASS (7053ms, 143 tok)
  [ 58/164] HumanEval/57: PASS (15162ms, 308 tok)
  [ 59/164] HumanEval/58: PASS (25144ms, 512 tok)
  [ 60/164] HumanEval/59: PASS (13644ms, 276 tok)
  [ 61/164] HumanEval/60: PASS (11969ms, 242 tok)
  [ 62/164] HumanEval/61: PASS (12329ms, 249 tok)
  [ 63/164] HumanEval/62: PASS (12110ms, 245 tok)
  [ 64/164] HumanEval/63: PASS (11351ms, 230 tok)
  [ 65/164] HumanEval/64: PASS (11382ms, 230 tok)
  [ 66/164] HumanEval/65: FAIL (12518ms, 253 tok)
  [ 67/164] HumanEval/66: PASS (13310ms, 269 tok)
  [ 68/164] HumanEval/67: PASS (25297ms, 512 tok)
  [ 69/164] HumanEval/68: PASS (8459ms, 171 tok)
  [ 70/164] HumanEval/69: PASS (25152ms, 512 tok)
  [ 71/164] HumanEval/70: PASS (14823ms, 302 tok)
  [ 72/164] HumanEval/71: FAIL (7949ms, 162 tok)
  [ 73/164] HumanEval/72: PASS (5516ms, 112 tok)
  [ 74/164] HumanEval/73: PASS (6973ms, 142 tok)
  [ 75/164] HumanEval/74: FAIL (8791ms, 179 tok)
  [ 76/164] HumanEval/75: FAIL (22904ms, 467 tok)
  [ 77/164] HumanEval/76: PASS (7425ms, 151 tok)
  [ 78/164] HumanEval/77: FAIL (9578ms, 195 tok)
  [ 79/164] HumanEval/78: PASS (13039ms, 265 tok)
  [ 80/164] HumanEval/79: PASS (13889ms, 283 tok)
  [ 81/164] HumanEval/80: PASS (5863ms, 119 tok)
  [ 82/164] HumanEval/81: PASS (25115ms, 512 tok)
  [ 83/164] HumanEval/82: FAIL (3270ms, 66 tok)
  [ 84/164] HumanEval/83: FAIL (7435ms, 151 tok)
  [ 85/164] HumanEval/84: PASS (12925ms, 263 tok)
  [ 86/164] HumanEval/85: PASS (12785ms, 260 tok)
  [ 87/164] HumanEval/86: PASS (12446ms, 253 tok)
  [ 88/164] HumanEval/87: PASS (25089ms, 512 tok)
  [ 89/164] HumanEval/88: PASS (9191ms, 187 tok)
  [ 90/164] HumanEval/89: PASS (11255ms, 229 tok)
  [ 91/164] HumanEval/90: FAIL (25111ms, 512 tok)
  [ 92/164] HumanEval/91: FAIL (14976ms, 305 tok)
  [ 93/164] HumanEval/92: PASS (10519ms, 214 tok)
  [ 94/164] HumanEval/93: FAIL (15654ms, 319 tok)
  [ 95/164] HumanEval/94: PASS (18051ms, 368 tok)
  [ 96/164] HumanEval/95: FAIL (25102ms, 512 tok)
  [ 97/164] HumanEval/96: PASS (10563ms, 215 tok)
  [ 98/164] HumanEval/97: PASS (10319ms, 210 tok)
  [ 99/164] HumanEval/98: PASS (13318ms, 271 tok)
  [100/164] HumanEval/99: PASS (13368ms, 272 tok)
  [101/164] HumanEval/100: PASS (13164ms, 276 tok)
  [102/164] HumanEval/101: FAIL (11319ms, 239 tok)
  [103/164] HumanEval/102: PASS (7818ms, 165 tok)
  [104/164] HumanEval/103: PASS (6925ms, 146 tok)
  [105/164] HumanEval/104: PASS (15536ms, 328 tok)
  [106/164] HumanEval/105: FAIL (8427ms, 178 tok)
  [107/164] HumanEval/106: FAIL (14622ms, 309 tok)
  [108/164] HumanEval/107: PASS (6309ms, 133 tok)
  [109/164] HumanEval/108: FAIL (5612ms, 118 tok)
  [110/164] HumanEval/109: PASS (5515ms, 116 tok)
  [111/164] HumanEval/110: FAIL (13716ms, 289 tok)
  [112/164] HumanEval/111: PASS (13288ms, 281 tok)
  [113/164] HumanEval/112: PASS (10134ms, 214 tok)
  [114/164] HumanEval/113: PASS (13854ms, 293 tok)
  [115/164] HumanEval/114: PASS (7765ms, 164 tok)
  [116/164] HumanEval/115: FAIL (10371ms, 219 tok)
  [117/164] HumanEval/116: PASS (11686ms, 247 tok)
  [118/164] HumanEval/117: PASS (7437ms, 157 tok)
  [119/164] HumanEval/118: PASS (5792ms, 122 tok)
  [120/164] HumanEval/119: PASS (6535ms, 138 tok)
  [121/164] HumanEval/120: FAIL (5456ms, 115 tok)
  [122/164] HumanEval/121: PASS (15962ms, 337 tok)
  [123/164] HumanEval/122: PASS (24177ms, 512 tok)
  [124/164] HumanEval/123: PASS (24186ms, 512 tok)
  [125/164] HumanEval/124: PASS (13606ms, 287 tok)
  [126/164] HumanEval/125: FAIL (16187ms, 341 tok)
  [127/164] HumanEval/126: FAIL (10741ms, 227 tok)
  [128/164] HumanEval/127: FAIL (24192ms, 512 tok)
  [129/164] HumanEval/128: PASS (6087ms, 128 tok)
  [130/164] HumanEval/129: FAIL (1128ms, 23 tok)
  [131/164] HumanEval/130: FAIL (7769ms, 164 tok)
  [132/164] HumanEval/131: PASS (6325ms, 133 tok)
  [133/164] HumanEval/132: FAIL (6789ms, 143 tok)
  [134/164] HumanEval/133: FAIL (5222ms, 110 tok)
  [135/164] HumanEval/134: FAIL (4515ms, 95 tok)
  [136/164] HumanEval/135: PASS (3814ms, 80 tok)
  [137/164] HumanEval/136: PASS (10800ms, 227 tok)
  [138/164] HumanEval/137: PASS (7351ms, 155 tok)
  [139/164] HumanEval/138: PASS (15442ms, 326 tok)
  [140/164] HumanEval/139: FAIL (10102ms, 213 tok)
  [141/164] HumanEval/140: FAIL (9862ms, 208 tok)
  [142/164] HumanEval/141: FAIL (9701ms, 205 tok)
  [143/164] HumanEval/142: FAIL (24223ms, 512 tok)
  [144/164] HumanEval/143: PASS (8199ms, 173 tok)
  [145/164] HumanEval/144: PASS (7445ms, 157 tok)
  [146/164] HumanEval/145: FAIL (14821ms, 313 tok)
  [147/164] HumanEval/146: PASS (6590ms, 139 tok)
  [148/164] HumanEval/147: FAIL (11359ms, 240 tok)
  [149/164] HumanEval/148: PASS (8986ms, 190 tok)
  [150/164] HumanEval/149: PASS (14098ms, 298 tok)
  [151/164] HumanEval/150: FAIL (12829ms, 271 tok)
  [152/164] HumanEval/151: PASS (7351ms, 155 tok)
  [153/164] HumanEval/152: PASS (13914ms, 294 tok)
  [154/164] HumanEval/153: FAIL (8066ms, 170 tok)
  [155/164] HumanEval/154: PASS (14165ms, 299 tok)
  [156/164] HumanEval/155: PASS (11297ms, 238 tok)
  [157/164] HumanEval/156: PASS (20286ms, 428 tok)
  [158/164] HumanEval/157: PASS (10823ms, 228 tok)
  [159/164] HumanEval/158: PASS (12002ms, 253 tok)
  [160/164] HumanEval/159: PASS (24210ms, 512 tok)
  [161/164] HumanEval/160: FAIL (24232ms, 512 tok)
  [162/164] HumanEval/161: PASS (4194ms, 88 tok)
  [163/164] HumanEval/162: FAIL (11941ms, 252 tok)
  [164/164] HumanEval/163: FAIL (6606ms, 138 tok)

  pass@1: 74.4%
  Mean latency: 11589ms
  ms/token: 48.6
  Tokens/sec: 20.6
  Peak GPU memory: 5959 MB
  Energy/req: 1027.36 J, Energy/tok: 4303.65 mJ
  Saved to /home/szw/efficient-codegen-exp/results/energy_round/pareto/P07.json

============================================================
Config: P08
  Model: /home/szw/efficient-codegen-exp/models/Qwen2.5-Coder-3B-Instruct
  Precision: int8, Decoding: standard, Sampling: greedy
============================================================
Loading model...
Loading weights:   0%|          | 0/434 [00:00<?, ?it/s]Loading weights:   0%|          | 1/434 [00:00<01:08,  6.28it/s]Loading weights:   1%|          | 5/434 [00:00<00:20, 21.07it/s]Loading weights:   4%|▍         | 17/434 [00:00<00:07, 54.84it/s]Loading weights:   7%|▋         | 29/434 [00:00<00:05, 73.13it/s]Loading weights:   9%|▉         | 41/434 [00:00<00:04, 83.64it/s]Loading weights:  12%|█▏        | 53/434 [00:00<00:04, 90.03it/s]Loading weights:  15%|█▍        | 65/434 [00:00<00:03, 93.75it/s]Loading weights:  18%|█▊        | 76/434 [00:00<00:03, 90.91it/s]Loading weights:  20%|█▉        | 86/434 [00:01<00:03, 92.58it/s]Loading weights:  22%|██▏       | 96/434 [00:01<00:05, 63.20it/s]Loading weights:  24%|██▍       | 104/434 [00:01<00:07, 42.89it/s]Loading weights:  26%|██▌       | 111/434 [00:01<00:07, 44.27it/s]Loading weights:  27%|██▋       | 117/434 [00:02<00:08, 39.09it/s]Loading weights:  29%|██▊       | 124/434 [00:02<00:07, 42.44it/s]Loading weights:  31%|███       | 135/434 [00:02<00:05, 51.63it/s]Loading weights:  32%|███▏      | 141/434 [00:02<00:05, 50.59it/s]Loading weights:  34%|███▍      | 148/434 [00:02<00:05, 51.33it/s]Loading weights:  37%|███▋      | 159/434 [00:02<00:04, 59.26it/s]Loading weights:  38%|███▊      | 166/434 [00:02<00:04, 57.80it/s]Loading weights:  40%|███▉      | 172/434 [00:03<00:04, 54.54it/s]Loading weights:  42%|████▏     | 181/434 [00:03<00:04, 62.96it/s]Loading weights:  43%|████▎     | 188/434 [00:03<00:04, 51.22it/s]Loading weights:  45%|████▌     | 196/434 [00:03<00:04, 52.22it/s]Loading weights:  48%|████▊     | 207/434 [00:03<00:03, 57.57it/s]Loading weights:  49%|████▉     | 213/434 [00:03<00:04, 54.12it/s]Loading weights:  51%|█████     | 220/434 [00:03<00:03, 53.71it/s]Loading weights:  53%|█████▎    | 231/434 [00:04<00:03, 60.87it/s]Loading weights:  55%|█████▍    | 238/434 [00:04<00:03, 58.24it/s]Loading weights:  56%|█████▌    | 244/434 [00:04<00:03, 53.65it/s]Loading weights:  59%|█████▉    | 255/434 [00:04<00:02, 61.25it/s]Loading weights:  60%|██████    | 262/434 [00:04<00:02, 59.30it/s]Loading weights:  62%|██████▏   | 268/434 [00:04<00:02, 55.58it/s]Loading weights:  64%|██████▍   | 279/434 [00:04<00:02, 62.76it/s]Loading weights:  66%|██████▌   | 286/434 [00:04<00:02, 60.32it/s]Loading weights:  68%|██████▊   | 293/434 [00:05<00:02, 51.47it/s]Loading weights:  70%|███████   | 304/434 [00:05<00:02, 57.51it/s]Loading weights:  73%|███████▎  | 315/434 [00:05<00:01, 62.37it/s]Loading weights:  74%|███████▍  | 322/434 [00:05<00:01, 59.82it/s]Loading weights:  76%|███████▌  | 329/434 [00:05<00:02, 51.35it/s]Loading weights:  78%|███████▊  | 340/434 [00:05<00:01, 58.53it/s]Loading weights:  81%|████████  | 351/434 [00:06<00:01, 63.86it/s]Loading weights:  82%|████████▏ | 358/434 [00:06<00:01, 61.11it/s]Loading weights:  84%|████████▍ | 365/434 [00:06<00:01, 52.22it/s]Loading weights:  87%|████████▋ | 376/434 [00:06<00:00, 59.26it/s]Loading weights:  89%|████████▉ | 387/434 [00:06<00:00, 64.49it/s]Loading weights:  91%|█████████ | 394/434 [00:06<00:00, 61.38it/s]Loading weights:  92%|█████████▏| 401/434 [00:07<00:00, 52.12it/s]Loading weights:  95%|█████████▍| 412/434 [00:07<00:00, 57.79it/s]Loading weights:  97%|█████████▋| 422/434 [00:07<00:00, 66.80it/s]Loading weights:  99%|█████████▉| 430/434 [00:07<00:00, 56.43it/s]Loading weights: 100%|██████████| 434/434 [00:07<00:00, 57.99it/s]
Loaded 164 HumanEval problems
/home/szw/micromamba/envs/exp/lib/python3.10/site-packages/bitsandbytes/autograd/_functions.py:123: UserWarning: MatMul8bitLt: inputs will be cast from torch.bfloat16 to float16 during quantization
  warnings.warn(f"MatMul8bitLt: inputs will be cast from {A.dtype} to float16 during quantization")
  [  1/164] HumanEval/0: PASS (13255ms, 62 tok)
/home/szw/micromamba/envs/exp/lib/python3.10/site-packages/bitsandbytes/autograd/_functions.py:123: UserWarning: MatMul8bitLt: inputs will be cast from torch.bfloat16 to float16 during quantization
  warnings.warn(f"MatMul8bitLt: inputs will be cast from {A.dtype} to float16 during quantization")
  [  2/164] HumanEval/1: PASS (22943ms, 107 tok)
/home/szw/micromamba/envs/exp/lib/python3.10/site-packages/bitsandbytes/autograd/_functions.py:123: UserWarning: MatMul8bitLt: inputs will be cast from torch.bfloat16 to float16 during quantization
  warnings.warn(f"MatMul8bitLt: inputs will be cast from {A.dtype} to float16 during quantization")
  [  3/164] HumanEval/2: PASS (46728ms, 222 tok)
/home/szw/micromamba/envs/exp/lib/python3.10/site-packages/bitsandbytes/autograd/_functions.py:123: UserWarning: MatMul8bitLt: inputs will be cast from torch.bfloat16 to float16 during quantization
  warnings.warn(f"MatMul8bitLt: inputs will be cast from {A.dtype} to float16 during quantization")
  [  4/164] HumanEval/3: PASS (11060ms, 52 tok)
/home/szw/micromamba/envs/exp/lib/python3.10/site-packages/bitsandbytes/autograd/_functions.py:123: UserWarning: MatMul8bitLt: inputs will be cast from torch.bfloat16 to float16 during quantization
  warnings.warn(f"MatMul8bitLt: inputs will be cast from {A.dtype} to float16 during quantization")
  [  5/164] HumanEval/4: PASS (17348ms, 81 tok)
/home/szw/micromamba/envs/exp/lib/python3.10/site-packages/bitsandbytes/autograd/_functions.py:123: UserWarning: MatMul8bitLt: inputs will be cast from torch.bfloat16 to float16 during quantization
  warnings.warn(f"MatMul8bitLt: inputs will be cast from {A.dtype} to float16 during quantization")
  [  6/164] HumanEval/5: PASS (12241ms, 57 tok)
/home/szw/micromamba/envs/exp/lib/python3.10/site-packages/bitsandbytes/autograd/_functions.py:123: UserWarning: MatMul8bitLt: inputs will be cast from torch.bfloat16 to float16 during quantization
  warnings.warn(f"MatMul8bitLt: inputs will be cast from {A.dtype} to float16 during quantization")
  [  7/164] HumanEval/6: FAIL (8355ms, 39 tok)
/home/szw/micromamba/envs/exp/lib/python3.10/site-packages/bitsandbytes/autograd/_functions.py:123: UserWarning: MatMul8bitLt: inputs will be cast from torch.bfloat16 to float16 during quantization
  warnings.warn(f"MatMul8bitLt: inputs will be cast from {A.dtype} to float16 during quantization")
  [  8/164] HumanEval/7: PASS (30312ms, 143 tok)
/home/szw/micromamba/envs/exp/lib/python3.10/site-packages/bitsandbytes/autograd/_functions.py:123: UserWarning: MatMul8bitLt: inputs will be cast from torch.bfloat16 to float16 during quantization
  warnings.warn(f"MatMul8bitLt: inputs will be cast from {A.dtype} to float16 during quantization")
  [  9/164] HumanEval/8: PASS (35141ms, 166 tok)
/home/szw/micromamba/envs/exp/lib/python3.10/site-packages/bitsandbytes/autograd/_functions.py:123: UserWarning: MatMul8bitLt: inputs will be cast from torch.bfloat16 to float16 during quantization
  warnings.warn(f"MatMul8bitLt: inputs will be cast from {A.dtype} to float16 during quantization")
  [ 10/164] HumanEval/9: PASS (109377ms, 512 tok)
/home/szw/micromamba/envs/exp/lib/python3.10/site-packages/bitsandbytes/autograd/_functions.py:123: UserWarning: MatMul8bitLt: inputs will be cast from torch.bfloat16 to float16 during quantization
  warnings.warn(f"MatMul8bitLt: inputs will be cast from {A.dtype} to float16 during quantization")
  [ 11/164] HumanEval/10: PASS (13071ms, 61 tok)
/home/szw/micromamba/envs/exp/lib/python3.10/site-packages/bitsandbytes/autograd/_functions.py:123: UserWarning: MatMul8bitLt: inputs will be cast from torch.bfloat16 to float16 during quantization
  warnings.warn(f"MatMul8bitLt: inputs will be cast from {A.dtype} to float16 during quantization")
  [ 12/164] HumanEval/11: PASS (32699ms, 153 tok)
/home/szw/micromamba/envs/exp/lib/python3.10/site-packages/bitsandbytes/autograd/_functions.py:123: UserWarning: MatMul8bitLt: inputs will be cast from torch.bfloat16 to float16 during quantization
  warnings.warn(f"MatMul8bitLt: inputs will be cast from {A.dtype} to float16 during quantization")
  [ 13/164] HumanEval/12: PASS (13895ms, 65 tok)
/home/szw/micromamba/envs/exp/lib/python3.10/site-packages/bitsandbytes/autograd/_functions.py:123: UserWarning: MatMul8bitLt: inputs will be cast from torch.bfloat16 to float16 during quantization
  warnings.warn(f"MatMul8bitLt: inputs will be cast from {A.dtype} to float16 during quantization")
  [ 14/164] HumanEval/13: PASS (39869ms, 185 tok)
/home/szw/micromamba/envs/exp/lib/python3.10/site-packages/bitsandbytes/autograd/_functions.py:123: UserWarning: MatMul8bitLt: inputs will be cast from torch.bfloat16 to float16 during quantization
  warnings.warn(f"MatMul8bitLt: inputs will be cast from {A.dtype} to float16 during quantization")
  [ 15/164] HumanEval/14: PASS (111404ms, 512 tok)
/home/szw/micromamba/envs/exp/lib/python3.10/site-packages/bitsandbytes/autograd/_functions.py:123: UserWarning: MatMul8bitLt: inputs will be cast from torch.bfloat16 to float16 during quantization
  warnings.warn(f"MatMul8bitLt: inputs will be cast from {A.dtype} to float16 during quantization")
  [ 16/164] HumanEval/15: PASS (47673ms, 222 tok)
/home/szw/micromamba/envs/exp/lib/python3.10/site-packages/bitsandbytes/autograd/_functions.py:123: UserWarning: MatMul8bitLt: inputs will be cast from torch.bfloat16 to float16 during quantization
  warnings.warn(f"MatMul8bitLt: inputs will be cast from {A.dtype} to float16 during quantization")
  [ 17/164] HumanEval/16: PASS (46043ms, 216 tok)
/home/szw/micromamba/envs/exp/lib/python3.10/site-packages/bitsandbytes/autograd/_functions.py:123: UserWarning: MatMul8bitLt: inputs will be cast from torch.bfloat16 to float16 during quantization
  warnings.warn(f"MatMul8bitLt: inputs will be cast from {A.dtype} to float16 during quantization")
  [ 18/164] HumanEval/17: PASS (111977ms, 512 tok)
/home/szw/micromamba/envs/exp/lib/python3.10/site-packages/bitsandbytes/autograd/_functions.py:123: UserWarning: MatMul8bitLt: inputs will be cast from torch.bfloat16 to float16 during quantization
  warnings.warn(f"MatMul8bitLt: inputs will be cast from {A.dtype} to float16 during quantization")
  [ 19/164] HumanEval/18: PASS (55565ms, 257 tok)
/home/szw/micromamba/envs/exp/lib/python3.10/site-packages/bitsandbytes/autograd/_functions.py:123: UserWarning: MatMul8bitLt: inputs will be cast from torch.bfloat16 to float16 during quantization
  warnings.warn(f"MatMul8bitLt: inputs will be cast from {A.dtype} to float16 during quantization")
  [ 20/164] HumanEval/19: PASS (60436ms, 280 tok)
/home/szw/micromamba/envs/exp/lib/python3.10/site-packages/bitsandbytes/autograd/_functions.py:123: UserWarning: MatMul8bitLt: inputs will be cast from torch.bfloat16 to float16 during quantization
  warnings.warn(f"MatMul8bitLt: inputs will be cast from {A.dtype} to float16 during quantization")
  [ 21/164] HumanEval/20: PASS (53162ms, 245 tok)
/home/szw/micromamba/envs/exp/lib/python3.10/site-packages/bitsandbytes/autograd/_functions.py:123: UserWarning: MatMul8bitLt: inputs will be cast from torch.bfloat16 to float16 during quantization
  warnings.warn(f"MatMul8bitLt: inputs will be cast from {A.dtype} to float16 during quantization")
  [ 22/164] HumanEval/21: PASS (12027ms, 55 tok)
/home/szw/micromamba/envs/exp/lib/python3.10/site-packages/bitsandbytes/autograd/_functions.py:123: UserWarning: MatMul8bitLt: inputs will be cast from torch.bfloat16 to float16 during quantization
  warnings.warn(f"MatMul8bitLt: inputs will be cast from {A.dtype} to float16 during quantization")
  [ 23/164] HumanEval/22: PASS (7602ms, 35 tok)
/home/szw/micromamba/envs/exp/lib/python3.10/site-packages/bitsandbytes/autograd/_functions.py:123: UserWarning: MatMul8bitLt: inputs will be cast from torch.bfloat16 to float16 during quantization
  warnings.warn(f"MatMul8bitLt: inputs will be cast from {A.dtype} to float16 during quantization")
  [ 24/164] HumanEval/23: PASS (7603ms, 35 tok)
/home/szw/micromamba/envs/exp/lib/python3.10/site-packages/bitsandbytes/autograd/_functions.py:123: UserWarning: MatMul8bitLt: inputs will be cast from torch.bfloat16 to float16 during quantization
  warnings.warn(f"MatMul8bitLt: inputs will be cast from {A.dtype} to float16 during quantization")
  [ 25/164] HumanEval/24: PASS (61666ms, 288 tok)
/home/szw/micromamba/envs/exp/lib/python3.10/site-packages/bitsandbytes/autograd/_functions.py:123: UserWarning: MatMul8bitLt: inputs will be cast from torch.bfloat16 to float16 during quantization
  warnings.warn(f"MatMul8bitLt: inputs will be cast from {A.dtype} to float16 during quantization")
  [ 26/164] HumanEval/25: PASS (14576ms, 67 tok)
/home/szw/micromamba/envs/exp/lib/python3.10/site-packages/bitsandbytes/autograd/_functions.py:123: UserWarning: MatMul8bitLt: inputs will be cast from torch.bfloat16 to float16 during quantization
  warnings.warn(f"MatMul8bitLt: inputs will be cast from {A.dtype} to float16 during quantization")
  [ 27/164] HumanEval/26: PASS (15002ms, 69 tok)
/home/szw/micromamba/envs/exp/lib/python3.10/site-packages/bitsandbytes/autograd/_functions.py:123: UserWarning: MatMul8bitLt: inputs will be cast from torch.bfloat16 to float16 during quantization
  warnings.warn(f"MatMul8bitLt: inputs will be cast from {A.dtype} to float16 during quantization")
  [ 28/164] HumanEval/27: PASS (47902ms, 224 tok)
/home/szw/micromamba/envs/exp/lib/python3.10/site-packages/bitsandbytes/autograd/_functions.py:123: UserWarning: MatMul8bitLt: inputs will be cast from torch.bfloat16 to float16 during quantization
  warnings.warn(f"MatMul8bitLt: inputs will be cast from {A.dtype} to float16 during quantization")
  [ 29/164] HumanEval/28: PASS (5660ms, 26 tok)
/home/szw/micromamba/envs/exp/lib/python3.10/site-packages/bitsandbytes/autograd/_functions.py:123: UserWarning: MatMul8bitLt: inputs will be cast from torch.bfloat16 to float16 during quantization
  warnings.warn(f"MatMul8bitLt: inputs will be cast from {A.dtype} to float16 during quantization")
  [ 30/164] HumanEval/29: PASS (109359ms, 512 tok)
/home/szw/micromamba/envs/exp/lib/python3.10/site-packages/bitsandbytes/autograd/_functions.py:123: UserWarning: MatMul8bitLt: inputs will be cast from torch.bfloat16 to float16 during quantization
  warnings.warn(f"MatMul8bitLt: inputs will be cast from {A.dtype} to float16 during quantization")
  [ 31/164] HumanEval/30: PASS (53820ms, 255 tok)
/home/szw/micromamba/envs/exp/lib/python3.10/site-packages/bitsandbytes/autograd/_functions.py:123: UserWarning: MatMul8bitLt: inputs will be cast from torch.bfloat16 to float16 during quantization
  warnings.warn(f"MatMul8bitLt: inputs will be cast from {A.dtype} to float16 during quantization")
  [ 32/164] HumanEval/31: PASS (43600ms, 207 tok)
/home/szw/micromamba/envs/exp/lib/python3.10/site-packages/bitsandbytes/autograd/_functions.py:123: UserWarning: MatMul8bitLt: inputs will be cast from torch.bfloat16 to float16 during quantization
  warnings.warn(f"MatMul8bitLt: inputs will be cast from {A.dtype} to float16 during quantization")
  [ 33/164] HumanEval/32: FAIL (29566ms, 137 tok)
/home/szw/micromamba/envs/exp/lib/python3.10/site-packages/bitsandbytes/autograd/_functions.py:123: UserWarning: MatMul8bitLt: inputs will be cast from torch.bfloat16 to float16 during quantization
  warnings.warn(f"MatMul8bitLt: inputs will be cast from {A.dtype} to float16 during quantization")
  [ 34/164] HumanEval/33: FAIL (78904ms, 370 tok)
/home/szw/micromamba/envs/exp/lib/python3.10/site-packages/bitsandbytes/autograd/_functions.py:123: UserWarning: MatMul8bitLt: inputs will be cast from torch.bfloat16 to float16 during quantization
  warnings.warn(f"MatMul8bitLt: inputs will be cast from {A.dtype} to float16 during quantization")
  [ 35/164] HumanEval/34: PASS (14500ms, 68 tok)
/home/szw/micromamba/envs/exp/lib/python3.10/site-packages/bitsandbytes/autograd/_functions.py:123: UserWarning: MatMul8bitLt: inputs will be cast from torch.bfloat16 to float16 during quantization
  warnings.warn(f"MatMul8bitLt: inputs will be cast from {A.dtype} to float16 during quantization")
  [ 36/164] HumanEval/35: PASS (39856ms, 189 tok)
/home/szw/micromamba/envs/exp/lib/python3.10/site-packages/bitsandbytes/autograd/_functions.py:123: UserWarning: MatMul8bitLt: inputs will be cast from torch.bfloat16 to float16 during quantization
  warnings.warn(f"MatMul8bitLt: inputs will be cast from {A.dtype} to float16 during quantization")
  [ 37/164] HumanEval/36: PASS (34585ms, 164 tok)
/home/szw/micromamba/envs/exp/lib/python3.10/site-packages/bitsandbytes/autograd/_functions.py:123: UserWarning: MatMul8bitLt: inputs will be cast from torch.bfloat16 to float16 during quantization
  warnings.warn(f"MatMul8bitLt: inputs will be cast from {A.dtype} to float16 during quantization")
  [ 38/164] HumanEval/37: FAIL (63607ms, 300 tok)
/home/szw/micromamba/envs/exp/lib/python3.10/site-packages/bitsandbytes/autograd/_functions.py:123: UserWarning: MatMul8bitLt: inputs will be cast from torch.bfloat16 to float16 during quantization
  warnings.warn(f"MatMul8bitLt: inputs will be cast from {A.dtype} to float16 during quantization")
  [ 39/164] HumanEval/38: PASS (61061ms, 286 tok)
/home/szw/micromamba/envs/exp/lib/python3.10/site-packages/bitsandbytes/autograd/_functions.py:123: UserWarning: MatMul8bitLt: inputs will be cast from torch.bfloat16 to float16 during quantization
  warnings.warn(f"MatMul8bitLt: inputs will be cast from {A.dtype} to float16 during quantization")
  [ 40/164] HumanEval/39: PASS (72725ms, 341 tok)
/home/szw/micromamba/envs/exp/lib/python3.10/site-packages/bitsandbytes/autograd/_functions.py:123: UserWarning: MatMul8bitLt: inputs will be cast from torch.bfloat16 to float16 during quantization
  warnings.warn(f"MatMul8bitLt: inputs will be cast from {A.dtype} to float16 during quantization")
  [ 41/164] HumanEval/40: PASS (36823ms, 166 tok)
/home/szw/micromamba/envs/exp/lib/python3.10/site-packages/bitsandbytes/autograd/_functions.py:123: UserWarning: MatMul8bitLt: inputs will be cast from torch.bfloat16 to float16 during quantization
  warnings.warn(f"MatMul8bitLt: inputs will be cast from {A.dtype} to float16 during quantization")
  [ 42/164] HumanEval/41: PASS (40550ms, 184 tok)
/home/szw/micromamba/envs/exp/lib/python3.10/site-packages/bitsandbytes/autograd/_functions.py:123: UserWarning: MatMul8bitLt: inputs will be cast from torch.bfloat16 to float16 during quantization
  warnings.warn(f"MatMul8bitLt: inputs will be cast from {A.dtype} to float16 during quantization")
  [ 43/164] HumanEval/42: PASS (58397ms, 263 tok)
/home/szw/micromamba/envs/exp/lib/python3.10/site-packages/bitsandbytes/autograd/_functions.py:123: UserWarning: MatMul8bitLt: inputs will be cast from torch.bfloat16 to float16 during quantization
  warnings.warn(f"MatMul8bitLt: inputs will be cast from {A.dtype} to float16 during quantization")
  [ 44/164] HumanEval/43: PASS (30455ms, 138 tok)
/home/szw/micromamba/envs/exp/lib/python3.10/site-packages/bitsandbytes/autograd/_functions.py:123: UserWarning: MatMul8bitLt: inputs will be cast from torch.bfloat16 to float16 during quantization
  warnings.warn(f"MatMul8bitLt: inputs will be cast from {A.dtype} to float16 during quantization")
  [ 45/164] HumanEval/44: PASS (26612ms, 119 tok)
/home/szw/micromamba/envs/exp/lib/python3.10/site-packages/bitsandbytes/autograd/_functions.py:123: UserWarning: MatMul8bitLt: inputs will be cast from torch.bfloat16 to float16 during quantization
  warnings.warn(f"MatMul8bitLt: inputs will be cast from {A.dtype} to float16 during quantization")
  [ 46/164] HumanEval/45: PASS (39262ms, 179 tok)
/home/szw/micromamba/envs/exp/lib/python3.10/site-packages/bitsandbytes/autograd/_functions.py:123: UserWarning: MatMul8bitLt: inputs will be cast from torch.bfloat16 to float16 during quantization
  warnings.warn(f"MatMul8bitLt: inputs will be cast from {A.dtype} to float16 during quantization")
  [ 47/164] HumanEval/46: PASS (61178ms, 275 tok)
/home/szw/micromamba/envs/exp/lib/python3.10/site-packages/bitsandbytes/autograd/_functions.py:123: UserWarning: MatMul8bitLt: inputs will be cast from torch.bfloat16 to float16 during quantization
  warnings.warn(f"MatMul8bitLt: inputs will be cast from {A.dtype} to float16 during quantization")
  [ 48/164] HumanEval/47: PASS (53089ms, 240 tok)
/home/szw/micromamba/envs/exp/lib/python3.10/site-packages/bitsandbytes/autograd/_functions.py:123: UserWarning: MatMul8bitLt: inputs will be cast from torch.bfloat16 to float16 during quantization
  warnings.warn(f"MatMul8bitLt: inputs will be cast from {A.dtype} to float16 during quantization")
  [ 49/164] HumanEval/48: PASS (38172ms, 178 tok)
/home/szw/micromamba/envs/exp/lib/python3.10/site-packages/bitsandbytes/autograd/_functions.py:123: UserWarning: MatMul8bitLt: inputs will be cast from torch.bfloat16 to float16 during quantization
  warnings.warn(f"MatMul8bitLt: inputs will be cast from {A.dtype} to float16 during quantization")
  [ 50/164] HumanEval/49: PASS (38893ms, 180 tok)
/home/szw/micromamba/envs/exp/lib/python3.10/site-packages/bitsandbytes/autograd/_functions.py:123: UserWarning: MatMul8bitLt: inputs will be cast from torch.bfloat16 to float16 during quantization
  warnings.warn(f"MatMul8bitLt: inputs will be cast from {A.dtype} to float16 during quantization")
  [ 51/164] HumanEval/50: PASS (36072ms, 167 tok)
/home/szw/micromamba/envs/exp/lib/python3.10/site-packages/bitsandbytes/autograd/_functions.py:123: UserWarning: MatMul8bitLt: inputs will be cast from torch.bfloat16 to float16 during quantization
  warnings.warn(f"MatMul8bitLt: inputs will be cast from {A.dtype} to float16 during quantization")
  [ 52/164] HumanEval/51: PASS (40761ms, 189 tok)
/home/szw/micromamba/envs/exp/lib/python3.10/site-packages/bitsandbytes/autograd/_functions.py:123: UserWarning: MatMul8bitLt: inputs will be cast from torch.bfloat16 to float16 during quantization
  warnings.warn(f"MatMul8bitLt: inputs will be cast from {A.dtype} to float16 during quantization")
  [ 53/164] HumanEval/52: PASS (50575ms, 235 tok)
/home/szw/micromamba/envs/exp/lib/python3.10/site-packages/bitsandbytes/autograd/_functions.py:123: UserWarning: MatMul8bitLt: inputs will be cast from torch.bfloat16 to float16 during quantization
  warnings.warn(f"MatMul8bitLt: inputs will be cast from {A.dtype} to float16 during quantization")
  [ 54/164] HumanEval/53: PASS (110580ms, 512 tok)
/home/szw/micromamba/envs/exp/lib/python3.10/site-packages/bitsandbytes/autograd/_functions.py:123: UserWarning: MatMul8bitLt: inputs will be cast from torch.bfloat16 to float16 during quantization
  warnings.warn(f"MatMul8bitLt: inputs will be cast from {A.dtype} to float16 during quantization")
  [ 55/164] HumanEval/54: PASS (45302ms, 209 tok)
/home/szw/micromamba/envs/exp/lib/python3.10/site-packages/bitsandbytes/autograd/_functions.py:123: UserWarning: MatMul8bitLt: inputs will be cast from torch.bfloat16 to float16 during quantization
  warnings.warn(f"MatMul8bitLt: inputs will be cast from {A.dtype} to float16 during quantization")
  [ 56/164] HumanEval/55: PASS (36550ms, 170 tok)
/home/szw/micromamba/envs/exp/lib/python3.10/site-packages/bitsandbytes/autograd/_functions.py:123: UserWarning: MatMul8bitLt: inputs will be cast from torch.bfloat16 to float16 during quantization
  warnings.warn(f"MatMul8bitLt: inputs will be cast from {A.dtype} to float16 during quantization")
  [ 57/164] HumanEval/56: PASS (54247ms, 250 tok)
/home/szw/micromamba/envs/exp/lib/python3.10/site-packages/bitsandbytes/autograd/_functions.py:123: UserWarning: MatMul8bitLt: inputs will be cast from torch.bfloat16 to float16 during quantization
  warnings.warn(f"MatMul8bitLt: inputs will be cast from {A.dtype} to float16 during quantization")
  [ 58/164] HumanEval/57: PASS (58573ms, 272 tok)
/home/szw/micromamba/envs/exp/lib/python3.10/site-packages/bitsandbytes/autograd/_functions.py:123: UserWarning: MatMul8bitLt: inputs will be cast from torch.bfloat16 to float16 during quantization
  warnings.warn(f"MatMul8bitLt: inputs will be cast from {A.dtype} to float16 during quantization")
  [ 59/164] HumanEval/58: PASS (55430ms, 257 tok)
/home/szw/micromamba/envs/exp/lib/python3.10/site-packages/bitsandbytes/autograd/_functions.py:123: UserWarning: MatMul8bitLt: inputs will be cast from torch.bfloat16 to float16 during quantization
  warnings.warn(f"MatMul8bitLt: inputs will be cast from {A.dtype} to float16 during quantization")
  [ 60/164] HumanEval/59: FAIL (76376ms, 354 tok)
/home/szw/micromamba/envs/exp/lib/python3.10/site-packages/bitsandbytes/autograd/_functions.py:123: UserWarning: MatMul8bitLt: inputs will be cast from torch.bfloat16 to float16 during quantization
  warnings.warn(f"MatMul8bitLt: inputs will be cast from {A.dtype} to float16 during quantization")
  [ 61/164] HumanEval/60: PASS (51271ms, 239 tok)
/home/szw/micromamba/envs/exp/lib/python3.10/site-packages/bitsandbytes/autograd/_functions.py:123: UserWarning: MatMul8bitLt: inputs will be cast from torch.bfloat16 to float16 during quantization
  warnings.warn(f"MatMul8bitLt: inputs will be cast from {A.dtype} to float16 during quantization")
  [ 62/164] HumanEval/61: PASS (58476ms, 270 tok)
/home/szw/micromamba/envs/exp/lib/python3.10/site-packages/bitsandbytes/autograd/_functions.py:123: UserWarning: MatMul8bitLt: inputs will be cast from torch.bfloat16 to float16 during quantization
  warnings.warn(f"MatMul8bitLt: inputs will be cast from {A.dtype} to float16 during quantization")
  [ 63/164] HumanEval/62: PASS (50220ms, 232 tok)
/home/szw/micromamba/envs/exp/lib/python3.10/site-packages/bitsandbytes/autograd/_functions.py:123: UserWarning: MatMul8bitLt: inputs will be cast from torch.bfloat16 to float16 during quantization
  warnings.warn(f"MatMul8bitLt: inputs will be cast from {A.dtype} to float16 during quantization")
  [ 64/164] HumanEval/63: PASS (49852ms, 230 tok)
/home/szw/micromamba/envs/exp/lib/python3.10/site-packages/bitsandbytes/autograd/_functions.py:123: UserWarning: MatMul8bitLt: inputs will be cast from torch.bfloat16 to float16 during quantization
  warnings.warn(f"MatMul8bitLt: inputs will be cast from {A.dtype} to float16 during quantization")
  [ 65/164] HumanEval/64: FAIL (111375ms, 512 tok)
/home/szw/micromamba/envs/exp/lib/python3.10/site-packages/bitsandbytes/autograd/_functions.py:123: UserWarning: MatMul8bitLt: inputs will be cast from torch.bfloat16 to float16 during quantization
  warnings.warn(f"MatMul8bitLt: inputs will be cast from {A.dtype} to float16 during quantization")
  [ 66/164] HumanEval/65: FAIL (54682ms, 253 tok)
/home/szw/micromamba/envs/exp/lib/python3.10/site-packages/bitsandbytes/autograd/_functions.py:123: UserWarning: MatMul8bitLt: inputs will be cast from torch.bfloat16 to float16 during quantization
  warnings.warn(f"MatMul8bitLt: inputs will be cast from {A.dtype} to float16 during quantization")
  [ 67/164] HumanEval/66: PASS (57720ms, 269 tok)
/home/szw/micromamba/envs/exp/lib/python3.10/site-packages/bitsandbytes/autograd/_functions.py:123: UserWarning: MatMul8bitLt: inputs will be cast from torch.bfloat16 to float16 during quantization
  warnings.warn(f"MatMul8bitLt: inputs will be cast from {A.dtype} to float16 during quantization")
  [ 68/164] HumanEval/67: PASS (110881ms, 512 tok)
/home/szw/micromamba/envs/exp/lib/python3.10/site-packages/bitsandbytes/autograd/_functions.py:123: UserWarning: MatMul8bitLt: inputs will be cast from torch.bfloat16 to float16 during quantization
  warnings.warn(f"MatMul8bitLt: inputs will be cast from {A.dtype} to float16 during quantization")
  [ 69/164] HumanEval/68: PASS (73685ms, 342 tok)
/home/szw/micromamba/envs/exp/lib/python3.10/site-packages/bitsandbytes/autograd/_functions.py:123: UserWarning: MatMul8bitLt: inputs will be cast from torch.bfloat16 to float16 during quantization
  warnings.warn(f"MatMul8bitLt: inputs will be cast from {A.dtype} to float16 during quantization")
  [ 70/164] HumanEval/69: FAIL (111648ms, 512 tok)
/home/szw/micromamba/envs/exp/lib/python3.10/site-packages/bitsandbytes/autograd/_functions.py:123: UserWarning: MatMul8bitLt: inputs will be cast from torch.bfloat16 to float16 during quantization
  warnings.warn(f"MatMul8bitLt: inputs will be cast from {A.dtype} to float16 during quantization")
  [ 71/164] HumanEval/70: PASS (69304ms, 311 tok)
/home/szw/micromamba/envs/exp/lib/python3.10/site-packages/bitsandbytes/autograd/_functions.py:123: UserWarning: MatMul8bitLt: inputs will be cast from torch.bfloat16 to float16 during quantization
  warnings.warn(f"MatMul8bitLt: inputs will be cast from {A.dtype} to float16 during quantization")
  [ 72/164] HumanEval/71: FAIL (40278ms, 179 tok)
/home/szw/micromamba/envs/exp/lib/python3.10/site-packages/bitsandbytes/autograd/_functions.py:123: UserWarning: MatMul8bitLt: inputs will be cast from torch.bfloat16 to float16 during quantization
  warnings.warn(f"MatMul8bitLt: inputs will be cast from {A.dtype} to float16 during quantization")
  [ 73/164] HumanEval/72: PASS (24693ms, 112 tok)
/home/szw/micromamba/envs/exp/lib/python3.10/site-packages/bitsandbytes/autograd/_functions.py:123: UserWarning: MatMul8bitLt: inputs will be cast from torch.bfloat16 to float16 during quantization
  warnings.warn(f"MatMul8bitLt: inputs will be cast from {A.dtype} to float16 during quantization")
  [ 74/164] HumanEval/73: PASS (51375ms, 238 tok)
/home/szw/micromamba/envs/exp/lib/python3.10/site-packages/bitsandbytes/autograd/_functions.py:123: UserWarning: MatMul8bitLt: inputs will be cast from torch.bfloat16 to float16 during quantization
  warnings.warn(f"MatMul8bitLt: inputs will be cast from {A.dtype} to float16 during quantization")
  [ 75/164] HumanEval/74: FAIL (58175ms, 262 tok)
/home/szw/micromamba/envs/exp/lib/python3.10/site-packages/bitsandbytes/autograd/_functions.py:123: UserWarning: MatMul8bitLt: inputs will be cast from torch.bfloat16 to float16 during quantization
  warnings.warn(f"MatMul8bitLt: inputs will be cast from {A.dtype} to float16 during quantization")
  [ 76/164] HumanEval/75: PASS (105590ms, 472 tok)
/home/szw/micromamba/envs/exp/lib/python3.10/site-packages/bitsandbytes/autograd/_functions.py:123: UserWarning: MatMul8bitLt: inputs will be cast from torch.bfloat16 to float16 during quantization
  warnings.warn(f"MatMul8bitLt: inputs will be cast from {A.dtype} to float16 during quantization")
  [ 77/164] HumanEval/76: FAIL (115104ms, 512 tok)
/home/szw/micromamba/envs/exp/lib/python3.10/site-packages/bitsandbytes/autograd/_functions.py:123: UserWarning: MatMul8bitLt: inputs will be cast from torch.bfloat16 to float16 during quantization
  warnings.warn(f"MatMul8bitLt: inputs will be cast from {A.dtype} to float16 during quantization")
  [ 78/164] HumanEval/77: FAIL (43660ms, 195 tok)
/home/szw/micromamba/envs/exp/lib/python3.10/site-packages/bitsandbytes/autograd/_functions.py:123: UserWarning: MatMul8bitLt: inputs will be cast from torch.bfloat16 to float16 during quantization
  warnings.warn(f"MatMul8bitLt: inputs will be cast from {A.dtype} to float16 during quantization")
  [ 79/164] HumanEval/78: PASS (34359ms, 153 tok)
/home/szw/micromamba/envs/exp/lib/python3.10/site-packages/bitsandbytes/autograd/_functions.py:123: UserWarning: MatMul8bitLt: inputs will be cast from torch.bfloat16 to float16 during quantization
  warnings.warn(f"MatMul8bitLt: inputs will be cast from {A.dtype} to float16 during quantization")
  [ 80/164] HumanEval/79: PASS (53348ms, 238 tok)
/home/szw/micromamba/envs/exp/lib/python3.10/site-packages/bitsandbytes/autograd/_functions.py:123: UserWarning: MatMul8bitLt: inputs will be cast from torch.bfloat16 to float16 during quantization
  warnings.warn(f"MatMul8bitLt: inputs will be cast from {A.dtype} to float16 during quantization")
  [ 81/164] HumanEval/80: PASS (36459ms, 162 tok)
/home/szw/micromamba/envs/exp/lib/python3.10/site-packages/bitsandbytes/autograd/_functions.py:123: UserWarning: MatMul8bitLt: inputs will be cast from torch.bfloat16 to float16 during quantization
  warnings.warn(f"MatMul8bitLt: inputs will be cast from {A.dtype} to float16 during quantization")
  [ 82/164] HumanEval/81: PASS (115522ms, 512 tok)
/home/szw/micromamba/envs/exp/lib/python3.10/site-packages/bitsandbytes/autograd/_functions.py:123: UserWarning: MatMul8bitLt: inputs will be cast from torch.bfloat16 to float16 during quantization
  warnings.warn(f"MatMul8bitLt: inputs will be cast from {A.dtype} to float16 during quantization")
  [ 83/164] HumanEval/82: FAIL (14726ms, 66 tok)
/home/szw/micromamba/envs/exp/lib/python3.10/site-packages/bitsandbytes/autograd/_functions.py:123: UserWarning: MatMul8bitLt: inputs will be cast from torch.bfloat16 to float16 during quantization
  warnings.warn(f"MatMul8bitLt: inputs will be cast from {A.dtype} to float16 during quantization")
  [ 84/164] HumanEval/83: FAIL (39547ms, 176 tok)
/home/szw/micromamba/envs/exp/lib/python3.10/site-packages/bitsandbytes/autograd/_functions.py:123: UserWarning: MatMul8bitLt: inputs will be cast from torch.bfloat16 to float16 during quantization
  warnings.warn(f"MatMul8bitLt: inputs will be cast from {A.dtype} to float16 during quantization")
  [ 85/164] HumanEval/84: PASS (50588ms, 227 tok)
/home/szw/micromamba/envs/exp/lib/python3.10/site-packages/bitsandbytes/autograd/_functions.py:123: UserWarning: MatMul8bitLt: inputs will be cast from torch.bfloat16 to float16 during quantization
  warnings.warn(f"MatMul8bitLt: inputs will be cast from {A.dtype} to float16 during quantization")
  [ 86/164] HumanEval/85: PASS (52404ms, 236 tok)
/home/szw/micromamba/envs/exp/lib/python3.10/site-packages/bitsandbytes/autograd/_functions.py:123: UserWarning: MatMul8bitLt: inputs will be cast from torch.bfloat16 to float16 during quantization
  warnings.warn(f"MatMul8bitLt: inputs will be cast from {A.dtype} to float16 during quantization")
  [ 87/164] HumanEval/86: PASS (56101ms, 253 tok)
/home/szw/micromamba/envs/exp/lib/python3.10/site-packages/bitsandbytes/autograd/_functions.py:123: UserWarning: MatMul8bitLt: inputs will be cast from torch.bfloat16 to float16 during quantization
  warnings.warn(f"MatMul8bitLt: inputs will be cast from {A.dtype} to float16 during quantization")
  [ 88/164] HumanEval/87: PASS (41675ms, 184 tok)
/home/szw/micromamba/envs/exp/lib/python3.10/site-packages/bitsandbytes/autograd/_functions.py:123: UserWarning: MatMul8bitLt: inputs will be cast from torch.bfloat16 to float16 during quantization
  warnings.warn(f"MatMul8bitLt: inputs will be cast from {A.dtype} to float16 during quantization")
  [ 89/164] HumanEval/88: PASS (17311ms, 76 tok)
/home/szw/micromamba/envs/exp/lib/python3.10/site-packages/bitsandbytes/autograd/_functions.py:123: UserWarning: MatMul8bitLt: inputs will be cast from torch.bfloat16 to float16 during quantization
  warnings.warn(f"MatMul8bitLt: inputs will be cast from {A.dtype} to float16 during quantization")
  [ 90/164] HumanEval/89: PASS (52209ms, 233 tok)
/home/szw/micromamba/envs/exp/lib/python3.10/site-packages/bitsandbytes/autograd/_functions.py:123: UserWarning: MatMul8bitLt: inputs will be cast from torch.bfloat16 to float16 during quantization
  warnings.warn(f"MatMul8bitLt: inputs will be cast from {A.dtype} to float16 during quantization")
  [ 91/164] HumanEval/90: FAIL (114893ms, 512 tok)
/home/szw/micromamba/envs/exp/lib/python3.10/site-packages/bitsandbytes/autograd/_functions.py:123: UserWarning: MatMul8bitLt: inputs will be cast from torch.bfloat16 to float16 during quantization
  warnings.warn(f"MatMul8bitLt: inputs will be cast from {A.dtype} to float16 during quantization")
  [ 92/164] HumanEval/91: FAIL (60679ms, 273 tok)
/home/szw/micromamba/envs/exp/lib/python3.10/site-packages/bitsandbytes/autograd/_functions.py:123: UserWarning: MatMul8bitLt: inputs will be cast from torch.bfloat16 to float16 during quantization
  warnings.warn(f"MatMul8bitLt: inputs will be cast from {A.dtype} to float16 during quantization")
  [ 93/164] HumanEval/92: PASS (47707ms, 215 tok)
/home/szw/micromamba/envs/exp/lib/python3.10/site-packages/bitsandbytes/autograd/_functions.py:123: UserWarning: MatMul8bitLt: inputs will be cast from torch.bfloat16 to float16 during quantization
  warnings.warn(f"MatMul8bitLt: inputs will be cast from {A.dtype} to float16 during quantization")
  [ 94/164] HumanEval/93: FAIL (69564ms, 312 tok)
/home/szw/micromamba/envs/exp/lib/python3.10/site-packages/bitsandbytes/autograd/_functions.py:123: UserWarning: MatMul8bitLt: inputs will be cast from torch.bfloat16 to float16 during quantization
  warnings.warn(f"MatMul8bitLt: inputs will be cast from {A.dtype} to float16 during quantization")
  [ 95/164] HumanEval/94: PASS (82732ms, 368 tok)
/home/szw/micromamba/envs/exp/lib/python3.10/site-packages/bitsandbytes/autograd/_functions.py:123: UserWarning: MatMul8bitLt: inputs will be cast from torch.bfloat16 to float16 during quantization
  warnings.warn(f"MatMul8bitLt: inputs will be cast from {A.dtype} to float16 during quantization")
  [ 96/164] HumanEval/95: FAIL (38370ms, 171 tok)
/home/szw/micromamba/envs/exp/lib/python3.10/site-packages/bitsandbytes/autograd/_functions.py:123: UserWarning: MatMul8bitLt: inputs will be cast from torch.bfloat16 to float16 during quantization
  warnings.warn(f"MatMul8bitLt: inputs will be cast from {A.dtype} to float16 during quantization")
  [ 97/164] HumanEval/96: PASS (82873ms, 370 tok)
/home/szw/micromamba/envs/exp/lib/python3.10/site-packages/bitsandbytes/autograd/_functions.py:123: UserWarning: MatMul8bitLt: inputs will be cast from torch.bfloat16 to float16 during quantization
  warnings.warn(f"MatMul8bitLt: inputs will be cast from {A.dtype} to float16 during quantization")
  [ 98/164] HumanEval/97: PASS (44705ms, 201 tok)
/home/szw/micromamba/envs/exp/lib/python3.10/site-packages/bitsandbytes/autograd/_functions.py:123: UserWarning: MatMul8bitLt: inputs will be cast from torch.bfloat16 to float16 during quantization
  warnings.warn(f"MatMul8bitLt: inputs will be cast from {A.dtype} to float16 during quantization")
  [ 99/164] HumanEval/98: PASS (60239ms, 271 tok)
/home/szw/micromamba/envs/exp/lib/python3.10/site-packages/bitsandbytes/autograd/_functions.py:123: UserWarning: MatMul8bitLt: inputs will be cast from torch.bfloat16 to float16 during quantization
  warnings.warn(f"MatMul8bitLt: inputs will be cast from {A.dtype} to float16 during quantization")
  [100/164] HumanEval/99: PASS (48644ms, 217 tok)
/home/szw/micromamba/envs/exp/lib/python3.10/site-packages/bitsandbytes/autograd/_functions.py:123: UserWarning: MatMul8bitLt: inputs will be cast from torch.bfloat16 to float16 during quantization
  warnings.warn(f"MatMul8bitLt: inputs will be cast from {A.dtype} to float16 during quantization")
  [101/164] HumanEval/100: PASS (62734ms, 281 tok)
/home/szw/micromamba/envs/exp/lib/python3.10/site-packages/bitsandbytes/autograd/_functions.py:123: UserWarning: MatMul8bitLt: inputs will be cast from torch.bfloat16 to float16 during quantization
  warnings.warn(f"MatMul8bitLt: inputs will be cast from {A.dtype} to float16 during quantization")
  [102/164] HumanEval/101: FAIL (51336ms, 232 tok)
/home/szw/micromamba/envs/exp/lib/python3.10/site-packages/bitsandbytes/autograd/_functions.py:123: UserWarning: MatMul8bitLt: inputs will be cast from torch.bfloat16 to float16 during quantization
  warnings.warn(f"MatMul8bitLt: inputs will be cast from {A.dtype} to float16 during quantization")
  [103/164] HumanEval/102: FAIL (115026ms, 512 tok)
/home/szw/micromamba/envs/exp/lib/python3.10/site-packages/bitsandbytes/autograd/_functions.py:123: UserWarning: MatMul8bitLt: inputs will be cast from torch.bfloat16 to float16 during quantization
  warnings.warn(f"MatMul8bitLt: inputs will be cast from {A.dtype} to float16 during quantization")
  [104/164] HumanEval/103: PASS (28340ms, 126 tok)
/home/szw/micromamba/envs/exp/lib/python3.10/site-packages/bitsandbytes/autograd/_functions.py:123: UserWarning: MatMul8bitLt: inputs will be cast from torch.bfloat16 to float16 during quantization
  warnings.warn(f"MatMul8bitLt: inputs will be cast from {A.dtype} to float16 during quantization")
  [105/164] HumanEval/104: PASS (74448ms, 340 tok)
/home/szw/micromamba/envs/exp/lib/python3.10/site-packages/bitsandbytes/autograd/_functions.py:123: UserWarning: MatMul8bitLt: inputs will be cast from torch.bfloat16 to float16 during quantization
  warnings.warn(f"MatMul8bitLt: inputs will be cast from {A.dtype} to float16 during quantization")
  [106/164] HumanEval/105: FAIL (38193ms, 178 tok)
/home/szw/micromamba/envs/exp/lib/python3.10/site-packages/bitsandbytes/autograd/_functions.py:123: UserWarning: MatMul8bitLt: inputs will be cast from torch.bfloat16 to float16 during quantization
  warnings.warn(f"MatMul8bitLt: inputs will be cast from {A.dtype} to float16 during quantization")
  [107/164] HumanEval/106: FAIL (46819ms, 219 tok)
/home/szw/micromamba/envs/exp/lib/python3.10/site-packages/bitsandbytes/autograd/_functions.py:123: UserWarning: MatMul8bitLt: inputs will be cast from torch.bfloat16 to float16 during quantization
  warnings.warn(f"MatMul8bitLt: inputs will be cast from {A.dtype} to float16 during quantization")
  [108/164] HumanEval/107: PASS (29154ms, 133 tok)
/home/szw/micromamba/envs/exp/lib/python3.10/site-packages/bitsandbytes/autograd/_functions.py:123: UserWarning: MatMul8bitLt: inputs will be cast from torch.bfloat16 to float16 during quantization
  warnings.warn(f"MatMul8bitLt: inputs will be cast from {A.dtype} to float16 during quantization")
  [109/164] HumanEval/108: FAIL (48220ms, 223 tok)
/home/szw/micromamba/envs/exp/lib/python3.10/site-packages/bitsandbytes/autograd/_functions.py:123: UserWarning: MatMul8bitLt: inputs will be cast from torch.bfloat16 to float16 during quantization
  warnings.warn(f"MatMul8bitLt: inputs will be cast from {A.dtype} to float16 during quantization")
  [110/164] HumanEval/109: FAIL (50780ms, 233 tok)
/home/szw/micromamba/envs/exp/lib/python3.10/site-packages/bitsandbytes/autograd/_functions.py:123: UserWarning: MatMul8bitLt: inputs will be cast from torch.bfloat16 to float16 during quantization
  warnings.warn(f"MatMul8bitLt: inputs will be cast from {A.dtype} to float16 during quantization")
  [111/164] HumanEval/110: FAIL (62431ms, 288 tok)
/home/szw/micromamba/envs/exp/lib/python3.10/site-packages/bitsandbytes/autograd/_functions.py:123: UserWarning: MatMul8bitLt: inputs will be cast from torch.bfloat16 to float16 during quantization
  warnings.warn(f"MatMul8bitLt: inputs will be cast from {A.dtype} to float16 during quantization")
  [112/164] HumanEval/111: PASS (70275ms, 325 tok)
/home/szw/micromamba/envs/exp/lib/python3.10/site-packages/bitsandbytes/autograd/_functions.py:123: UserWarning: MatMul8bitLt: inputs will be cast from torch.bfloat16 to float16 during quantization
  warnings.warn(f"MatMul8bitLt: inputs will be cast from {A.dtype} to float16 during quantization")
  [113/164] HumanEval/112: PASS (46547ms, 215 tok)
/home/szw/micromamba/envs/exp/lib/python3.10/site-packages/bitsandbytes/autograd/_functions.py:123: UserWarning: MatMul8bitLt: inputs will be cast from torch.bfloat16 to float16 during quantization
  warnings.warn(f"MatMul8bitLt: inputs will be cast from {A.dtype} to float16 during quantization")
  [114/164] HumanEval/113: PASS (63226ms, 292 tok)
/home/szw/micromamba/envs/exp/lib/python3.10/site-packages/bitsandbytes/autograd/_functions.py:123: UserWarning: MatMul8bitLt: inputs will be cast from torch.bfloat16 to float16 during quantization
  warnings.warn(f"MatMul8bitLt: inputs will be cast from {A.dtype} to float16 during quantization")
  [115/164] HumanEval/114: PASS (34635ms, 160 tok)
/home/szw/micromamba/envs/exp/lib/python3.10/site-packages/bitsandbytes/autograd/_functions.py:123: UserWarning: MatMul8bitLt: inputs will be cast from torch.bfloat16 to float16 during quantization
  warnings.warn(f"MatMul8bitLt: inputs will be cast from {A.dtype} to float16 during quantization")
  [116/164] HumanEval/115: FAIL (52112ms, 240 tok)
/home/szw/micromamba/envs/exp/lib/python3.10/site-packages/bitsandbytes/autograd/_functions.py:123: UserWarning: MatMul8bitLt: inputs will be cast from torch.bfloat16 to float16 during quantization
  warnings.warn(f"MatMul8bitLt: inputs will be cast from {A.dtype} to float16 during quantization")
  [117/164] HumanEval/116: PASS (53393ms, 247 tok)
/home/szw/micromamba/envs/exp/lib/python3.10/site-packages/bitsandbytes/autograd/_functions.py:123: UserWarning: MatMul8bitLt: inputs will be cast from torch.bfloat16 to float16 during quantization
  warnings.warn(f"MatMul8bitLt: inputs will be cast from {A.dtype} to float16 during quantization")
  [118/164] HumanEval/117: PASS (47633ms, 221 tok)
/home/szw/micromamba/envs/exp/lib/python3.10/site-packages/bitsandbytes/autograd/_functions.py:123: UserWarning: MatMul8bitLt: inputs will be cast from torch.bfloat16 to float16 during quantization
  warnings.warn(f"MatMul8bitLt: inputs will be cast from {A.dtype} to float16 during quantization")
  [119/164] HumanEval/118: PASS (32154ms, 122 tok)
/home/szw/micromamba/envs/exp/lib/python3.10/site-packages/bitsandbytes/autograd/_functions.py:123: UserWarning: MatMul8bitLt: inputs will be cast from torch.bfloat16 to float16 during quantization
  warnings.warn(f"MatMul8bitLt: inputs will be cast from {A.dtype} to float16 during quantization")
  [120/164] HumanEval/119: PASS (37341ms, 141 tok)
/home/szw/micromamba/envs/exp/lib/python3.10/site-packages/bitsandbytes/autograd/_functions.py:123: UserWarning: MatMul8bitLt: inputs will be cast from torch.bfloat16 to float16 during quantization
  warnings.warn(f"MatMul8bitLt: inputs will be cast from {A.dtype} to float16 during quantization")
  [121/164] HumanEval/120: FAIL (31934ms, 121 tok)
/home/szw/micromamba/envs/exp/lib/python3.10/site-packages/bitsandbytes/autograd/_functions.py:123: UserWarning: MatMul8bitLt: inputs will be cast from torch.bfloat16 to float16 during quantization
  warnings.warn(f"MatMul8bitLt: inputs will be cast from {A.dtype} to float16 during quantization")
  [122/164] HumanEval/121: PASS (74967ms, 288 tok)
/home/szw/micromamba/envs/exp/lib/python3.10/site-packages/bitsandbytes/autograd/_functions.py:123: UserWarning: MatMul8bitLt: inputs will be cast from torch.bfloat16 to float16 during quantization
  warnings.warn(f"MatMul8bitLt: inputs will be cast from {A.dtype} to float16 during quantization")
  [123/164] HumanEval/122: PASS (133830ms, 512 tok)
/home/szw/micromamba/envs/exp/lib/python3.10/site-packages/bitsandbytes/autograd/_functions.py:123: UserWarning: MatMul8bitLt: inputs will be cast from torch.bfloat16 to float16 during quantization
  warnings.warn(f"MatMul8bitLt: inputs will be cast from {A.dtype} to float16 during quantization")
  [124/164] HumanEval/123: PASS (125100ms, 512 tok)
/home/szw/micromamba/envs/exp/lib/python3.10/site-packages/bitsandbytes/autograd/_functions.py:123: UserWarning: MatMul8bitLt: inputs will be cast from torch.bfloat16 to float16 during quantization
  warnings.warn(f"MatMul8bitLt: inputs will be cast from {A.dtype} to float16 during quantization")
  [125/164] HumanEval/124: PASS (61072ms, 279 tok)
/home/szw/micromamba/envs/exp/lib/python3.10/site-packages/bitsandbytes/autograd/_functions.py:123: UserWarning: MatMul8bitLt: inputs will be cast from torch.bfloat16 to float16 during quantization
  warnings.warn(f"MatMul8bitLt: inputs will be cast from {A.dtype} to float16 during quantization")
  [126/164] HumanEval/125: PASS (66214ms, 306 tok)
/home/szw/micromamba/envs/exp/lib/python3.10/site-packages/bitsandbytes/autograd/_functions.py:123: UserWarning: MatMul8bitLt: inputs will be cast from torch.bfloat16 to float16 during quantization
  warnings.warn(f"MatMul8bitLt: inputs will be cast from {A.dtype} to float16 during quantization")
  [127/164] HumanEval/126: FAIL (49079ms, 227 tok)
/home/szw/micromamba/envs/exp/lib/python3.10/site-packages/bitsandbytes/autograd/_functions.py:123: UserWarning: MatMul8bitLt: inputs will be cast from torch.bfloat16 to float16 during quantization
  warnings.warn(f"MatMul8bitLt: inputs will be cast from {A.dtype} to float16 during quantization")
  [128/164] HumanEval/127: FAIL (111120ms, 512 tok)
/home/szw/micromamba/envs/exp/lib/python3.10/site-packages/bitsandbytes/autograd/_functions.py:123: UserWarning: MatMul8bitLt: inputs will be cast from torch.bfloat16 to float16 during quantization
  warnings.warn(f"MatMul8bitLt: inputs will be cast from {A.dtype} to float16 during quantization")
  [129/164] HumanEval/128: PASS (27823ms, 128 tok)
/home/szw/micromamba/envs/exp/lib/python3.10/site-packages/bitsandbytes/autograd/_functions.py:123: UserWarning: MatMul8bitLt: inputs will be cast from torch.bfloat16 to float16 during quantization
  warnings.warn(f"MatMul8bitLt: inputs will be cast from {A.dtype} to float16 during quantization")
  [130/164] HumanEval/129: FAIL (111764ms, 512 tok)
/home/szw/micromamba/envs/exp/lib/python3.10/site-packages/bitsandbytes/autograd/_functions.py:123: UserWarning: MatMul8bitLt: inputs will be cast from torch.bfloat16 to float16 during quantization
  warnings.warn(f"MatMul8bitLt: inputs will be cast from {A.dtype} to float16 during quantization")
  [131/164] HumanEval/130: FAIL (35945ms, 164 tok)
/home/szw/micromamba/envs/exp/lib/python3.10/site-packages/bitsandbytes/autograd/_functions.py:123: UserWarning: MatMul8bitLt: inputs will be cast from torch.bfloat16 to float16 during quantization
  warnings.warn(f"MatMul8bitLt: inputs will be cast from {A.dtype} to float16 during quantization")
  [132/164] HumanEval/131: PASS (28842ms, 133 tok)
/home/szw/micromamba/envs/exp/lib/python3.10/site-packages/bitsandbytes/autograd/_functions.py:123: UserWarning: MatMul8bitLt: inputs will be cast from torch.bfloat16 to float16 during quantization
  warnings.warn(f"MatMul8bitLt: inputs will be cast from {A.dtype} to float16 during quantization")
  [133/164] HumanEval/132: FAIL (31542ms, 145 tok)
/home/szw/micromamba/envs/exp/lib/python3.10/site-packages/bitsandbytes/autograd/_functions.py:123: UserWarning: MatMul8bitLt: inputs will be cast from torch.bfloat16 to float16 during quantization
  warnings.warn(f"MatMul8bitLt: inputs will be cast from {A.dtype} to float16 during quantization")
  [134/164] HumanEval/133: FAIL (23833ms, 110 tok)
/home/szw/micromamba/envs/exp/lib/python3.10/site-packages/bitsandbytes/autograd/_functions.py:123: UserWarning: MatMul8bitLt: inputs will be cast from torch.bfloat16 to float16 during quantization
  warnings.warn(f"MatMul8bitLt: inputs will be cast from {A.dtype} to float16 during quantization")
  [135/164] HumanEval/134: FAIL (49788ms, 231 tok)
/home/szw/micromamba/envs/exp/lib/python3.10/site-packages/bitsandbytes/autograd/_functions.py:123: UserWarning: MatMul8bitLt: inputs will be cast from torch.bfloat16 to float16 during quantization
  warnings.warn(f"MatMul8bitLt: inputs will be cast from {A.dtype} to float16 during quantization")
  [136/164] HumanEval/135: FAIL (17798ms, 82 tok)
/home/szw/micromamba/envs/exp/lib/python3.10/site-packages/bitsandbytes/autograd/_functions.py:123: UserWarning: MatMul8bitLt: inputs will be cast from torch.bfloat16 to float16 during quantization
  warnings.warn(f"MatMul8bitLt: inputs will be cast from {A.dtype} to float16 during quantization")
  [137/164] HumanEval/136: PASS (49322ms, 227 tok)
/home/szw/micromamba/envs/exp/lib/python3.10/site-packages/bitsandbytes/autograd/_functions.py:123: UserWarning: MatMul8bitLt: inputs will be cast from torch.bfloat16 to float16 during quantization
  warnings.warn(f"MatMul8bitLt: inputs will be cast from {A.dtype} to float16 during quantization")
  [138/164] HumanEval/137: FAIL (33391ms, 154 tok)
/home/szw/micromamba/envs/exp/lib/python3.10/site-packages/bitsandbytes/autograd/_functions.py:123: UserWarning: MatMul8bitLt: inputs will be cast from torch.bfloat16 to float16 during quantization
  warnings.warn(f"MatMul8bitLt: inputs will be cast from {A.dtype} to float16 during quantization")
  [139/164] HumanEval/138: PASS (70285ms, 326 tok)
/home/szw/micromamba/envs/exp/lib/python3.10/site-packages/bitsandbytes/autograd/_functions.py:123: UserWarning: MatMul8bitLt: inputs will be cast from torch.bfloat16 to float16 during quantization
  warnings.warn(f"MatMul8bitLt: inputs will be cast from {A.dtype} to float16 during quantization")
  [140/164] HumanEval/139: FAIL (45275ms, 211 tok)
/home/szw/micromamba/envs/exp/lib/python3.10/site-packages/bitsandbytes/autograd/_functions.py:123: UserWarning: MatMul8bitLt: inputs will be cast from torch.bfloat16 to float16 during quantization
  warnings.warn(f"MatMul8bitLt: inputs will be cast from {A.dtype} to float16 during quantization")
  [141/164] HumanEval/140: FAIL (58727ms, 272 tok)
/home/szw/micromamba/envs/exp/lib/python3.10/site-packages/bitsandbytes/autograd/_functions.py:123: UserWarning: MatMul8bitLt: inputs will be cast from torch.bfloat16 to float16 during quantization
  warnings.warn(f"MatMul8bitLt: inputs will be cast from {A.dtype} to float16 during quantization")
  [142/164] HumanEval/141: FAIL (31699ms, 147 tok)
/home/szw/micromamba/envs/exp/lib/python3.10/site-packages/bitsandbytes/autograd/_functions.py:123: UserWarning: MatMul8bitLt: inputs will be cast from torch.bfloat16 to float16 during quantization
  warnings.warn(f"MatMul8bitLt: inputs will be cast from {A.dtype} to float16 during quantization")
  [143/164] HumanEval/142: FAIL (111161ms, 512 tok)
/home/szw/micromamba/envs/exp/lib/python3.10/site-packages/bitsandbytes/autograd/_functions.py:123: UserWarning: MatMul8bitLt: inputs will be cast from torch.bfloat16 to float16 during quantization
  warnings.warn(f"MatMul8bitLt: inputs will be cast from {A.dtype} to float16 during quantization")
  [144/164] HumanEval/143: PASS (37641ms, 173 tok)
/home/szw/micromamba/envs/exp/lib/python3.10/site-packages/bitsandbytes/autograd/_functions.py:123: UserWarning: MatMul8bitLt: inputs will be cast from torch.bfloat16 to float16 during quantization
  warnings.warn(f"MatMul8bitLt: inputs will be cast from {A.dtype} to float16 during quantization")
  [145/164] HumanEval/144: PASS (116900ms, 512 tok)
/home/szw/micromamba/envs/exp/lib/python3.10/site-packages/bitsandbytes/autograd/_functions.py:123: UserWarning: MatMul8bitLt: inputs will be cast from torch.bfloat16 to float16 during quantization
  warnings.warn(f"MatMul8bitLt: inputs will be cast from {A.dtype} to float16 during quantization")
  [146/164] HumanEval/145: FAIL (71789ms, 321 tok)
/home/szw/micromamba/envs/exp/lib/python3.10/site-packages/bitsandbytes/autograd/_functions.py:123: UserWarning: MatMul8bitLt: inputs will be cast from torch.bfloat16 to float16 during quantization
  warnings.warn(f"MatMul8bitLt: inputs will be cast from {A.dtype} to float16 during quantization")
  [147/164] HumanEval/146: PASS (28821ms, 129 tok)
/home/szw/micromamba/envs/exp/lib/python3.10/site-packages/bitsandbytes/autograd/_functions.py:123: UserWarning: MatMul8bitLt: inputs will be cast from torch.bfloat16 to float16 during quantization
  warnings.warn(f"MatMul8bitLt: inputs will be cast from {A.dtype} to float16 during quantization")
  [148/164] HumanEval/147: FAIL (44459ms, 198 tok)
/home/szw/micromamba/envs/exp/lib/python3.10/site-packages/bitsandbytes/autograd/_functions.py:123: UserWarning: MatMul8bitLt: inputs will be cast from torch.bfloat16 to float16 during quantization
  warnings.warn(f"MatMul8bitLt: inputs will be cast from {A.dtype} to float16 during quantization")
  [149/164] HumanEval/148: PASS (42442ms, 190 tok)
/home/szw/micromamba/envs/exp/lib/python3.10/site-packages/bitsandbytes/autograd/_functions.py:123: UserWarning: MatMul8bitLt: inputs will be cast from torch.bfloat16 to float16 during quantization
  warnings.warn(f"MatMul8bitLt: inputs will be cast from {A.dtype} to float16 during quantization")
  [150/164] HumanEval/149: PASS (63714ms, 288 tok)
/home/szw/micromamba/envs/exp/lib/python3.10/site-packages/bitsandbytes/autograd/_functions.py:123: UserWarning: MatMul8bitLt: inputs will be cast from torch.bfloat16 to float16 during quantization
  warnings.warn(f"MatMul8bitLt: inputs will be cast from {A.dtype} to float16 during quantization")
  [151/164] HumanEval/150: FAIL (64735ms, 271 tok)
/home/szw/micromamba/envs/exp/lib/python3.10/site-packages/bitsandbytes/autograd/_functions.py:123: UserWarning: MatMul8bitLt: inputs will be cast from torch.bfloat16 to float16 during quantization
  warnings.warn(f"MatMul8bitLt: inputs will be cast from {A.dtype} to float16 during quantization")
  [152/164] HumanEval/151: PASS (79034ms, 302 tok)
/home/szw/micromamba/envs/exp/lib/python3.10/site-packages/bitsandbytes/autograd/_functions.py:123: UserWarning: MatMul8bitLt: inputs will be cast from torch.bfloat16 to float16 during quantization
  warnings.warn(f"MatMul8bitLt: inputs will be cast from {A.dtype} to float16 during quantization")
  [153/164] HumanEval/152: PASS (80578ms, 307 tok)
/home/szw/micromamba/envs/exp/lib/python3.10/site-packages/bitsandbytes/autograd/_functions.py:123: UserWarning: MatMul8bitLt: inputs will be cast from torch.bfloat16 to float16 during quantization
  warnings.warn(f"MatMul8bitLt: inputs will be cast from {A.dtype} to float16 during quantization")
  [154/164] HumanEval/153: PASS (94917ms, 363 tok)
/home/szw/micromamba/envs/exp/lib/python3.10/site-packages/bitsandbytes/autograd/_functions.py:123: UserWarning: MatMul8bitLt: inputs will be cast from torch.bfloat16 to float16 during quantization
  warnings.warn(f"MatMul8bitLt: inputs will be cast from {A.dtype} to float16 during quantization")
  [155/164] HumanEval/154: PASS (65054ms, 248 tok)
/home/szw/micromamba/envs/exp/lib/python3.10/site-packages/bitsandbytes/autograd/_functions.py:123: UserWarning: MatMul8bitLt: inputs will be cast from torch.bfloat16 to float16 during quantization
  warnings.warn(f"MatMul8bitLt: inputs will be cast from {A.dtype} to float16 during quantization")
  [156/164] HumanEval/155: PASS (64718ms, 247 tok)
/home/szw/micromamba/envs/exp/lib/python3.10/site-packages/bitsandbytes/autograd/_functions.py:123: UserWarning: MatMul8bitLt: inputs will be cast from torch.bfloat16 to float16 during quantization
  warnings.warn(f"MatMul8bitLt: inputs will be cast from {A.dtype} to float16 during quantization")
  [157/164] HumanEval/156: PASS (112114ms, 428 tok)
/home/szw/micromamba/envs/exp/lib/python3.10/site-packages/bitsandbytes/autograd/_functions.py:123: UserWarning: MatMul8bitLt: inputs will be cast from torch.bfloat16 to float16 during quantization
  warnings.warn(f"MatMul8bitLt: inputs will be cast from {A.dtype} to float16 during quantization")
  [158/164] HumanEval/157: PASS (54865ms, 249 tok)
/home/szw/micromamba/envs/exp/lib/python3.10/site-packages/bitsandbytes/autograd/_functions.py:123: UserWarning: MatMul8bitLt: inputs will be cast from torch.bfloat16 to float16 during quantization
  warnings.warn(f"MatMul8bitLt: inputs will be cast from {A.dtype} to float16 during quantization")
  [159/164] HumanEval/158: PASS (61038ms, 275 tok)
/home/szw/micromamba/envs/exp/lib/python3.10/site-packages/bitsandbytes/autograd/_functions.py:123: UserWarning: MatMul8bitLt: inputs will be cast from torch.bfloat16 to float16 during quantization
  warnings.warn(f"MatMul8bitLt: inputs will be cast from {A.dtype} to float16 during quantization")
  [160/164] HumanEval/159: PASS (115370ms, 512 tok)
/home/szw/micromamba/envs/exp/lib/python3.10/site-packages/bitsandbytes/autograd/_functions.py:123: UserWarning: MatMul8bitLt: inputs will be cast from torch.bfloat16 to float16 during quantization
  warnings.warn(f"MatMul8bitLt: inputs will be cast from {A.dtype} to float16 during quantization")
  [161/164] HumanEval/160: FAIL (113215ms, 512 tok)
/home/szw/micromamba/envs/exp/lib/python3.10/site-packages/bitsandbytes/autograd/_functions.py:123: UserWarning: MatMul8bitLt: inputs will be cast from torch.bfloat16 to float16 during quantization
  warnings.warn(f"MatMul8bitLt: inputs will be cast from {A.dtype} to float16 during quantization")
  [162/164] HumanEval/161: PASS (18800ms, 86 tok)
/home/szw/micromamba/envs/exp/lib/python3.10/site-packages/bitsandbytes/autograd/_functions.py:123: UserWarning: MatMul8bitLt: inputs will be cast from torch.bfloat16 to float16 during quantization
  warnings.warn(f"MatMul8bitLt: inputs will be cast from {A.dtype} to float16 during quantization")
  [163/164] HumanEval/162: FAIL (51767ms, 239 tok)
/home/szw/micromamba/envs/exp/lib/python3.10/site-packages/bitsandbytes/autograd/_functions.py:123: UserWarning: MatMul8bitLt: inputs will be cast from torch.bfloat16 to float16 during quantization
  warnings.warn(f"MatMul8bitLt: inputs will be cast from {A.dtype} to float16 during quantization")
  [164/164] HumanEval/163: FAIL (111557ms, 512 tok)

  pass@1: 72.0%
  Mean latency: 55034ms
  ms/token: 221.5
  Tokens/sec: 4.5
  Peak GPU memory: 5959 MB
  Energy/req: 3400.01 J, Energy/tok: 13736.39 mJ
  Saved to /home/szw/efficient-codegen-exp/results/energy_round/pareto/P08.json

============================================================
Config: P09
  Model: /home/szw/efficient-codegen-exp/models/Qwen2.5-Coder-3B-Instruct
  Precision: int4, Decoding: standard, Sampling: greedy
============================================================
Loading model...
Loading weights:   0%|          | 0/434 [00:00<?, ?it/s]Loading weights:   0%|          | 1/434 [00:00<00:53,  8.10it/s]Loading weights:   7%|▋         | 29/434 [00:00<00:02, 149.41it/s]Loading weights:  15%|█▍        | 64/434 [00:00<00:01, 234.81it/s]Loading weights:  23%|██▎       | 99/434 [00:00<00:01, 278.08it/s]Loading weights:  31%|███       | 133/434 [00:00<00:01, 299.61it/s]Loading weights:  38%|███▊      | 164/434 [00:00<00:00, 298.59it/s]Loading weights:  45%|████▌     | 197/434 [00:00<00:00, 298.87it/s]Loading weights:  53%|█████▎    | 232/434 [00:00<00:00, 312.88it/s]Loading weights:  62%|██████▏   | 268/434 [00:00<00:00, 317.98it/s]Loading weights:  70%|███████   | 304/434 [00:01<00:00, 321.32it/s]Loading weights:  78%|███████▊  | 339/434 [00:01<00:00, 329.51it/s]Loading weights:  86%|████████▌ | 373/434 [00:01<00:00, 332.01it/s]Loading weights:  94%|█████████▍| 407/434 [00:01<00:00, 323.70it/s]Loading weights: 100%|██████████| 434/434 [00:01<00:00, 298.58it/s]
Loaded 164 HumanEval problems
  [  1/164] HumanEval/0: PASS (5050ms, 62 tok)
  [  2/164] HumanEval/1: PASS (8423ms, 104 tok)
  [  3/164] HumanEval/2: PASS (16252ms, 204 tok)
  [  4/164] HumanEval/3: PASS (4363ms, 52 tok)
  [  5/164] HumanEval/4: PASS (6015ms, 72 tok)
  [  6/164] HumanEval/5: PASS (5588ms, 67 tok)
  [  7/164] HumanEval/6: FAIL (3611ms, 43 tok)
  [  8/164] HumanEval/7: PASS (2775ms, 33 tok)
  [  9/164] HumanEval/8: PASS (5672ms, 68 tok)
  [ 10/164] HumanEval/9: PASS (42366ms, 512 tok)
  [ 11/164] HumanEval/10: PASS (5097ms, 61 tok)
  [ 12/164] HumanEval/11: PASS (15663ms, 189 tok)
  [ 13/164] HumanEval/12: PASS (5430ms, 65 tok)
  [ 14/164] HumanEval/13: PASS (7737ms, 93 tok)
  [ 15/164] HumanEval/14: PASS (16084ms, 194 tok)
  [ 16/164] HumanEval/15: PASS (18385ms, 222 tok)
  [ 17/164] HumanEval/16: PASS (17787ms, 215 tok)
  [ 18/164] HumanEval/17: PASS (42285ms, 512 tok)
  [ 19/164] HumanEval/18: PASS (8467ms, 102 tok)
  [ 20/164] HumanEval/19: PASS (13030ms, 157 tok)
  [ 21/164] HumanEval/20: PASS (9315ms, 112 tok)
  [ 22/164] HumanEval/21: PASS (4605ms, 55 tok)
  [ 23/164] HumanEval/22: PASS (2944ms, 35 tok)
  [ 24/164] HumanEval/23: PASS (13945ms, 168 tok)
  [ 25/164] HumanEval/24: PASS (24577ms, 297 tok)
  [ 26/164] HumanEval/25: PASS (5598ms, 67 tok)
  [ 27/164] HumanEval/26: FAIL (4688ms, 56 tok)
  [ 28/164] HumanEval/27: PASS (18690ms, 225 tok)
  [ 29/164] HumanEval/28: PASS (2209ms, 26 tok)
  [ 30/164] HumanEval/29: PASS (2867ms, 34 tok)
  [ 31/164] HumanEval/30: PASS (22581ms, 272 tok)
  [ 32/164] HumanEval/31: FAIL (17694ms, 213 tok)
  [ 33/164] HumanEval/32: PASS (12280ms, 148 tok)
  [ 34/164] HumanEval/33: PASS (15183ms, 183 tok)
  [ 35/164] HumanEval/34: PASS (2195ms, 26 tok)
  [ 36/164] HumanEval/35: PASS (42379ms, 512 tok)
  [ 37/164] HumanEval/36: PASS (7738ms, 93 tok)
  [ 38/164] HumanEval/37: PASS (11111ms, 134 tok)
  [ 39/164] HumanEval/38: PASS (25201ms, 302 tok)
  [ 40/164] HumanEval/39: FAIL (15251ms, 194 tok)
  [ 41/164] HumanEval/40: PASS (13009ms, 166 tok)
  [ 42/164] HumanEval/41: PASS (16505ms, 211 tok)
  [ 43/164] HumanEval/42: PASS (21008ms, 268 tok)
  [ 44/164] HumanEval/43: PASS (10850ms, 138 tok)
  [ 45/164] HumanEval/44: PASS (9733ms, 124 tok)
  [ 46/164] HumanEval/45: PASS (40133ms, 512 tok)
  [ 47/164] HumanEval/46: PASS (11401ms, 145 tok)
  [ 48/164] HumanEval/47: PASS (9490ms, 121 tok)
  [ 49/164] HumanEval/48: PASS (15696ms, 200 tok)
  [ 50/164] HumanEval/49: FAIL (42050ms, 512 tok)
  [ 51/164] HumanEval/50: PASS (42547ms, 512 tok)
  [ 52/164] HumanEval/51: PASS (16697ms, 200 tok)
  [ 53/164] HumanEval/52: PASS (20241ms, 244 tok)
  [ 54/164] HumanEval/53: PASS (2206ms, 26 tok)
  [ 55/164] HumanEval/54: PASS (18394ms, 222 tok)
  [ 56/164] HumanEval/55: PASS (12820ms, 158 tok)
  [ 57/164] HumanEval/56: PASS (22862ms, 282 tok)
  [ 58/164] HumanEval/57: PASS (24152ms, 298 tok)
  [ 59/164] HumanEval/58: PASS (41404ms, 512 tok)
  [ 60/164] HumanEval/59: PASS (25220ms, 312 tok)
  [ 61/164] HumanEval/60: PASS (19632ms, 243 tok)
  [ 62/164] HumanEval/61: PASS (22852ms, 283 tok)
  [ 63/164] HumanEval/62: PASS (17783ms, 220 tok)
  [ 64/164] HumanEval/63: PASS (10676ms, 132 tok)
  [ 65/164] HumanEval/64: PASS (14313ms, 177 tok)
  [ 66/164] HumanEval/65: FAIL (22100ms, 274 tok)
  [ 67/164] HumanEval/66: PASS (20414ms, 253 tok)
  [ 68/164] HumanEval/67: PASS (20070ms, 249 tok)
  [ 69/164] HumanEval/68: PASS (13804ms, 171 tok)
  [ 70/164] HumanEval/69: PASS (13269ms, 161 tok)
  [ 71/164] HumanEval/70: PASS (26110ms, 315 tok)
  [ 72/164] HumanEval/71: FAIL (15414ms, 186 tok)
  [ 73/164] HumanEval/72: PASS (10226ms, 123 tok)
  [ 74/164] HumanEval/73: PASS (18387ms, 222 tok)
  [ 75/164] HumanEval/74: FAIL (15085ms, 182 tok)
  [ 76/164] HumanEval/75: FAIL (13434ms, 162 tok)
  [ 77/164] HumanEval/76: PASS (11362ms, 137 tok)
  [ 78/164] HumanEval/77: FAIL (7660ms, 92 tok)
  [ 79/164] HumanEval/78: PASS (21650ms, 262 tok)
  [ 80/164] HumanEval/79: PASS (20779ms, 251 tok)
  [ 81/164] HumanEval/80: PASS (11630ms, 140 tok)
  [ 82/164] HumanEval/81: FAIL (39664ms, 480 tok)
  [ 83/164] HumanEval/82: PASS (9070ms, 109 tok)
  [ 84/164] HumanEval/83: FAIL (15435ms, 186 tok)
  [ 85/164] HumanEval/84: PASS (22146ms, 267 tok)
  [ 86/164] HumanEval/85: PASS (20553ms, 248 tok)
  [ 87/164] HumanEval/86: PASS (19663ms, 237 tok)
  [ 88/164] HumanEval/87: PASS (16238ms, 196 tok)
  [ 89/164] HumanEval/88: PASS (14792ms, 180 tok)
  [ 90/164] HumanEval/89: PASS (18655ms, 230 tok)
  [ 91/164] HumanEval/90: FAIL (41349ms, 512 tok)
  [ 92/164] HumanEval/91: FAIL (12141ms, 150 tok)
  [ 93/164] HumanEval/92: PASS (17228ms, 213 tok)
  [ 94/164] HumanEval/93: FAIL (14577ms, 180 tok)
  [ 95/164] HumanEval/94: PASS (29365ms, 364 tok)
  [ 96/164] HumanEval/95: PASS (41347ms, 512 tok)
  [ 97/164] HumanEval/96: FAIL (18439ms, 228 tok)
  [ 98/164] HumanEval/97: PASS (21376ms, 264 tok)
  [ 99/164] HumanEval/98: PASS (10479ms, 129 tok)
  [100/164] HumanEval/99: PASS (41576ms, 512 tok)
  [101/164] HumanEval/100: PASS (22358ms, 269 tok)
  [102/164] HumanEval/101: FAIL (8684ms, 104 tok)
  [103/164] HumanEval/102: FAIL (16534ms, 199 tok)
  [104/164] HumanEval/103: PASS (12154ms, 146 tok)
  [105/164] HumanEval/104: PASS (26254ms, 316 tok)
  [106/164] HumanEval/105: FAIL (19006ms, 229 tok)
  [107/164] HumanEval/106: FAIL (7504ms, 90 tok)
  [108/164] HumanEval/107: FAIL (21710ms, 262 tok)
  [109/164] HumanEval/108: FAIL (9649ms, 116 tok)
  [110/164] HumanEval/109: PASS (14847ms, 179 tok)
  [111/164] HumanEval/110: PASS (30858ms, 373 tok)
  [112/164] HumanEval/111: PASS (24394ms, 295 tok)
  [113/164] HumanEval/112: PASS (10797ms, 130 tok)
  [114/164] HumanEval/113: PASS (16591ms, 200 tok)
  [115/164] HumanEval/114: PASS (9334ms, 112 tok)
  [116/164] HumanEval/115: FAIL (22545ms, 271 tok)
  [117/164] HumanEval/116: PASS (19812ms, 239 tok)
  [118/164] HumanEval/117: FAIL (13285ms, 160 tok)
  [119/164] HumanEval/118: PASS (42489ms, 512 tok)
  [120/164] HumanEval/119: PASS (11446ms, 138 tok)
  [121/164] HumanEval/120: FAIL (10040ms, 121 tok)
  [122/164] HumanEval/121: PASS (8680ms, 108 tok)
  [123/164] HumanEval/122: PASS (23276ms, 297 tok)
  [124/164] HumanEval/123: PASS (22313ms, 285 tok)
  [125/164] HumanEval/124: PASS (22701ms, 287 tok)
  [126/164] HumanEval/125: FAIL (24933ms, 318 tok)
  [127/164] HumanEval/126: FAIL (17862ms, 227 tok)
  [128/164] HumanEval/127: FAIL (40267ms, 512 tok)
  [129/164] HumanEval/128: PASS (10628ms, 135 tok)
  [130/164] HumanEval/129: FAIL (40122ms, 512 tok)
  [131/164] HumanEval/130: FAIL (12998ms, 165 tok)
  [132/164] HumanEval/131: PASS (10498ms, 133 tok)
  [133/164] HumanEval/132: FAIL (10500ms, 133 tok)
  [134/164] HumanEval/133: FAIL (15658ms, 199 tok)
  [135/164] HumanEval/134: FAIL (7420ms, 94 tok)
  [136/164] HumanEval/135: FAIL (6729ms, 85 tok)
  [137/164] HumanEval/136: PASS (12595ms, 160 tok)
  [138/164] HumanEval/137: FAIL (11728ms, 149 tok)
  [139/164] HumanEval/138: PASS (27301ms, 348 tok)
  [140/164] HumanEval/139: FAIL (19004ms, 242 tok)
  [141/164] HumanEval/140: FAIL (16341ms, 208 tok)
  [142/164] HumanEval/141: FAIL (13133ms, 167 tok)
  [143/164] HumanEval/142: FAIL (9365ms, 119 tok)
  [144/164] HumanEval/143: PASS (9848ms, 125 tok)
  [145/164] HumanEval/144: PASS (12105ms, 154 tok)
  [146/164] HumanEval/145: FAIL (24286ms, 310 tok)
  [147/164] HumanEval/146: PASS (10697ms, 136 tok)
  [148/164] HumanEval/147: PASS (10446ms, 133 tok)
  [149/164] HumanEval/148: PASS (14908ms, 190 tok)
  [150/164] HumanEval/149: PASS (22525ms, 287 tok)
  [151/164] HumanEval/150: FAIL (19095ms, 243 tok)
  [152/164] HumanEval/151: PASS (12188ms, 155 tok)
  [153/164] HumanEval/152: PASS (23613ms, 287 tok)
  [154/164] HumanEval/153: PASS (14493ms, 175 tok)
  [155/164] HumanEval/154: PASS (24390ms, 295 tok)
  [156/164] HumanEval/155: PASS (27112ms, 328 tok)
  [157/164] HumanEval/156: PASS (19716ms, 238 tok)
  [158/164] HumanEval/157: PASS (23279ms, 281 tok)
  [159/164] HumanEval/158: PASS (20479ms, 247 tok)
  [160/164] HumanEval/159: FAIL (42309ms, 512 tok)
  [161/164] HumanEval/160: FAIL (42363ms, 512 tok)
  [162/164] HumanEval/161: PASS (7179ms, 86 tok)
  [163/164] HumanEval/162: FAIL (20888ms, 252 tok)
  [164/164] HumanEval/163: FAIL (11447ms, 138 tok)

  pass@1: 72.6%
  Mean latency: 17476ms
  ms/token: 81.6
  Tokens/sec: 12.3
  Peak GPU memory: 5959 MB
  Energy/req: 1331.68 J, Energy/tok: 6204.06 mJ
  Saved to /home/szw/efficient-codegen-exp/results/energy_round/pareto/P09.json

=== Energy Round Done ===
ENERGY_PARETO_SMALL_DONE
