start = 07:24:26.554604
loaded input_output = 07:24:26.554957
loading test code = 07:24:26.554966
start = 07:24:26.560073
loaded input_output = 07:24:26.560624
loading test code = 07:24:26.560635
start = 07:24:26.555866
loaded input_output = 07:24:26.556287
loading test code = 07:24:26.556300
start = 07:24:26.575124
loaded input_output = 07:24:26.575422
loading test code = 07:24:26.575433
start = 07:24:26.592946
loaded input_output = 07:24:26.593249
loading test code = 07:24:26.593260
start = 07:24:26.579228
loaded input_output = 07:24:26.579597
loading test code = 07:24:26.579608
start = 07:24:26.577301
loaded input_output = 07:24:26.577537
loading test code = 07:24:26.577547
start = 07:24:26.601531
loaded input_output = 07:24:26.601817
loading test code = 07:24:26.601826
start = 07:24:26.611395
loaded input_output = 07:24:26.611700
loading test code = 07:24:26.611713
start = 07:24:26.607280
loaded input_output = 07:24:26.621629
loading test code = 07:24:26.621663
start = 07:24:26.555766
loaded input_output = 07:24:26.556798
loading test code = 07:24:26.556814
start = 07:24:26.560089
loaded input_output = 07:24:26.590259
loading test code = 07:24:26.590297
start = 07:24:26.831828
loaded input_output = 07:24:26.832140
loading test code = 07:24:26.832150
start = 07:24:26.826236
loaded input_output = 07:24:26.827592
loading test code = 07:24:26.827607
start = 07:24:26.857755
loaded input_output = 07:24:26.858065
loading test code = 07:24:26.858073
start = 07:24:26.877481
loaded input_output = 07:24:26.877780
loading test code = 07:24:26.877790
start = 07:24:26.547469
loaded input_output = 07:24:26.587511
loading test code = 07:24:26.587555
start = 07:24:26.975863
loaded input_output = 07:24:26.976263
loading test code = 07:24:26.976272
start = 07:24:27.071230
loaded input_output = 07:24:27.071535
loading test code = 07:24:27.071545
start = 07:24:26.845490
loaded input_output = 07:24:26.872494
loading test code = 07:24:26.872527
start = 07:24:27.143985
loaded input_output = 07:24:27.144300
loading test code = 07:24:27.144311
start = 07:24:26.573827
loaded input_output = 07:24:26.611464
loading test code = 07:24:26.611501
start = 07:24:26.565953
loaded input_output = 07:24:26.594329
loading test code = 07:24:26.594356
start = 07:24:26.921739
loaded input_output = 07:24:26.976010
loading test code = 07:24:26.976043
start = 07:24:27.129618
loaded input_output = 07:24:27.149147
loading test code = 07:24:27.149185
start = 07:24:27.376361
loaded input_output = 07:24:27.376649
loading test code = 07:24:27.376659
start = 07:24:27.468669
loaded input_output = 07:24:27.468990
loading test code = 07:24:27.469000
start = 07:24:27.387645
loaded input_output = 07:24:27.394296
loading test code = 07:24:27.394332
start = 07:24:27.609482
loaded input_output = 07:24:27.610285
loading test code = 07:24:27.610303
start = 07:24:27.638221
loaded input_output = 07:24:27.638531
loading test code = 07:24:27.638542
start = 07:24:27.678303
loaded input_output = 07:24:27.678616
loading test code = 07:24:27.678627
start = 07:24:27.453631
loaded input_output = 07:24:27.477191
loading test code = 07:24:27.477229
start = 07:24:27.268342
loaded input_output = 07:24:27.342135
loading test code = 07:24:27.342168
start = 07:24:27.763485
loaded input_output = 07:24:27.763968
loading test code = 07:24:27.763979
start = 07:24:26.877241
loaded input_output = 07:24:26.948077
loading test code = 07:24:26.948126
start = 07:24:27.922939
loaded input_output = 07:24:27.923325
loading test code = 07:24:27.923340
start = 07:24:27.911654
loaded input_output = 07:24:27.920592
loading test code = 07:24:27.920624
start = 07:24:28.023510
loaded input_output = 07:24:28.023937
loading test code = 07:24:28.023950
start = 07:24:28.005710
loaded input_output = 07:24:28.008874
loading test code = 07:24:28.008903
start = 07:24:27.856908
loaded input_output = 07:24:27.876635
loading test code = 07:24:27.876675
start = 07:24:28.150969
loaded input_output = 07:24:28.151866
loading test code = 07:24:28.151877
start = 07:24:28.194520
loaded input_output = 07:24:28.194837
loading test code = 07:24:28.194848
start = 07:24:28.182410
loaded input_output = 07:24:28.184515
loading test code = 07:24:28.184533
start = 07:24:28.327302
loaded input_output = 07:24:28.327966
loading test code = 07:24:28.327977
start = 07:24:28.316757
loaded input_output = 07:24:28.317057
loading test code = 07:24:28.317066
start = 07:24:28.354021
loaded input_output = 07:24:28.354320
loading test code = 07:24:28.354329
start = 07:24:28.430101
loaded input_output = 07:24:28.430402
loading test code = 07:24:28.430412
start = 07:24:28.625561
loaded input_output = 07:24:28.627527
loading test code = 07:24:28.627546
start = 07:24:28.465686
loaded input_output = 07:24:28.489048
loading test code = 07:24:28.489091
start = 07:24:28.738680
loaded input_output = 07:24:28.739958
loading test code = 07:24:28.739971
start = 07:24:28.918635
loaded input_output = 07:24:28.919452
loading test code = 07:24:28.919465
start = 07:24:28.958332
loaded input_output = 07:24:28.958640
loading test code = 07:24:28.958650
start = 07:24:28.652648
loaded input_output = 07:24:28.712843
loading test code = 07:24:28.712882
start = 07:24:29.191138
loaded input_output = 07:24:29.191494
loading test code = 07:24:29.191504
start = 07:24:27.819524
loaded input_output = 07:24:27.870200
loading test code = 07:24:27.870237
start = 07:24:29.329586
loaded input_output = 07:24:29.329877
loading test code = 07:24:29.329888
start = 07:24:27.115435
loaded input_output = 07:24:27.197532
loading test code = 07:24:27.197573
start = 07:24:26.842980
loaded input_output = 07:24:26.902481
loading test code = 07:24:26.902528
start = 07:24:29.503121
loaded input_output = 07:24:29.503419
loading test code = 07:24:29.503429
start = 07:24:28.482582
loaded input_output = 07:24:28.522460
loading test code = 07:24:28.522498
start = 07:24:29.674532
loaded input_output = 07:24:29.674841
loading test code = 07:24:29.674852
start = 07:24:29.259341
loaded input_output = 07:24:29.286589
loading test code = 07:24:29.286655
start = 07:24:27.232509
loaded input_output = 07:24:27.292627
loading test code = 07:24:27.292670
start = 07:24:29.795736
loaded input_output = 07:24:29.796131
loading test code = 07:24:29.796141
start = 07:24:29.985597
loaded input_output = 07:24:29.985869
loading test code = 07:24:29.985884
start = 07:24:29.626575
loaded input_output = 07:24:29.690648
loading test code = 07:24:29.690687
start = 07:24:30.034397
loaded input_output = 07:24:30.041554
loading test code = 07:24:30.041583
start = 07:24:29.966893
loaded input_output = 07:24:29.975377
loading test code = 07:24:29.975413
start = 07:24:29.894353
loaded input_output = 07:24:29.948435
loading test code = 07:24:29.948472
start = 07:24:26.863824
loaded input_output = 07:24:26.955209
loading test code = 07:24:26.955256
start = 07:24:30.027865
loaded input_output = 07:24:30.107958
loading test code = 07:24:30.108009
start = 07:24:30.656353
loaded input_output = 07:24:30.657207
loading test code = 07:24:30.657224
start = 07:24:30.749308
loaded input_output = 07:24:30.749600
loading test code = 07:24:30.749609
start = 07:24:30.838555
loaded input_output = 07:24:30.839812
loading test code = 07:24:30.839825
start = 07:24:30.915126
loaded input_output = 07:24:30.915662
loading test code = 07:24:30.915672
start = 07:24:30.367327
loaded input_output = 07:24:30.413634
loading test code = 07:24:30.413673
start = 07:24:31.055124
loaded input_output = 07:24:31.055709
loading test code = 07:24:31.055718
start = 07:24:29.478655
loaded input_output = 07:24:29.527138
loading test code = 07:24:29.527183
start = 07:24:28.673490
loaded input_output = 07:24:28.737214
loading test code = 07:24:28.737264
start = 07:24:31.220496
loaded input_output = 07:24:31.220809
loading test code = 07:24:31.220819
start = 07:24:31.232110
loaded input_output = 07:24:31.232427
loading test code = 07:24:31.232436
start = 07:24:31.382701
loaded input_output = 07:24:31.383036
loading test code = 07:24:31.383047
start = 07:24:31.487597
loaded input_output = 07:24:31.487893
loading test code = 07:24:31.487902
start = 07:24:31.407517
loaded input_output = 07:24:31.410953
loading test code = 07:24:31.410970
start = 07:24:31.669083
loaded input_output = 07:24:31.669373
loading test code = 07:24:31.669387
start = 07:24:31.475279
loaded input_output = 07:24:31.538947
loading test code = 07:24:31.538999
start = 07:24:31.733303
loaded input_output = 07:24:31.733578
loading test code = 07:24:31.733587
start = 07:24:31.343034
loaded input_output = 07:24:31.385948
loading test code = 07:24:31.385980
start = 07:24:30.359442
loaded input_output = 07:24:30.401445
loading test code = 07:24:30.401482
start = 07:24:31.957683
loaded input_output = 07:24:31.957971
loading test code = 07:24:31.957982
start = 07:24:31.958598
loaded input_output = 07:24:31.959203
loading test code = 07:24:31.959215
start = 07:24:31.979013
loaded input_output = 07:24:31.980061
loading test code = 07:24:31.980080
start = 07:24:32.191498
loaded input_output = 07:24:32.191808
loading test code = 07:24:32.191817
start = 07:24:32.237577
loaded input_output = 07:24:32.237846
loading test code = 07:24:32.237857
start = 07:24:32.225515
loaded input_output = 07:24:32.233088
loading test code = 07:24:32.233122
start = 07:24:31.949686
loaded input_output = 07:24:32.017345
loading test code = 07:24:32.017382
start = 07:24:32.503304
loaded input_output = 07:24:32.503632
loading test code = 07:24:32.503644
start = 07:24:32.509769
loaded input_output = 07:24:32.510035
loading test code = 07:24:32.510045
start = 07:24:32.518100
loaded input_output = 07:24:32.518430
loading test code = 07:24:32.518444
start = 07:24:26.554175
loaded input_output = 07:24:26.558474
loading test code = 07:24:26.558497
timeout occured: alarm went off
start = 07:24:32.760789
loaded input_output = 07:24:32.761372
loading test code = 07:24:32.761384
start = 07:24:32.770962
loaded input_output = 07:24:32.771284
loading test code = 07:24:32.771295
start = 07:24:32.855033
loaded input_output = 07:24:32.857661
loading test code = 07:24:32.857674
start = 07:24:32.760251
loaded input_output = 07:24:32.831073
loading test code = 07:24:32.831120
start = 07:24:32.611156
loaded input_output = 07:24:32.611456
loading test code = 07:24:32.611464
start = 07:24:32.256539
loaded input_output = 07:24:32.258944
loading test code = 07:24:32.258964
start = 07:24:33.034164
loaded input_output = 07:24:33.035318
loading test code = 07:24:33.035332
start = 07:24:33.053933
loaded input_output = 07:24:33.054244
loading test code = 07:24:33.054256
start = 07:24:33.178975
loaded input_output = 07:24:33.244938
loading test code = 07:24:33.244974
start = 07:24:33.356679
loaded input_output = 07:24:33.357768
loading test code = 07:24:33.357781
start = 07:24:33.109090
loaded input_output = 07:24:33.109362
loading test code = 07:24:33.109372
start = 07:24:33.140236
loaded input_output = 07:24:33.140543
loading test code = 07:24:33.140557
start = 07:24:33.503918
loaded input_output = 07:24:33.504254
loading test code = 07:24:33.504265
start = 07:24:33.678676
loaded input_output = 07:24:33.679011
loading test code = 07:24:33.679021
start = 07:24:33.776290
loaded input_output = 07:24:33.776706
loading test code = 07:24:33.776716
start = 07:24:33.645140
loaded input_output = 07:24:33.645426
loading test code = 07:24:33.645435
start = 07:24:33.664170
loaded input_output = 07:24:33.664461
loading test code = 07:24:33.664472
start = 07:24:27.942494
loaded input_output = 07:24:27.947976
loading test code = 07:24:27.948008
timeout occured: alarm went off
start = 07:24:33.956727
loaded input_output = 07:24:34.014561
loading test code = 07:24:34.014597
start = 07:24:34.080053
loaded input_output = 07:24:34.080381
loading test code = 07:24:34.080390
start = 07:24:34.188451
loaded input_output = 07:24:34.191803
loading test code = 07:24:34.191818
start = 07:24:34.306334
loaded input_output = 07:24:34.306713
loading test code = 07:24:34.306724
start = 07:24:34.179889
loaded input_output = 07:24:34.180196
loading test code = 07:24:34.180206
start = 07:24:34.488717
loaded input_output = 07:24:34.489058
loading test code = 07:24:34.489068
start = 07:24:34.252441
loaded input_output = 07:24:34.252725
loading test code = 07:24:34.252735
start = 07:24:34.574962
loaded input_output = 07:24:34.575268
loading test code = 07:24:34.575277
start = 07:24:34.312168
loaded input_output = 07:24:34.312513
loading test code = 07:24:34.312523
start = 07:24:34.736411
loaded input_output = 07:24:34.736717
loading test code = 07:24:34.736727
start = 07:24:34.807450
loaded input_output = 07:24:34.807680
loading test code = 07:24:34.807689
start = 07:24:34.806957
loaded input_output = 07:24:34.808069
loading test code = 07:24:34.808079
start = 07:24:34.748686
loaded input_output = 07:24:34.831016
loading test code = 07:24:34.831050
start = 07:24:31.814889
loaded input_output = 07:24:31.871289
loading test code = 07:24:31.871330
start = 07:24:35.077173
loaded input_output = 07:24:35.077484
loading test code = 07:24:35.077493
start = 07:24:35.076735
loaded input_output = 07:24:35.077076
loading test code = 07:24:35.077088
start = 07:24:35.104724
loaded input_output = 07:24:35.104982
loading test code = 07:24:35.104993
start = 07:24:35.252157
loaded input_output = 07:24:35.252637
loading test code = 07:24:35.252647
start = 07:24:35.003584
loaded input_output = 07:24:35.003985
loading test code = 07:24:35.003995
start = 07:24:29.022617
loaded input_output = 07:24:29.076538
loading test code = 07:24:29.076578
timeout occured: alarm went off
start = 07:24:35.535968
loaded input_output = 07:24:35.540341
loading test code = 07:24:35.540359
start = 07:24:35.313315
loaded input_output = 07:24:35.313642
loading test code = 07:24:35.313653
start = 07:24:35.370916
loaded input_output = 07:24:35.371336
loading test code = 07:24:35.371346
start = 07:24:35.359069
loaded input_output = 07:24:35.359424
loading test code = 07:24:35.359434
start = 07:24:35.543941
loaded input_output = 07:24:35.698729
loading test code = 07:24:35.698783
start = 07:24:35.800634
loaded input_output = 07:24:35.801093
loading test code = 07:24:35.801104
start = 07:24:35.829120
loaded input_output = 07:24:35.829399
loading test code = 07:24:35.829409
start = 07:24:35.898309
loaded input_output = 07:24:35.899171
loading test code = 07:24:35.899182
start = 07:24:35.910127
loaded input_output = 07:24:35.911105
loading test code = 07:24:35.911117
start = 07:24:35.996196
loaded input_output = 07:24:36.030310
loading test code = 07:24:36.030350
start = 07:24:36.054548
loaded input_output = 07:24:36.055017
loading test code = 07:24:36.055028
start = 07:24:36.106471
loaded input_output = 07:24:36.107930
loading test code = 07:24:36.107945
start = 07:24:36.207784
loaded input_output = 07:24:36.208116
loading test code = 07:24:36.208125
start = 07:24:36.119404
loaded input_output = 07:24:36.119679
loading test code = 07:24:36.119689
start = 07:24:30.338148
loaded input_output = 07:24:30.355108
loading test code = 07:24:30.355151
timeout occured: alarm went off
start = 07:24:36.488470
loaded input_output = 07:24:36.488795
loading test code = 07:24:36.488806
start = 07:24:27.134522
loaded input_output = 07:24:27.138552
loading test code = 07:24:27.138578
start = 07:24:36.333021
loaded input_output = 07:24:36.333355
loading test code = 07:24:36.333364
start = 07:24:36.748357
loaded input_output = 07:24:36.748631
loading test code = 07:24:36.748642
start = 07:24:36.366096
loaded input_output = 07:24:36.761746
loading test code = 07:24:36.761784
start = 07:24:36.751917
loaded input_output = 07:24:36.752239
loading test code = 07:24:36.752249
start = 07:24:36.856102
loaded input_output = 07:24:36.856648
loading test code = 07:24:36.856660
start = 07:24:36.675357
loaded input_output = 07:24:36.675666
loading test code = 07:24:36.675674
start = 07:24:30.266212
loaded input_output = 07:24:30.336247
loading test code = 07:24:30.336290
timeout occured: alarm went off
start = 07:24:31.015598
loaded input_output = 07:24:31.015895
loading test code = 07:24:31.015905
timeout occured: alarm went off
start = 07:24:36.836081
loaded input_output = 07:24:36.836381
loading test code = 07:24:36.836392
start = 07:24:37.156868
loaded input_output = 07:24:37.157356
loading test code = 07:24:37.157367
start = 07:24:37.063513
loaded input_output = 07:24:37.166405
loading test code = 07:24:37.166449
start = 07:24:29.663130
loaded input_output = 07:24:29.704905
loading test code = 07:24:29.704938
timeout occured: alarm went off
start = 07:24:37.257249
loaded input_output = 07:24:37.258951
loading test code = 07:24:37.258971
start = 07:24:37.264142
loaded input_output = 07:24:37.264727
loading test code = 07:24:37.264738
start = 07:24:37.366702
loaded input_output = 07:24:37.366987
loading test code = 07:24:37.366998
start = 07:24:37.003214
loaded input_output = 07:24:37.003802
loading test code = 07:24:37.003814
start = 07:24:37.453033
loaded input_output = 07:24:37.454387
loading test code = 07:24:37.454401
start = 07:24:37.475174
loaded input_output = 07:24:37.475470
loading test code = 07:24:37.475479
start = 07:24:37.541662
loaded input_output = 07:24:37.542077
loading test code = 07:24:37.542086
start = 07:24:37.282836
loaded input_output = 07:24:37.283151
loading test code = 07:24:37.283161
start = 07:24:37.601455
loaded input_output = 07:24:37.601722
loading test code = 07:24:37.601732
start = 07:24:37.740545
loaded input_output = 07:24:37.740873
loading test code = 07:24:37.740885
start = 07:24:37.798921
loaded input_output = 07:24:37.799974
loading test code = 07:24:37.799986
start = 07:24:37.855348
loaded input_output = 07:24:37.855639
loading test code = 07:24:37.855650
start = 07:24:37.621309
loaded input_output = 07:24:37.621664
loading test code = 07:24:37.621673
start = 07:24:37.643570
loaded input_output = 07:24:37.643990
loading test code = 07:24:37.644000
start = 07:24:38.079506
loaded input_output = 07:24:38.081250
loading test code = 07:24:38.081262
start = 07:24:37.843488
loaded input_output = 07:24:37.843808
loading test code = 07:24:37.843818
start = 07:24:38.109535
loaded input_output = 07:24:38.110836
loading test code = 07:24:38.110849
start = 07:24:27.628967
loaded input_output = 07:24:27.629295
loading test code = 07:24:27.629305
timeout occured: alarm went off
start = 07:24:38.223107
loaded input_output = 07:24:38.223371
loading test code = 07:24:38.223381
start = 07:24:38.025817
loaded input_output = 07:24:38.026366
loading test code = 07:24:38.026377
start = 07:24:38.372786
loaded input_output = 07:24:38.373323
loading test code = 07:24:38.373341
start = 07:24:38.379975
loaded input_output = 07:24:38.386652
loading test code = 07:24:38.386673
start = 07:24:38.453696
loaded input_output = 07:24:38.474024
loading test code = 07:24:38.474058
start = 07:24:38.470963
loaded input_output = 07:24:38.471522
loading test code = 07:24:38.471533
start = 07:24:38.370813
loaded input_output = 07:24:38.371096
loading test code = 07:24:38.371109
start = 07:24:38.671474
loaded input_output = 07:24:38.671790
loading test code = 07:24:38.671800
start = 07:24:38.721907
loaded input_output = 07:24:38.722256
loading test code = 07:24:38.722266
start = 07:24:38.564315
loaded input_output = 07:24:38.614419
loading test code = 07:24:38.614452
start = 07:24:38.709044
loaded input_output = 07:24:38.709341
loading test code = 07:24:38.709351
start = 07:24:39.020752
loaded input_output = 07:24:39.021062
loading test code = 07:24:39.021075
start = 07:24:39.032635
loaded input_output = 07:24:39.033119
loading test code = 07:24:39.033130
start = 07:24:39.107768
loaded input_output = 07:24:39.108310
loading test code = 07:24:39.108321
start = 07:24:33.282179
loaded input_output = 07:24:33.290269
loading test code = 07:24:33.290304
start = 07:24:36.391731
loaded input_output = 07:24:36.462384
loading test code = 07:24:36.462433
start = 07:24:39.266347
loaded input_output = 07:24:39.266655
loading test code = 07:24:39.266663
start = 07:24:39.520469
loaded input_output = 07:24:39.521735
loading test code = 07:24:39.521749
start = 07:24:39.547933
loaded input_output = 07:24:39.548405
loading test code = 07:24:39.548415
start = 07:24:39.633738
loaded input_output = 07:24:39.634462
loading test code = 07:24:39.634473
start = 07:24:39.780227
loaded input_output = 07:24:39.781433
loading test code = 07:24:39.781444
start = 07:24:39.891041
loaded input_output = 07:24:39.895807
loading test code = 07:24:39.895833
start = 07:24:39.906529
loaded input_output = 07:24:39.906840
loading test code = 07:24:39.906850
start = 07:24:39.716594
loaded input_output = 07:24:39.716925
loading test code = 07:24:39.716938
start = 07:24:40.100588
loaded input_output = 07:24:40.101008
loading test code = 07:24:40.101018
start = 07:24:39.795150
loaded input_output = 07:24:39.795649
loading test code = 07:24:39.795661
start = 07:24:40.166591
loaded input_output = 07:24:40.167877
loading test code = 07:24:40.167890
start = 07:24:37.462234
loaded input_output = 07:24:37.465311
loading test code = 07:24:37.465328
start = 07:24:40.217630
loaded input_output = 07:24:40.218093
loading test code = 07:24:40.218114
start = 07:24:39.780433
loaded input_output = 07:24:39.782862
loading test code = 07:24:39.782879
start = 07:24:40.354899
loaded input_output = 07:24:40.355263
loading test code = 07:24:40.355272
start = 07:24:40.323859
loaded input_output = 07:24:40.406142
loading test code = 07:24:40.406179
start = 07:24:40.515727
loaded input_output = 07:24:40.516407
loading test code = 07:24:40.516417
start = 07:24:40.511409
loaded input_output = 07:24:40.511698
loading test code = 07:24:40.511709
start = 07:24:40.610844
loaded input_output = 07:24:40.611128
loading test code = 07:24:40.611138
start = 07:24:40.644950
loaded input_output = 07:24:40.659971
loading test code = 07:24:40.660000
start = 07:24:40.448971
loaded input_output = 07:24:40.449243
loading test code = 07:24:40.449252
start = 07:24:40.729410
loaded input_output = 07:24:40.729850
loading test code = 07:24:40.729860
start = 07:24:40.767357
loaded input_output = 07:24:40.767769
loading test code = 07:24:40.767781
start = 07:24:40.780232
loaded input_output = 07:24:40.780523
loading test code = 07:24:40.780541
start = 07:24:40.881155
loaded input_output = 07:24:40.881462
loading test code = 07:24:40.881476
start = 07:24:40.965179
loaded input_output = 07:24:40.965549
loading test code = 07:24:40.965561
start = 07:24:40.996133
loaded input_output = 07:24:40.996570
loading test code = 07:24:40.996579
start = 07:24:40.988786
loaded input_output = 07:24:40.991816
loading test code = 07:24:40.991836
start = 07:24:41.078754
loaded input_output = 07:24:41.081666
loading test code = 07:24:41.081681
start = 07:24:41.258139
loaded input_output = 07:24:41.259012
loading test code = 07:24:41.259024
start = 07:24:41.306114
loaded input_output = 07:24:41.323465
loading test code = 07:24:41.323498
start = 07:24:41.072554
loaded input_output = 07:24:41.072865
loading test code = 07:24:41.072874
start = 07:24:41.361019
loaded input_output = 07:24:41.361440
loading test code = 07:24:41.361449
start = 07:24:41.268597
loaded input_output = 07:24:41.388197
loading test code = 07:24:41.388230
start = 07:24:41.176163
loaded input_output = 07:24:41.176574
loading test code = 07:24:41.176585
start = 07:24:41.520623
loaded input_output = 07:24:41.520919
loading test code = 07:24:41.520930
start = 07:24:41.621125
loaded input_output = 07:24:41.621941
loading test code = 07:24:41.621953
start = 07:24:41.621723
loaded input_output = 07:24:41.621995
loading test code = 07:24:41.622006
start = 07:24:41.609615
loaded input_output = 07:24:41.609897
loading test code = 07:24:41.609908
start = 07:24:41.639794
loaded input_output = 07:24:41.640064
loading test code = 07:24:41.640074
start = 07:24:41.694708
loaded input_output = 07:24:41.720928
loading test code = 07:24:41.720966
start = 07:24:41.911815
loaded input_output = 07:24:41.912127
loading test code = 07:24:41.912137
start = 07:24:41.891192
loaded input_output = 07:24:41.891487
loading test code = 07:24:41.891498
start = 07:24:41.990460
loaded input_output = 07:24:41.991600
loading test code = 07:24:41.991616
start = 07:24:42.027466
loaded input_output = 07:24:42.037458
loading test code = 07:24:42.037488
start = 07:24:35.733931
loaded input_output = 07:24:35.734674
loading test code = 07:24:35.734684
start = 07:24:41.956988
loaded input_output = 07:24:42.119448
loading test code = 07:24:42.119480
start = 07:24:42.186843
loaded input_output = 07:24:42.240914
loading test code = 07:24:42.240948
start = 07:24:42.290253
loaded input_output = 07:24:42.292346
loading test code = 07:24:42.292368
start = 07:24:42.179042
loaded input_output = 07:24:42.274204
loading test code = 07:24:42.274245
start = 07:24:42.315715
loaded input_output = 07:24:42.316389
loading test code = 07:24:42.316397
start = 07:24:42.475753
loaded input_output = 07:24:42.477692
loading test code = 07:24:42.477704
start = 07:24:42.536022
loaded input_output = 07:24:42.536323
loading test code = 07:24:42.536337
start = 07:24:42.366114
loaded input_output = 07:24:42.626545
loading test code = 07:24:42.626588
start = 07:24:42.611091
loaded input_output = 07:24:42.611395
loading test code = 07:24:42.611406
start = 07:24:42.615641
loaded input_output = 07:24:42.615937
loading test code = 07:24:42.615945
start = 07:24:42.601547
loaded input_output = 07:24:42.656466
loading test code = 07:24:42.656499
start = 07:24:42.799353
loaded input_output = 07:24:42.799890
loading test code = 07:24:42.799902
start = 07:24:42.866206
loaded input_output = 07:24:42.866494
loading test code = 07:24:42.866504
start = 07:24:42.900990
loaded input_output = 07:24:42.901293
loading test code = 07:24:42.901302
start = 07:24:42.891417
loaded input_output = 07:24:42.892239
loading test code = 07:24:42.892250
start = 07:24:42.940733
loaded input_output = 07:24:42.947818
loading test code = 07:24:42.947845
start = 07:24:43.066073
loaded input_output = 07:24:43.066369
loading test code = 07:24:43.066379
start = 07:24:37.019175
loaded input_output = 07:24:37.027748
loading test code = 07:24:37.027778
start = 07:24:43.118495
loaded input_output = 07:24:43.118813
loading test code = 07:24:43.118824
start = 07:24:43.154415
loaded input_output = 07:24:43.154771
loading test code = 07:24:43.154782
start = 07:24:43.209118
loaded input_output = 07:24:43.209471
loading test code = 07:24:43.209483
start = 07:24:43.149689
loaded input_output = 07:24:43.203130
loading test code = 07:24:43.203167
start = 07:24:43.315423
loaded input_output = 07:24:43.317203
loading test code = 07:24:43.317217
start = 07:24:43.378241
loaded input_output = 07:24:43.382457
loading test code = 07:24:43.382480
start = 07:24:43.314190
loaded input_output = 07:24:43.317411
loading test code = 07:24:43.317438
start = 07:24:43.419696
loaded input_output = 07:24:43.424557
loading test code = 07:24:43.424576
start = 07:24:43.470886
loaded input_output = 07:24:43.472167
loading test code = 07:24:43.472179
start = 07:24:43.463832
loaded input_output = 07:24:43.466587
loading test code = 07:24:43.466603
start = 07:24:43.558563
loaded input_output = 07:24:43.560763
loading test code = 07:24:43.560777
start = 07:24:43.631623
loaded input_output = 07:24:43.631966
loading test code = 07:24:43.631977
start = 07:24:43.640212
loaded input_output = 07:24:43.646413
loading test code = 07:24:43.646433
start = 07:24:37.746731
loaded input_output = 07:24:37.749810
loading test code = 07:24:37.749828
start = 07:24:33.171533
loaded input_output = 07:24:33.216543
loading test code = 07:24:33.216578
start = 07:24:38.836168
loaded input_output = 07:24:38.836951
loading test code = 07:24:38.836963
start = 07:24:34.810440
loaded input_output = 07:24:34.962978
loading test code = 07:24:34.963021
start = 07:24:38.899757
loaded input_output = 07:24:38.943886
loading test code = 07:24:38.943924
start = 07:24:38.184651
loaded input_output = 07:24:38.186823
loading test code = 07:24:38.186837
start = 07:24:40.353582
loaded input_output = 07:24:40.699947
loading test code = 07:24:40.699981
start = 07:24:42.728537
loaded input_output = 07:24:42.728952
loading test code = 07:24:42.728962
start = 07:24:41.801167
loaded input_output = 07:24:41.801718
loading test code = 07:24:41.801732
[JUDGED] L01: pass@1=17.36% empty=7 wall=306.8s
global timeout
start = 07:29:33.076303
loaded input_output = 07:29:33.076661
loading test code = 07:29:33.076673
start = 07:29:33.096058
loaded input_output = 07:29:33.096372
loading test code = 07:29:33.096382
start = 07:29:33.106689
loaded input_output = 07:29:33.107003
loading test code = 07:29:33.107013
start = 07:29:33.104545
loaded input_output = 07:29:33.104960
loading test code = 07:29:33.104972
start = 07:29:33.076642
loaded input_output = 07:29:33.095543
loading test code = 07:29:33.095581
start = 07:29:33.166784
loaded input_output = 07:29:33.167251
loading test code = 07:29:33.167259
start = 07:29:33.157207
loaded input_output = 07:29:33.157781
loading test code = 07:29:33.157792
start = 07:29:33.156800
loaded input_output = 07:29:33.157098
loading test code = 07:29:33.157109
start = 07:29:33.178606
loaded input_output = 07:29:33.178943
loading test code = 07:29:33.178956
start = 07:29:33.199511
loaded input_output = 07:29:33.203116
loading test code = 07:29:33.203136
start = 07:29:33.150054
loaded input_output = 07:29:33.150989
loading test code = 07:29:33.151001
start = 07:29:33.108010
loaded input_output = 07:29:33.132892
loading test code = 07:29:33.132931
start = 07:29:33.380598
loaded input_output = 07:29:33.380923
loading test code = 07:29:33.380933
start = 07:29:33.384213
loaded input_output = 07:29:33.385496
loading test code = 07:29:33.385511
start = 07:29:33.395581
loaded input_output = 07:29:33.396015
loading test code = 07:29:33.396025
start = 07:29:33.433842
loaded input_output = 07:29:33.434185
loading test code = 07:29:33.434196
start = 07:29:33.468683
loaded input_output = 07:29:33.469031
loading test code = 07:29:33.469041
start = 07:29:33.046405
loaded input_output = 07:29:33.087014
loading test code = 07:29:33.087057
start = 07:29:33.546535
loaded input_output = 07:29:33.546962
loading test code = 07:29:33.546972
start = 07:29:33.635805
loaded input_output = 07:29:33.636120
loading test code = 07:29:33.636131
start = 07:29:33.450733
loaded input_output = 07:29:33.480851
loading test code = 07:29:33.480888
start = 07:29:33.705511
loaded input_output = 07:29:33.705793
loading test code = 07:29:33.705802
start = 07:29:33.128816
loaded input_output = 07:29:33.170730
loading test code = 07:29:33.170788
start = 07:29:33.078818
loaded input_output = 07:29:33.122619
loading test code = 07:29:33.122660
start = 07:29:33.840317
loaded input_output = 07:29:33.840601
loading test code = 07:29:33.840610
start = 07:29:33.505243
loaded input_output = 07:29:33.564641
loading test code = 07:29:33.564675
start = 07:29:33.984052
loaded input_output = 07:29:33.984359
loading test code = 07:29:33.984370
start = 07:29:34.009170
loaded input_output = 07:29:34.009482
loading test code = 07:29:34.009491
start = 07:29:33.719636
loaded input_output = 07:29:33.739133
loading test code = 07:29:33.739187
start = 07:29:33.936960
loaded input_output = 07:29:33.943550
loading test code = 07:29:33.943580
start = 07:29:34.112524
loaded input_output = 07:29:34.113276
loading test code = 07:29:34.113288
start = 07:29:34.160569
loaded input_output = 07:29:34.160896
loading test code = 07:29:34.160905
start = 07:29:34.003082
loaded input_output = 07:29:34.028990
loading test code = 07:29:34.029032
start = 07:29:34.284755
loaded input_output = 07:29:34.285056
loading test code = 07:29:34.285066
start = 07:29:33.776097
loaded input_output = 07:29:33.856542
loading test code = 07:29:33.856582
start = 07:29:34.297290
loaded input_output = 07:29:34.297833
loading test code = 07:29:34.297843
start = 07:29:34.375420
loaded input_output = 07:29:34.375866
loading test code = 07:29:34.375877
start = 07:29:34.381660
loaded input_output = 07:29:34.391244
loading test code = 07:29:34.391277
start = 07:29:33.445148
loaded input_output = 07:29:33.521886
loading test code = 07:29:33.521929
start = 07:29:34.522942
loaded input_output = 07:29:34.525855
loading test code = 07:29:34.525884
start = 07:29:34.601567
loaded input_output = 07:29:34.602402
loading test code = 07:29:34.602413
start = 07:29:34.600907
loaded input_output = 07:29:34.602961
loading test code = 07:29:34.602979
start = 07:29:34.611076
loaded input_output = 07:29:34.611602
loading test code = 07:29:34.611614
start = 07:29:34.336782
loaded input_output = 07:29:34.358994
loading test code = 07:29:34.359044
start = 07:29:34.633416
loaded input_output = 07:29:34.633704
loading test code = 07:29:34.633713
start = 07:29:34.714114
loaded input_output = 07:29:34.714421
loading test code = 07:29:34.714431
start = 07:29:34.859255
loaded input_output = 07:29:34.859596
loading test code = 07:29:34.859605
start = 07:29:34.850496
loaded input_output = 07:29:34.851140
loading test code = 07:29:34.851155
start = 07:29:34.874114
loaded input_output = 07:29:34.874408
loading test code = 07:29:34.874420
start = 07:29:34.932895
loaded input_output = 07:29:34.934656
loading test code = 07:29:34.934670
start = 07:29:34.901514
loaded input_output = 07:29:34.931952
loading test code = 07:29:34.931996
start = 07:29:35.149511
loaded input_output = 07:29:35.150315
loading test code = 07:29:35.150326
start = 07:29:35.158552
loaded input_output = 07:29:35.158914
loading test code = 07:29:35.158926
start = 07:29:35.170586
loaded input_output = 07:29:35.171927
loading test code = 07:29:35.171942
start = 07:29:34.925728
loaded input_output = 07:29:34.988868
loading test code = 07:29:34.988902
start = 07:29:35.377735
loaded input_output = 07:29:35.378076
loading test code = 07:29:35.378091
start = 07:29:35.471921
loaded input_output = 07:29:35.472206
loading test code = 07:29:35.472215
start = 07:29:34.360370
loaded input_output = 07:29:34.414485
loading test code = 07:29:34.414531
start = 07:29:35.418662
loaded input_output = 07:29:35.444225
loading test code = 07:29:35.444277
start = 07:29:36.036781
loaded input_output = 07:29:36.037078
loading test code = 07:29:36.037087
start = 07:29:33.729907
loaded input_output = 07:29:33.816673
loading test code = 07:29:33.816714
start = 07:29:35.691684
loaded input_output = 07:29:35.753586
loading test code = 07:29:35.753619
start = 07:29:36.122539
loaded input_output = 07:29:36.122972
loading test code = 07:29:36.122982
start = 07:29:34.909903
loaded input_output = 07:29:34.968929
loading test code = 07:29:34.968961
start = 07:29:33.424864
loaded input_output = 07:29:33.507498
loading test code = 07:29:33.507534
start = 07:29:33.726783
loaded input_output = 07:29:33.791544
loading test code = 07:29:33.791602
start = 07:29:36.331568
loaded input_output = 07:29:36.331894
loading test code = 07:29:36.331903
start = 07:29:36.300524
loaded input_output = 07:29:36.309466
loading test code = 07:29:36.309498
start = 07:29:36.416281
loaded input_output = 07:29:36.423862
loading test code = 07:29:36.423893
start = 07:29:36.758171
loaded input_output = 07:29:36.759052
loading test code = 07:29:36.759065
start = 07:29:36.304731
loaded input_output = 07:29:36.364392
loading test code = 07:29:36.364426
start = 07:29:36.368047
loaded input_output = 07:29:36.448735
loading test code = 07:29:36.448762
start = 07:29:37.029769
loaded input_output = 07:29:37.030032
loading test code = 07:29:37.030042
start = 07:29:36.446733
loaded input_output = 07:29:36.518038
loading test code = 07:29:36.518079
start = 07:29:37.133633
loaded input_output = 07:29:37.135008
loading test code = 07:29:37.135020
start = 07:29:33.380811
loaded input_output = 07:29:33.484276
loading test code = 07:29:33.484311
start = 07:29:35.468667
loaded input_output = 07:29:35.518712
loading test code = 07:29:35.523170
start = 07:29:35.750537
loaded input_output = 07:29:35.780583
loading test code = 07:29:35.780620
start = 07:29:37.246694
loaded input_output = 07:29:37.247273
loading test code = 07:29:37.247284
start = 07:29:37.356033
loaded input_output = 07:29:37.356672
loading test code = 07:29:37.356682
start = 07:29:37.420503
loaded input_output = 07:29:37.420817
loading test code = 07:29:37.420827
start = 07:29:37.423989
loaded input_output = 07:29:37.424318
loading test code = 07:29:37.424328
start = 07:29:36.783702
loaded input_output = 07:29:36.833777
loading test code = 07:29:36.833813
start = 07:29:34.973250
loaded input_output = 07:29:35.034543
loading test code = 07:29:35.034586
start = 07:29:37.536155
loaded input_output = 07:29:37.536451
loading test code = 07:29:37.536463
start = 07:29:37.659297
loaded input_output = 07:29:37.659597
loading test code = 07:29:37.659607
start = 07:29:37.496435
loaded input_output = 07:29:37.500144
loading test code = 07:29:37.500165
start = 07:29:37.713957
loaded input_output = 07:29:37.714273
loading test code = 07:29:37.714284
start = 07:29:37.713476
loaded input_output = 07:29:37.713801
loading test code = 07:29:37.713810
start = 07:29:37.623157
loaded input_output = 07:29:37.691749
loading test code = 07:29:37.691787
start = 07:29:37.498720
loaded input_output = 07:29:37.542029
loading test code = 07:29:37.542055
start = 07:29:37.937404
loaded input_output = 07:29:37.937713
loading test code = 07:29:37.937723
start = 07:29:37.964295
loaded input_output = 07:29:37.965199
loading test code = 07:29:37.965211
start = 07:29:37.967864
loaded input_output = 07:29:37.968149
loading test code = 07:29:37.968157
start = 07:29:37.993922
loaded input_output = 07:29:37.994523
loading test code = 07:29:37.994534
start = 07:29:38.174424
loaded input_output = 07:29:38.174688
loading test code = 07:29:38.174697
start = 07:29:38.155532
loaded input_output = 07:29:38.162765
loading test code = 07:29:38.162804
start = 07:29:38.239780
loaded input_output = 07:29:38.240114
loading test code = 07:29:38.240123
start = 07:29:37.792116
loaded input_output = 07:29:37.852906
loading test code = 07:29:37.852948
start = 07:29:38.243194
loaded input_output = 07:29:38.243484
loading test code = 07:29:38.243494
start = 07:29:38.258897
loaded input_output = 07:29:38.259229
loading test code = 07:29:38.259246
start = 07:29:36.630120
loaded input_output = 07:29:36.677962
loading test code = 07:29:36.678001
start = 07:29:38.422683
loaded input_output = 07:29:38.423340
loading test code = 07:29:38.423349
start = 07:29:38.489121
loaded input_output = 07:29:38.489427
loading test code = 07:29:38.489438
start = 07:29:38.474480
loaded input_output = 07:29:38.477310
loading test code = 07:29:38.477329
start = 07:29:38.544566
loaded input_output = 07:29:38.544836
loading test code = 07:29:38.544844
start = 07:29:38.521117
loaded input_output = 07:29:38.522147
loading test code = 07:29:38.522158
start = 07:29:38.477078
loaded input_output = 07:29:38.540620
loading test code = 07:29:38.540653
start = 07:29:38.397445
loaded input_output = 07:29:38.397735
loading test code = 07:29:38.397746
start = 07:29:38.824842
loaded input_output = 07:29:38.826100
loading test code = 07:29:38.826118
start = 07:29:38.736530
loaded input_output = 07:29:38.809143
loading test code = 07:29:38.809169
start = 07:29:38.799285
loaded input_output = 07:29:38.850635
loading test code = 07:29:38.850666
start = 07:29:38.191651
loaded input_output = 07:29:38.193954
loading test code = 07:29:38.193971
start = 07:29:38.935659
loaded input_output = 07:29:38.935979
loading test code = 07:29:38.935989
start = 07:29:38.675473
loaded input_output = 07:29:38.675766
loading test code = 07:29:38.675777
start = 07:29:38.739319
loaded input_output = 07:29:38.739620
loading test code = 07:29:38.739630
start = 07:29:39.144227
loaded input_output = 07:29:39.144571
loading test code = 07:29:39.144581
start = 07:29:33.166525
loaded input_output = 07:29:33.166898
loading test code = 07:29:33.166908
timeout occured: alarm went off
start = 07:29:39.168664
loaded input_output = 07:29:39.169083
loading test code = 07:29:39.169093
start = 07:29:39.203610
loaded input_output = 07:29:39.203951
loading test code = 07:29:39.203960
start = 07:29:39.170087
loaded input_output = 07:29:39.240845
loading test code = 07:29:39.240884
start = 07:29:39.321045
loaded input_output = 07:29:39.324573
loading test code = 07:29:39.324592
start = 07:29:39.053877
loaded input_output = 07:29:39.054163
loading test code = 07:29:39.054172
start = 07:29:39.108931
loaded input_output = 07:29:39.109202
loading test code = 07:29:39.109211
start = 07:29:39.501286
loaded input_output = 07:29:39.501643
loading test code = 07:29:39.501652
start = 07:29:39.505223
loaded input_output = 07:29:39.505570
loading test code = 07:29:39.505579
start = 07:29:39.497821
loaded input_output = 07:29:39.498166
loading test code = 07:29:39.498176
start = 07:29:39.599399
loaded input_output = 07:29:39.599703
loading test code = 07:29:39.599711
start = 07:29:39.653302
loaded input_output = 07:29:39.725205
loading test code = 07:29:39.725242
start = 07:29:39.444457
loaded input_output = 07:29:39.444757
loading test code = 07:29:39.444767
start = 07:29:39.440376
loaded input_output = 07:29:39.440662
loading test code = 07:29:39.440671
start = 07:29:39.767552
loaded input_output = 07:29:39.768696
loading test code = 07:29:39.768711
start = 07:29:39.794787
loaded input_output = 07:29:39.795187
loading test code = 07:29:39.795198
start = 07:29:39.653947
loaded input_output = 07:29:39.654235
loading test code = 07:29:39.654245
start = 07:29:39.979629
loaded input_output = 07:29:39.979944
loading test code = 07:29:39.979956
start = 07:29:40.004426
loaded input_output = 07:29:40.004758
loading test code = 07:29:40.004768
start = 07:29:40.045366
loaded input_output = 07:29:40.045631
loading test code = 07:29:40.045640
start = 07:29:40.058431
loaded input_output = 07:29:40.058926
loading test code = 07:29:40.058938
start = 07:29:39.898580
loaded input_output = 07:29:39.899067
loading test code = 07:29:39.899079
start = 07:29:40.273450
loaded input_output = 07:29:40.278180
loading test code = 07:29:40.278204
start = 07:29:40.128198
loaded input_output = 07:29:40.128520
loading test code = 07:29:40.128531
start = 07:29:40.278823
loaded input_output = 07:29:40.428929
loading test code = 07:29:40.428959
start = 07:29:34.457170
loaded input_output = 07:29:34.462330
loading test code = 07:29:34.462358
timeout occured: alarm went off
start = 07:29:40.485607
loaded input_output = 07:29:40.486080
loading test code = 07:29:40.486096
start = 07:29:40.262924
loaded input_output = 07:29:40.263343
loading test code = 07:29:40.263353
start = 07:29:40.249996
loaded input_output = 07:29:40.250346
loading test code = 07:29:40.250361
start = 07:29:40.522267
loaded input_output = 07:29:40.522525
loading test code = 07:29:40.522534
start = 07:29:40.710302
loaded input_output = 07:29:40.711241
loading test code = 07:29:40.711254
start = 07:29:40.736024
loaded input_output = 07:29:40.736894
loading test code = 07:29:40.736908
start = 07:29:40.757967
loaded input_output = 07:29:40.758451
loading test code = 07:29:40.758462
start = 07:29:40.768285
loaded input_output = 07:29:40.769650
loading test code = 07:29:40.769662
start = 07:29:40.752592
loaded input_output = 07:29:40.793997
loading test code = 07:29:40.794030
start = 07:29:40.801170
loaded input_output = 07:29:40.801470
loading test code = 07:29:40.801482
start = 07:29:40.816158
loaded input_output = 07:29:40.816495
loading test code = 07:29:40.816506
start = 07:29:40.959829
loaded input_output = 07:29:40.960189
loading test code = 07:29:40.960198
start = 07:29:40.999570
loaded input_output = 07:29:40.999903
loading test code = 07:29:40.999913
start = 07:29:37.703117
loaded input_output = 07:29:37.759936
loading test code = 07:29:37.759974
start = 07:29:41.064234
loaded input_output = 07:29:41.064533
loading test code = 07:29:41.064546
start = 07:29:41.078461
loaded input_output = 07:29:41.078811
loading test code = 07:29:41.078823
start = 07:29:41.288281
loaded input_output = 07:29:41.288832
loading test code = 07:29:41.288843
start = 07:29:41.329586
loaded input_output = 07:29:41.329862
loading test code = 07:29:41.329872
start = 07:29:41.069418
loaded input_output = 07:29:41.069687
loading test code = 07:29:41.069697
start = 07:29:41.016992
loaded input_output = 07:29:41.429597
loading test code = 07:29:41.429633
start = 07:29:41.413043
loaded input_output = 07:29:41.509996
loading test code = 07:29:41.510040
start = 07:29:41.578650
loaded input_output = 07:29:41.579113
loading test code = 07:29:41.579126
start = 07:29:41.638193
loaded input_output = 07:29:41.639947
loading test code = 07:29:41.639965
start = 07:29:41.626032
loaded input_output = 07:29:41.626644
loading test code = 07:29:41.626655
start = 07:29:35.647311
loaded input_output = 07:29:35.647644
loading test code = 07:29:35.647654
timeout occured: alarm went off
start = 07:29:41.373704
loaded input_output = 07:29:41.374195
loading test code = 07:29:41.374207
start = 07:29:35.284723
loaded input_output = 07:29:35.344352
loading test code = 07:29:35.344398
timeout occured: alarm went off
start = 07:29:41.792787
loaded input_output = 07:29:41.793071
loading test code = 07:29:41.793081
start = 07:29:41.880161
loaded input_output = 07:29:41.881530
loading test code = 07:29:41.881546
start = 07:29:41.947395
loaded input_output = 07:29:41.947678
loading test code = 07:29:41.947688
start = 07:29:41.951798
loaded input_output = 07:29:41.952255
loading test code = 07:29:41.952266
start = 07:29:41.736004
loaded input_output = 07:29:41.736300
loading test code = 07:29:41.736311
start = 07:29:42.142589
loaded input_output = 07:29:42.142947
loading test code = 07:29:42.142959
start = 07:29:42.214713
loaded input_output = 07:29:42.216005
loading test code = 07:29:42.216018
start = 07:29:42.202968
loaded input_output = 07:29:42.205988
loading test code = 07:29:42.206004
start = 07:29:42.035886
loaded input_output = 07:29:42.036290
loading test code = 07:29:42.036300
start = 07:29:42.040468
loaded input_output = 07:29:42.040831
loading test code = 07:29:42.040841
start = 07:29:42.330442
loaded input_output = 07:29:42.330766
loading test code = 07:29:42.330777
start = 07:29:42.471840
loaded input_output = 07:29:42.473495
loading test code = 07:29:42.473505
start = 07:29:42.576837
loaded input_output = 07:29:42.578037
loading test code = 07:29:42.578049
start = 07:29:42.589533
loaded input_output = 07:29:42.589813
loading test code = 07:29:42.589823
start = 07:29:42.393364
loaded input_output = 07:29:42.393655
loading test code = 07:29:42.393665
start = 07:29:36.553943
loaded input_output = 07:29:36.569783
loading test code = 07:29:36.569819
timeout occured: alarm went off
start = 07:29:42.495553
loaded input_output = 07:29:42.496105
loading test code = 07:29:42.496117
start = 07:29:42.850043
loaded input_output = 07:29:42.850672
loading test code = 07:29:42.850684
start = 07:29:42.851309
loaded input_output = 07:29:42.857930
loading test code = 07:29:42.857952
start = 07:29:42.932989
loaded input_output = 07:29:42.951556
loading test code = 07:29:42.951590
start = 07:29:42.744392
loaded input_output = 07:29:42.744662
loading test code = 07:29:42.744671
start = 07:29:43.000064
loaded input_output = 07:29:43.000604
loading test code = 07:29:43.000617
start = 07:29:43.144607
loaded input_output = 07:29:43.144890
loading test code = 07:29:43.144900
start = 07:29:33.726783
loaded input_output = 07:29:33.731145
loading test code = 07:29:33.731167
start = 07:29:43.209183
loaded input_output = 07:29:43.209476
loading test code = 07:29:43.209485
start = 07:29:43.240397
loaded input_output = 07:29:43.240765
loading test code = 07:29:43.240775
start = 07:29:37.333621
loaded input_output = 07:29:37.333890
loading test code = 07:29:37.333900
timeout occured: alarm went off
start = 07:29:43.591311
loaded input_output = 07:29:43.592572
loading test code = 07:29:43.592589
start = 07:29:43.411872
loaded input_output = 07:29:43.412170
loading test code = 07:29:43.412181
start = 07:29:43.435576
loaded input_output = 07:29:43.436060
loading test code = 07:29:43.436071
start = 07:29:43.490495
loaded input_output = 07:29:43.490845
loading test code = 07:29:43.490855
start = 07:29:43.493501
loaded input_output = 07:29:43.494001
loading test code = 07:29:43.494017
start = 07:29:43.862541
loaded input_output = 07:29:43.862997
loading test code = 07:29:43.863009
start = 07:29:43.930118
loaded input_output = 07:29:43.930784
loading test code = 07:29:43.930796
start = 07:29:41.001246
loaded input_output = 07:29:41.083401
loading test code = 07:29:41.083438
start = 07:29:44.140421
loaded input_output = 07:29:44.141560
loading test code = 07:29:44.141572
start = 07:29:43.916316
loaded input_output = 07:29:43.916629
loading test code = 07:29:43.916643
start = 07:29:44.216912
loaded input_output = 07:29:44.221866
loading test code = 07:29:44.221887
start = 07:29:44.023234
loaded input_output = 07:29:44.023740
loading test code = 07:29:44.023750
start = 07:29:44.406932
loaded input_output = 07:29:44.407398
loading test code = 07:29:44.407408
start = 07:29:44.356644
loaded input_output = 07:29:44.356958
loading test code = 07:29:44.356970
start = 07:29:44.448689
loaded input_output = 07:29:44.449917
loading test code = 07:29:44.449929
start = 07:29:44.507351
loaded input_output = 07:29:44.507777
loading test code = 07:29:44.507792
start = 07:29:44.036635
loaded input_output = 07:29:44.038827
loading test code = 07:29:44.038845
start = 07:29:44.574453
loaded input_output = 07:29:44.650625
loading test code = 07:29:44.650658
start = 07:29:44.690716
loaded input_output = 07:29:44.691147
loading test code = 07:29:44.691158
start = 07:29:44.761645
loaded input_output = 07:29:44.761897
loading test code = 07:29:44.761905
start = 07:29:44.838873
loaded input_output = 07:29:44.839574
loading test code = 07:29:44.839584
start = 07:29:44.947064
loaded input_output = 07:29:44.947377
loading test code = 07:29:44.947387
start = 07:29:38.807339
loaded input_output = 07:29:38.815355
loading test code = 07:29:38.815385
start = 07:29:45.002022
loaded input_output = 07:29:45.017212
loading test code = 07:29:45.017242
start = 07:29:45.032937
loaded input_output = 07:29:45.033370
loading test code = 07:29:45.033383
start = 07:29:44.778249
loaded input_output = 07:29:44.778534
loading test code = 07:29:44.778543
start = 07:29:41.911903
loaded input_output = 07:29:41.916441
loading test code = 07:29:41.916463
start = 07:29:45.147753
loaded input_output = 07:29:45.148164
loading test code = 07:29:45.148176
start = 07:29:45.259881
loaded input_output = 07:29:45.260167
loading test code = 07:29:45.260176
start = 07:29:45.251310
loaded input_output = 07:29:45.251631
loading test code = 07:29:45.251643
start = 07:29:45.289676
loaded input_output = 07:29:45.290006
loading test code = 07:29:45.290017
start = 07:29:45.297625
loaded input_output = 07:29:45.298075
loading test code = 07:29:45.298085
start = 07:29:45.320872
loaded input_output = 07:29:45.323898
loading test code = 07:29:45.323916
start = 07:29:45.347881
loaded input_output = 07:29:45.351108
loading test code = 07:29:45.351125
start = 07:29:45.558985
loaded input_output = 07:29:45.559944
loading test code = 07:29:45.559957
start = 07:29:45.542219
loaded input_output = 07:29:45.559986
loading test code = 07:29:45.560021
start = 07:29:45.605828
loaded input_output = 07:29:45.606097
loading test code = 07:29:45.606109
start = 07:29:45.642948
loaded input_output = 07:29:45.643371
loading test code = 07:29:45.643385
start = 07:29:45.547335
loaded input_output = 07:29:45.676635
loading test code = 07:29:45.676671
start = 07:29:45.495830
loaded input_output = 07:29:45.496206
loading test code = 07:29:45.496214
start = 07:29:45.492890
loaded input_output = 07:29:45.493214
loading test code = 07:29:45.493225
start = 07:29:45.836345
loaded input_output = 07:29:45.836623
loading test code = 07:29:45.836632
start = 07:29:45.876436
loaded input_output = 07:29:45.877240
loading test code = 07:29:45.877249
start = 07:29:45.811928
loaded input_output = 07:29:45.812219
loading test code = 07:29:45.812229
start = 07:29:45.924269
loaded input_output = 07:29:45.924537
loading test code = 07:29:45.924545
start = 07:29:45.966110
loaded input_output = 07:29:45.993694
loading test code = 07:29:45.993728
start = 07:29:46.075935
loaded input_output = 07:29:46.076487
loading test code = 07:29:46.076499
start = 07:29:46.063817
loaded input_output = 07:29:46.064134
loading test code = 07:29:46.064143
start = 07:29:46.111675
loaded input_output = 07:29:46.111978
loading test code = 07:29:46.111990
start = 07:29:46.187480
loaded input_output = 07:29:46.188618
loading test code = 07:29:46.188629
start = 07:29:46.174437
loaded input_output = 07:29:46.191335
loading test code = 07:29:46.191368
start = 07:29:40.374486
loaded input_output = 07:29:40.375308
loading test code = 07:29:40.375317
start = 07:29:46.352648
loaded input_output = 07:29:46.354725
loading test code = 07:29:46.354746
start = 07:29:46.167709
loaded input_output = 07:29:46.357774
loading test code = 07:29:46.357798
start = 07:29:46.291246
loaded input_output = 07:29:46.377961
loading test code = 07:29:46.378001
start = 07:29:46.412327
loaded input_output = 07:29:46.413064
loading test code = 07:29:46.413076
start = 07:29:46.348311
loaded input_output = 07:29:46.457892
loading test code = 07:29:46.457932
start = 07:29:46.515614
loaded input_output = 07:29:46.517598
loading test code = 07:29:46.517612
start = 07:29:46.576066
loaded input_output = 07:29:46.576405
loading test code = 07:29:46.576420
start = 07:29:46.604892
loaded input_output = 07:29:46.605233
loading test code = 07:29:46.605245
start = 07:29:46.672016
loaded input_output = 07:29:46.672487
loading test code = 07:29:46.672499
start = 07:29:46.676726
loaded input_output = 07:29:46.677031
loading test code = 07:29:46.677041
start = 07:29:46.667870
loaded input_output = 07:29:46.734406
loading test code = 07:29:46.734443
start = 07:29:46.466083
loaded input_output = 07:29:46.753600
loading test code = 07:29:46.753644
start = 07:29:46.765008
loaded input_output = 07:29:46.765272
loading test code = 07:29:46.765285
start = 07:29:46.777526
loaded input_output = 07:29:46.778007
loading test code = 07:29:46.778017
start = 07:29:46.876285
loaded input_output = 07:29:46.876588
loading test code = 07:29:46.876600
start = 07:29:46.893208
loaded input_output = 07:29:46.894072
loading test code = 07:29:46.894082
start = 07:29:46.962926
loaded input_output = 07:29:46.963231
loading test code = 07:29:46.963243
start = 07:29:46.996050
loaded input_output = 07:29:47.002586
loading test code = 07:29:47.002623
start = 07:29:47.038933
loaded input_output = 07:29:47.039338
loading test code = 07:29:47.039348
start = 07:29:47.045405
loaded input_output = 07:29:47.045698
loading test code = 07:29:47.045710
start = 07:29:47.004729
loaded input_output = 07:29:47.063809
loading test code = 07:29:47.063843
start = 07:29:47.065202
loaded input_output = 07:29:47.065560
loading test code = 07:29:47.065569
start = 07:29:47.134004
loaded input_output = 07:29:47.137150
loading test code = 07:29:47.137177
start = 07:29:47.222410
loaded input_output = 07:29:47.225869
loading test code = 07:29:47.225890
start = 07:29:47.218366
loaded input_output = 07:29:47.220309
loading test code = 07:29:47.220328
start = 07:29:47.281146
loaded input_output = 07:29:47.283828
loading test code = 07:29:47.283844
start = 07:29:47.263803
loaded input_output = 07:29:47.268931
loading test code = 07:29:47.268967
start = 07:29:47.346761
loaded input_output = 07:29:47.348916
loading test code = 07:29:47.348930
start = 07:29:47.364563
loaded input_output = 07:29:47.365780
loading test code = 07:29:47.365791
start = 07:29:47.385173
loaded input_output = 07:29:47.385518
loading test code = 07:29:47.385528
start = 07:29:41.365156
loaded input_output = 07:29:41.373095
loading test code = 07:29:41.373123
start = 07:29:47.463890
loaded input_output = 07:29:47.469662
loading test code = 07:29:47.469691
start = 07:29:41.847759
loaded input_output = 07:29:41.848024
loading test code = 07:29:41.848032
start = 07:29:43.035334
loaded input_output = 07:29:43.074626
loading test code = 07:29:43.074655
start = 07:29:43.310245
loaded input_output = 07:29:43.311070
loading test code = 07:29:43.311083
start = 07:29:43.344494
loaded input_output = 07:29:43.385818
loading test code = 07:29:43.385854
start = 07:29:42.597627
loaded input_output = 07:29:42.599660
loading test code = 07:29:42.599673
start = 07:29:44.664829
loaded input_output = 07:29:45.027122
loading test code = 07:29:45.027158
start = 07:29:39.760832
loaded input_output = 07:29:39.923556
loading test code = 07:29:39.923589
[JUDGED] L02: pass@1=15.97% empty=9 wall=18.7s
start = 07:29:51.789987
loaded input_output = 07:29:51.790368
loading test code = 07:29:51.790380
start = 07:29:51.804460
loaded input_output = 07:29:51.804771
loading test code = 07:29:51.804783
start = 07:29:51.835681
loaded input_output = 07:29:51.836050
loading test code = 07:29:51.836060
start = 07:29:51.866457
loaded input_output = 07:29:51.866761
loading test code = 07:29:51.866774
start = 07:29:51.882938
loaded input_output = 07:29:51.883280
loading test code = 07:29:51.883289
start = 07:29:51.812910
loaded input_output = 07:29:51.831350
loading test code = 07:29:51.831377
start = 07:29:51.885052
loaded input_output = 07:29:51.885456
loading test code = 07:29:51.885466
start = 07:29:51.867112
loaded input_output = 07:29:51.868075
loading test code = 07:29:51.868091
start = 07:29:51.912038
loaded input_output = 07:29:51.912286
loading test code = 07:29:51.912295
start = 07:29:51.939704
loaded input_output = 07:29:51.940212
loading test code = 07:29:51.940223
start = 07:29:51.821371
loaded input_output = 07:29:51.849916
loading test code = 07:29:51.849953
start = 07:29:52.080290
loaded input_output = 07:29:52.081601
loading test code = 07:29:52.081615
start = 07:29:52.106356
loaded input_output = 07:29:52.106619
loading test code = 07:29:52.106628
start = 07:29:52.121663
loaded input_output = 07:29:52.122026
loading test code = 07:29:52.122040
start = 07:29:52.163899
loaded input_output = 07:29:52.164246
loading test code = 07:29:52.164257
start = 07:29:51.864406
loaded input_output = 07:29:51.901056
loading test code = 07:29:51.901093
start = 07:29:51.797653
loaded input_output = 07:29:51.835935
loading test code = 07:29:51.835967
start = 07:29:52.240777
loaded input_output = 07:29:52.241080
loading test code = 07:29:52.241089
start = 07:29:52.362918
loaded input_output = 07:29:52.363224
loading test code = 07:29:52.363242
start = 07:29:52.105482
loaded input_output = 07:29:52.126674
loading test code = 07:29:52.126702
start = 07:29:52.357810
loaded input_output = 07:29:52.358198
loading test code = 07:29:52.358208
start = 07:29:52.436307
loaded input_output = 07:29:52.436579
loading test code = 07:29:52.436588
start = 07:29:51.805343
loaded input_output = 07:29:51.828908
loading test code = 07:29:51.828947
start = 07:29:52.605347
loaded input_output = 07:29:52.605614
loading test code = 07:29:52.605623
start = 07:29:52.432921
loaded input_output = 07:29:52.451404
loading test code = 07:29:52.451439
start = 07:29:52.237729
loaded input_output = 07:29:52.296174
loading test code = 07:29:52.296213
start = 07:29:52.740780
loaded input_output = 07:29:52.741097
loading test code = 07:29:52.741107
start = 07:29:52.618400
loaded input_output = 07:29:52.625229
loading test code = 07:29:52.625253
start = 07:29:52.831718
loaded input_output = 07:29:52.832058
loading test code = 07:29:52.832069
start = 07:29:52.881421
loaded input_output = 07:29:52.882209
loading test code = 07:29:52.882220
start = 07:29:52.954616
loaded input_output = 07:29:52.954963
loading test code = 07:29:52.954977
start = 07:29:52.983965
loaded input_output = 07:29:52.984250
loading test code = 07:29:52.984265
start = 07:29:52.500797
loaded input_output = 07:29:52.573023
loading test code = 07:29:52.573083
start = 07:29:53.039535
loaded input_output = 07:29:53.040092
loading test code = 07:29:53.040106
start = 07:29:53.162365
loaded input_output = 07:29:53.162729
loading test code = 07:29:53.162753
start = 07:29:52.138845
loaded input_output = 07:29:52.209571
loading test code = 07:29:52.209603
start = 07:29:53.222220
loaded input_output = 07:29:53.236457
loading test code = 07:29:53.236490
start = 07:29:53.335775
loaded input_output = 07:29:53.336241
loading test code = 07:29:53.336253
start = 07:29:53.303391
loaded input_output = 07:29:53.306574
loading test code = 07:29:53.306593
start = 07:29:53.111461
loaded input_output = 07:29:53.133238
loading test code = 07:29:53.133277
start = 07:29:53.423400
loaded input_output = 07:29:53.424439
loading test code = 07:29:53.424452
start = 07:29:53.470483
loaded input_output = 07:29:53.472541
loading test code = 07:29:53.472558
start = 07:29:53.536607
loaded input_output = 07:29:53.536923
loading test code = 07:29:53.536934
start = 07:29:53.649091
loaded input_output = 07:29:53.649701
loading test code = 07:29:53.649712
start = 07:29:53.651963
loaded input_output = 07:29:53.652271
loading test code = 07:29:53.652281
start = 07:29:53.666279
loaded input_output = 07:29:53.666602
loading test code = 07:29:53.666614
start = 07:29:53.733603
loaded input_output = 07:29:53.733888
loading test code = 07:29:53.733904
start = 07:29:53.723983
loaded input_output = 07:29:53.742103
loading test code = 07:29:53.742141
start = 07:29:54.044394
loaded input_output = 07:29:54.045522
loading test code = 07:29:54.045533
start = 07:29:53.975249
loaded input_output = 07:29:53.977149
loading test code = 07:29:53.977162
start = 07:29:54.205925
loaded input_output = 07:29:54.206746
loading test code = 07:29:54.206760
start = 07:29:54.385051
loaded input_output = 07:29:54.385376
loading test code = 07:29:54.385389
start = 07:29:53.046378
loaded input_output = 07:29:53.100043
loading test code = 07:29:53.100081
start = 07:29:53.948852
loaded input_output = 07:29:54.001188
loading test code = 07:29:54.001235
start = 07:29:54.455625
loaded input_output = 07:29:54.455914
loading test code = 07:29:54.455923
start = 07:29:52.441767
loaded input_output = 07:29:52.519248
loading test code = 07:29:52.519297
start = 07:29:54.665713
loaded input_output = 07:29:54.665993
loading test code = 07:29:54.666002
start = 07:29:52.127135
loaded input_output = 07:29:52.195525
loading test code = 07:29:52.195567
start = 07:29:54.742275
loaded input_output = 07:29:54.742625
loading test code = 07:29:54.742635
start = 07:29:54.989142
loaded input_output = 07:29:54.989527
loading test code = 07:29:54.989536
start = 07:29:52.548989
loaded input_output = 07:29:52.619586
loading test code = 07:29:52.619621
start = 07:29:55.006589
loaded input_output = 07:29:55.006937
loading test code = 07:29:55.006953
start = 07:29:53.867615
loaded input_output = 07:29:53.925095
loading test code = 07:29:53.925146
start = 07:29:54.639884
loaded input_output = 07:29:54.660913
loading test code = 07:29:54.660956
start = 07:29:55.259759
loaded input_output = 07:29:55.260041
loading test code = 07:29:55.260051
start = 07:29:54.896607
loaded input_output = 07:29:54.954937
loading test code = 07:29:54.954980
start = 07:29:55.273289
loaded input_output = 07:29:55.280411
loading test code = 07:29:55.280446
start = 07:29:55.272770
loaded input_output = 07:29:55.281118
loading test code = 07:29:55.281137
start = 07:29:52.123353
loaded input_output = 07:29:52.208241
loading test code = 07:29:52.208291
start = 07:29:55.269290
loaded input_output = 07:29:55.322182
loading test code = 07:29:55.322220
start = 07:29:55.542433
loaded input_output = 07:29:55.559346
loading test code = 07:29:55.559382
start = 07:29:55.315130
loaded input_output = 07:29:55.394925
loading test code = 07:29:55.394977
start = 07:29:55.978307
loaded input_output = 07:29:55.979222
loading test code = 07:29:55.979242
start = 07:29:56.005266
loaded input_output = 07:29:56.006520
loading test code = 07:29:56.006534
start = 07:29:55.998375
loaded input_output = 07:29:55.998672
loading test code = 07:29:55.998687
start = 07:29:56.229006
loaded input_output = 07:29:56.229549
loading test code = 07:29:56.229567
start = 07:29:56.271432
loaded input_output = 07:29:56.271725
loading test code = 07:29:56.271738
start = 07:29:56.265813
loaded input_output = 07:29:56.266484
loading test code = 07:29:56.266497
start = 07:29:56.311611
loaded input_output = 07:29:56.311952
loading test code = 07:29:56.311962
start = 07:29:55.677465
loaded input_output = 07:29:55.733079
loading test code = 07:29:55.733118
start = 07:29:53.953835
loaded input_output = 07:29:54.020052
loading test code = 07:29:54.020108
start = 07:29:54.731524
loaded input_output = 07:29:54.780589
loading test code = 07:29:54.780628
start = 07:29:56.465569
loaded input_output = 07:29:56.465883
loading test code = 07:29:56.465893
start = 07:29:56.661806
loaded input_output = 07:29:56.662091
loading test code = 07:29:56.662099
start = 07:29:56.654140
loaded input_output = 07:29:56.654433
loading test code = 07:29:56.654443
start = 07:29:56.663831
loaded input_output = 07:29:56.664112
loading test code = 07:29:56.664121
start = 07:29:56.552450
loaded input_output = 07:29:56.555830
loading test code = 07:29:56.555856
start = 07:29:56.732629
loaded input_output = 07:29:56.732914
loading test code = 07:29:56.732928
start = 07:29:56.609289
loaded input_output = 07:29:56.676475
loading test code = 07:29:56.676516
start = 07:29:56.502873
loaded input_output = 07:29:56.536614
loading test code = 07:29:56.536651
start = 07:29:56.919524
loaded input_output = 07:29:56.919832
loading test code = 07:29:56.919842
start = 07:29:57.002720
loaded input_output = 07:29:57.003331
loading test code = 07:29:57.003340
start = 07:29:57.036641
loaded input_output = 07:29:57.037609
loading test code = 07:29:57.037619
start = 07:29:57.155288
loaded input_output = 07:29:57.155590
loading test code = 07:29:57.155599
start = 07:29:57.216390
loaded input_output = 07:29:57.223695
loading test code = 07:29:57.223726
start = 07:29:55.615351
loaded input_output = 07:29:55.666486
loading test code = 07:29:55.666522
start = 07:29:57.331896
loaded input_output = 07:29:57.332214
loading test code = 07:29:57.332224
start = 07:29:56.923356
loaded input_output = 07:29:56.999461
loading test code = 07:29:56.999501
start = 07:29:57.397096
loaded input_output = 07:29:57.397386
loading test code = 07:29:57.397398
start = 07:29:57.504068
loaded input_output = 07:29:57.504393
loading test code = 07:29:57.504402
start = 07:29:57.578205
loaded input_output = 07:29:57.578897
loading test code = 07:29:57.578907
start = 07:29:57.647919
loaded input_output = 07:29:57.714779
loading test code = 07:29:57.714820
start = 07:29:57.497182
loaded input_output = 07:29:57.497461
loading test code = 07:29:57.497471
start = 07:29:57.755702
loaded input_output = 07:29:57.758326
loading test code = 07:29:57.758340
start = 07:29:57.839580
loaded input_output = 07:29:57.840742
loading test code = 07:29:57.840756
start = 07:29:51.876917
loaded input_output = 07:29:51.877267
loading test code = 07:29:51.877277
timeout occured: alarm went off
start = 07:29:51.901481
loaded input_output = 07:29:51.904825
loading test code = 07:29:51.904855
timeout occured: alarm went off
start = 07:29:57.259063
loaded input_output = 07:29:57.261513
loading test code = 07:29:57.261529
start = 07:29:57.985617
loaded input_output = 07:29:57.985897
loading test code = 07:29:57.985906
start = 07:29:58.108118
loaded input_output = 07:29:58.169705
loading test code = 07:29:58.169745
start = 07:29:57.989356
loaded input_output = 07:29:57.989662
loading test code = 07:29:57.989672
start = 07:29:58.001754
loaded input_output = 07:29:58.002008
loading test code = 07:29:58.002016
start = 07:29:58.279051
loaded input_output = 07:29:58.280290
loading test code = 07:29:58.280303
start = 07:29:58.296039
loaded input_output = 07:29:58.296340
loading test code = 07:29:58.296355
start = 07:29:58.536816
loaded input_output = 07:29:58.537250
loading test code = 07:29:58.537259
start = 07:29:58.562138
loaded input_output = 07:29:58.562453
loading test code = 07:29:58.562464
start = 07:29:58.579803
loaded input_output = 07:29:58.643924
loading test code = 07:29:58.643964
start = 07:29:58.487643
loaded input_output = 07:29:58.487919
loading test code = 07:29:58.487929
start = 07:29:52.613077
loaded input_output = 07:29:52.634624
loading test code = 07:29:52.634663
timeout occured: alarm went off
start = 07:29:58.813520
loaded input_output = 07:29:58.816905
loading test code = 07:29:58.816920
start = 07:29:58.545662
loaded input_output = 07:29:58.545980
loading test code = 07:29:58.545992
start = 07:29:58.840841
loaded input_output = 07:29:58.841167
loading test code = 07:29:58.841177
start = 07:29:59.058392
loaded input_output = 07:29:59.058743
loading test code = 07:29:59.058754
start = 07:29:59.049512
loaded input_output = 07:29:59.049818
loading test code = 07:29:59.049826
start = 07:29:59.066227
loaded input_output = 07:29:59.066604
loading test code = 07:29:59.066615
start = 07:29:58.909981
loaded input_output = 07:29:58.910262
loading test code = 07:29:58.910272
start = 07:29:53.230138
loaded input_output = 07:29:53.235373
loading test code = 07:29:53.235403
timeout occured: alarm went off
start = 07:29:52.423774
loaded input_output = 07:29:52.428014
loading test code = 07:29:52.428039
start = 07:29:59.061015
loaded input_output = 07:29:59.061326
loading test code = 07:29:59.061336
start = 07:29:59.121294
loaded input_output = 07:29:59.121574
loading test code = 07:29:59.121588
start = 07:29:59.353281
loaded input_output = 07:29:59.425841
loading test code = 07:29:59.425868
start = 07:29:59.491858
loaded input_output = 07:29:59.492994
loading test code = 07:29:59.493005
start = 07:29:59.501408
loaded input_output = 07:29:59.501743
loading test code = 07:29:59.501754
start = 07:29:59.315955
loaded input_output = 07:29:59.316273
loading test code = 07:29:59.316284
start = 07:29:59.625287
loaded input_output = 07:29:59.625591
loading test code = 07:29:59.625601
start = 07:29:59.716599
loaded input_output = 07:29:59.716932
loading test code = 07:29:59.716942
start = 07:29:59.604744
loaded input_output = 07:29:59.605217
loading test code = 07:29:59.605229
start = 07:29:59.777359
loaded input_output = 07:29:59.777648
loading test code = 07:29:59.777657
start = 07:30:00.059219
loaded input_output = 07:30:00.063512
loading test code = 07:30:00.063532
start = 07:29:56.913744
loaded input_output = 07:29:56.969845
loading test code = 07:29:56.969889
start = 07:29:59.883428
loaded input_output = 07:29:59.883817
loading test code = 07:29:59.883827
start = 07:29:59.888166
loaded input_output = 07:29:59.888509
loading test code = 07:29:59.888520
start = 07:30:00.144355
loaded input_output = 07:30:00.280400
loading test code = 07:30:00.280436
start = 07:30:00.315406
loaded input_output = 07:30:00.315873
loading test code = 07:30:00.315885
start = 07:30:00.341512
loaded input_output = 07:30:00.341788
loading test code = 07:30:00.341798
start = 07:30:00.395447
loaded input_output = 07:30:00.396289
loading test code = 07:30:00.396298
start = 07:30:00.611045
loaded input_output = 07:30:00.611490
loading test code = 07:30:00.611500
start = 07:30:00.575645
loaded input_output = 07:30:00.607899
loading test code = 07:30:00.607936
start = 07:30:00.646487
loaded input_output = 07:30:00.647849
loading test code = 07:30:00.647863
start = 07:30:00.861163
loaded input_output = 07:30:00.861487
loading test code = 07:30:00.861498
start = 07:30:00.637983
loaded input_output = 07:30:00.638254
loading test code = 07:30:00.638263
start = 07:29:54.454645
loaded input_output = 07:29:54.505015
loading test code = 07:29:54.505054
timeout occured: alarm went off
start = 07:30:01.149616
loaded input_output = 07:30:01.224781
loading test code = 07:30:01.224818
start = 07:30:00.908295
loaded input_output = 07:30:00.908670
loading test code = 07:30:00.908680
start = 07:30:00.951281
loaded input_output = 07:30:01.330556
loading test code = 07:30:01.330593
start = 07:30:01.216639
loaded input_output = 07:30:01.216910
loading test code = 07:30:01.216922
start = 07:29:57.689887
loaded input_output = 07:29:57.690244
loading test code = 07:29:57.690256
start = 07:30:01.534636
loaded input_output = 07:30:01.534929
loading test code = 07:30:01.534939
start = 07:30:01.558995
loaded input_output = 07:30:01.559606
loading test code = 07:30:01.559623
start = 07:30:01.603127
loaded input_output = 07:30:01.603709
loading test code = 07:30:01.603721
start = 07:30:01.883069
loaded input_output = 07:30:01.883529
loading test code = 07:30:01.883542
start = 07:30:01.830186
loaded input_output = 07:30:01.933386
loading test code = 07:30:01.933421
start = 07:30:01.732004
loaded input_output = 07:30:01.732283
loading test code = 07:30:01.732293
start = 07:30:01.780587
loaded input_output = 07:30:01.781170
loading test code = 07:30:01.781180
start = 07:30:02.115001
loaded input_output = 07:30:02.115645
loading test code = 07:30:02.115658
start = 07:30:02.191078
loaded input_output = 07:30:02.192797
loading test code = 07:30:02.192812
start = 07:29:55.523579
loaded input_output = 07:29:55.602305
loading test code = 07:29:55.602347
timeout occured: alarm went off
start = 07:30:02.344951
loaded input_output = 07:30:02.345238
loading test code = 07:30:02.345248
start = 07:29:54.909575
loaded input_output = 07:29:54.937438
loading test code = 07:29:54.937476
timeout occured: alarm went off
start = 07:30:02.469055
loaded input_output = 07:30:02.470207
loading test code = 07:30:02.470222
start = 07:30:02.487063
loaded input_output = 07:30:02.490082
loading test code = 07:30:02.490103
start = 07:30:01.171532
loaded input_output = 07:30:01.171899
loading test code = 07:30:01.171909
start = 07:30:02.635028
loaded input_output = 07:30:02.635485
loading test code = 07:30:02.635496
start = 07:30:02.334777
loaded input_output = 07:30:02.335077
loading test code = 07:30:02.335087
start = 07:30:02.783173
loaded input_output = 07:30:02.783583
loading test code = 07:30:02.783593
start = 07:30:02.773449
loaded input_output = 07:30:02.773820
loading test code = 07:30:02.773832
start = 07:30:02.796881
loaded input_output = 07:30:02.797170
loading test code = 07:30:02.797181
start = 07:30:02.882978
loaded input_output = 07:30:02.884119
loading test code = 07:30:02.884132
start = 07:30:02.881011
loaded input_output = 07:30:02.883971
loading test code = 07:30:02.883985
start = 07:30:02.646533
loaded input_output = 07:30:02.646875
loading test code = 07:30:02.646886
start = 07:30:03.076353
loaded input_output = 07:30:03.076634
loading test code = 07:30:03.076648
start = 07:30:03.120448
loaded input_output = 07:30:03.122139
loading test code = 07:30:03.122151
start = 07:30:03.152604
loaded input_output = 07:30:03.153921
loading test code = 07:30:03.153933
start = 07:29:57.201967
loaded input_output = 07:29:57.202247
loading test code = 07:29:57.202258
timeout occured: alarm went off
start = 07:30:03.056438
loaded input_output = 07:30:03.056730
loading test code = 07:30:03.056740
start = 07:30:03.335662
loaded input_output = 07:30:03.335949
loading test code = 07:30:03.335963
start = 07:30:03.091593
loaded input_output = 07:30:03.092172
loading test code = 07:30:03.092182
start = 07:30:03.455609
loaded input_output = 07:30:03.456122
loading test code = 07:30:03.456140
start = 07:30:03.473629
loaded input_output = 07:30:03.480329
loading test code = 07:30:03.480359
start = 07:30:03.571723
loaded input_output = 07:30:03.596897
loading test code = 07:30:03.596934
start = 07:30:03.416078
loaded input_output = 07:30:03.416370
loading test code = 07:30:03.416379
start = 07:30:03.627226
loaded input_output = 07:30:03.627796
loading test code = 07:30:03.627807
start = 07:30:03.737516
loaded input_output = 07:30:03.737795
loading test code = 07:30:03.737805
start = 07:30:03.701541
loaded input_output = 07:30:03.749879
loading test code = 07:30:03.749917
start = 07:30:03.879875
loaded input_output = 07:30:03.880238
loading test code = 07:30:03.880248
start = 07:30:03.967673
loaded input_output = 07:30:03.968433
loading test code = 07:30:03.968444
start = 07:30:03.978133
loaded input_output = 07:30:04.027412
loading test code = 07:30:04.027448
start = 07:30:03.778213
loaded input_output = 07:30:03.778501
loading test code = 07:30:03.778517
start = 07:30:04.006626
loaded input_output = 07:30:04.006933
loading test code = 07:30:04.006944
start = 07:30:04.037611
loaded input_output = 07:30:04.038091
loading test code = 07:30:04.038101
start = 07:30:04.297989
loaded input_output = 07:30:04.299369
loading test code = 07:30:04.299383
start = 07:30:04.311348
loaded input_output = 07:30:04.311738
loading test code = 07:30:04.311755
start = 07:30:04.151088
loaded input_output = 07:30:04.151652
loading test code = 07:30:04.151664
start = 07:29:58.239279
loaded input_output = 07:29:58.251361
loading test code = 07:29:58.251393
start = 07:30:04.536456
loaded input_output = 07:30:04.537171
loading test code = 07:30:04.537181
start = 07:30:04.265300
loaded input_output = 07:30:04.265651
loading test code = 07:30:04.265665
start = 07:30:04.568005
loaded input_output = 07:30:04.568513
loading test code = 07:30:04.568522
start = 07:30:04.558679
loaded input_output = 07:30:04.561044
loading test code = 07:30:04.561063
start = 07:30:04.700577
loaded input_output = 07:30:04.705743
loading test code = 07:30:04.705767
start = 07:30:04.709455
loaded input_output = 07:30:04.710694
loading test code = 07:30:04.710711
start = 07:30:04.800397
loaded input_output = 07:30:04.801640
loading test code = 07:30:04.801652
start = 07:30:04.817613
loaded input_output = 07:30:04.818043
loading test code = 07:30:04.818052
start = 07:30:04.559171
loaded input_output = 07:30:04.559511
loading test code = 07:30:04.559522
start = 07:30:04.847921
loaded input_output = 07:30:04.848365
loading test code = 07:30:04.848380
start = 07:30:05.050335
loaded input_output = 07:30:05.050813
loading test code = 07:30:05.050828
start = 07:30:04.982243
loaded input_output = 07:30:05.072829
loading test code = 07:30:05.072866
start = 07:30:04.830351
loaded input_output = 07:30:04.830654
loading test code = 07:30:04.830671
start = 07:30:05.123815
loaded input_output = 07:30:05.124094
loading test code = 07:30:05.124103
start = 07:30:05.268750
loaded input_output = 07:30:05.269047
loading test code = 07:30:05.269057
start = 07:30:05.006995
loaded input_output = 07:30:05.304661
loading test code = 07:30:05.304699
start = 07:30:05.353662
loaded input_output = 07:30:05.364374
loading test code = 07:30:05.364405
start = 07:30:05.078072
loaded input_output = 07:30:05.078351
loading test code = 07:30:05.078361
start = 07:30:05.401208
loaded input_output = 07:30:05.401662
loading test code = 07:30:05.401671
start = 07:30:05.410162
loaded input_output = 07:30:05.410582
loading test code = 07:30:05.410597
start = 07:30:05.129552
loaded input_output = 07:30:05.130317
loading test code = 07:30:05.130327
start = 07:30:05.601734
loaded input_output = 07:30:05.602007
loading test code = 07:30:05.602017
start = 07:30:05.623984
loaded input_output = 07:30:05.624332
loading test code = 07:30:05.624342
start = 07:30:05.666157
loaded input_output = 07:30:05.669273
loading test code = 07:30:05.669298
start = 07:30:05.684079
loaded input_output = 07:30:05.684578
loading test code = 07:30:05.684592
start = 07:30:05.685139
loaded input_output = 07:30:05.688457
loading test code = 07:30:05.688474
start = 07:30:05.506276
loaded input_output = 07:30:05.506579
loading test code = 07:30:05.506588
start = 07:29:59.753947
loaded input_output = 07:29:59.754199
loading test code = 07:29:59.754208
start = 07:29:59.751181
loaded input_output = 07:29:59.751637
loading test code = 07:29:59.751645
start = 07:30:05.897830
loaded input_output = 07:30:05.898207
loading test code = 07:30:05.898219
start = 07:30:05.919779
loaded input_output = 07:30:05.935785
loading test code = 07:30:05.935816
start = 07:30:05.932999
loaded input_output = 07:30:05.933871
loading test code = 07:30:05.933882
start = 07:30:05.728691
loaded input_output = 07:30:05.729023
loading test code = 07:30:05.729034
start = 07:30:05.886246
loaded input_output = 07:30:06.015150
loading test code = 07:30:06.015188
start = 07:30:06.053575
loaded input_output = 07:30:06.053864
loading test code = 07:30:06.053875
start = 07:30:06.119285
loaded input_output = 07:30:06.119585
loading test code = 07:30:06.119600
start = 07:30:06.161000
loaded input_output = 07:30:06.161736
loading test code = 07:30:06.161746
start = 07:30:06.287361
loaded input_output = 07:30:06.287877
loading test code = 07:30:06.287887
start = 07:30:06.267700
loaded input_output = 07:30:06.304263
loading test code = 07:30:06.304298
start = 07:30:06.312615
loaded input_output = 07:30:06.312916
loading test code = 07:30:06.312928
start = 07:30:00.299451
loaded input_output = 07:30:00.300191
loading test code = 07:30:00.300203
start = 07:30:06.354796
loaded input_output = 07:30:06.355087
loading test code = 07:30:06.355097
start = 07:30:06.070898
loaded input_output = 07:30:06.071178
loading test code = 07:30:06.071190
start = 07:30:06.463579
loaded input_output = 07:30:06.464738
loading test code = 07:30:06.464748
start = 07:30:06.544138
loaded input_output = 07:30:06.554663
loading test code = 07:30:06.554694
start = 07:30:06.400904
loaded input_output = 07:30:06.589515
loading test code = 07:30:06.589552
start = 07:30:06.633370
loaded input_output = 07:30:06.635445
loading test code = 07:30:06.635461
start = 07:30:06.643687
loaded input_output = 07:30:06.644469
loading test code = 07:30:06.644480
start = 07:30:06.621320
loaded input_output = 07:30:06.680787
loading test code = 07:30:06.680831
start = 07:30:06.623086
loaded input_output = 07:30:06.728792
loading test code = 07:30:06.728840
start = 07:30:06.807662
loaded input_output = 07:30:06.809843
loading test code = 07:30:06.809863
start = 07:30:06.830318
loaded input_output = 07:30:06.830613
loading test code = 07:30:06.830625
start = 07:30:06.934726
loaded input_output = 07:30:06.935066
loading test code = 07:30:06.935077
start = 07:30:06.661135
loaded input_output = 07:30:06.941250
loading test code = 07:30:06.941300
start = 07:30:06.941388
loaded input_output = 07:30:06.941841
loading test code = 07:30:06.941854
start = 07:30:06.908675
loaded input_output = 07:30:06.979201
loading test code = 07:30:06.979242
start = 07:30:06.919918
loaded input_output = 07:30:06.920249
loading test code = 07:30:06.920261
start = 07:30:07.036104
loaded input_output = 07:30:07.036393
loading test code = 07:30:07.036403
start = 07:30:07.016761
loaded input_output = 07:30:07.017274
loading test code = 07:30:07.017292
start = 07:30:07.107685
loaded input_output = 07:30:07.108578
loading test code = 07:30:07.108590
start = 07:30:00.396500
loaded input_output = 07:30:00.397250
loading test code = 07:30:00.397260
start = 07:30:07.236748
loaded input_output = 07:30:07.237055
loading test code = 07:30:07.237066
start = 07:30:07.230702
loaded input_output = 07:30:07.237827
loading test code = 07:30:07.237848
start = 07:30:07.237672
loaded input_output = 07:30:07.237943
loading test code = 07:30:07.237952
start = 07:30:07.267949
loaded input_output = 07:30:07.268243
loading test code = 07:30:07.268251
start = 07:30:07.303468
loaded input_output = 07:30:07.303856
loading test code = 07:30:07.303866
start = 07:30:07.300592
loaded input_output = 07:30:07.346379
loading test code = 07:30:07.346417
start = 07:30:07.365252
loaded input_output = 07:30:07.368353
loading test code = 07:30:07.368372
start = 07:30:07.488509
loaded input_output = 07:30:07.491754
loading test code = 07:30:07.491771
start = 07:30:07.528755
loaded input_output = 07:30:07.533415
loading test code = 07:30:07.533438
start = 07:30:07.542678
loaded input_output = 07:30:07.543985
loading test code = 07:30:07.543996
start = 07:30:07.556547
loaded input_output = 07:30:07.558578
loading test code = 07:30:07.558594
start = 07:30:07.576271
loaded input_output = 07:30:07.578961
loading test code = 07:30:07.578981
start = 07:30:07.636544
loaded input_output = 07:30:07.636908
loading test code = 07:30:07.636922
start = 07:30:07.644666
loaded input_output = 07:30:07.650290
loading test code = 07:30:07.650310
start = 07:30:01.826104
loaded input_output = 07:30:01.834063
loading test code = 07:30:01.834086
start = 07:30:02.364401
loaded input_output = 07:30:02.364680
loading test code = 07:30:02.364689
start = 07:29:58.197498
loaded input_output = 07:29:58.249527
loading test code = 07:29:58.249571
start = 07:30:03.171069
loaded input_output = 07:30:03.173104
loading test code = 07:30:03.173116
start = 07:29:59.336422
loaded input_output = 07:29:59.492981
loading test code = 07:29:59.493011
start = 07:30:05.984548
loaded input_output = 07:30:05.984974
loading test code = 07:30:05.984987
start = 07:30:07.287571
loaded input_output = 07:30:07.288011
loading test code = 07:30:07.288022
start = 07:30:06.229400
loaded input_output = 07:30:06.229690
loading test code = 07:30:06.229700
start = 07:30:07.469007
loaded input_output = 07:30:07.470973
loading test code = 07:30:07.471009
[JUDGED] L03: pass@1=18.75% empty=5 wall=21.9s
start = 07:30:13.733924
loaded input_output = 07:30:13.734284
loading test code = 07:30:13.734298
start = 07:30:13.752365
loaded input_output = 07:30:13.752722
loading test code = 07:30:13.752736
start = 07:30:13.767690
loaded input_output = 07:30:13.768012
loading test code = 07:30:13.768023
start = 07:30:13.780918
loaded input_output = 07:30:13.781234
loading test code = 07:30:13.781242
start = 07:30:13.720110
loaded input_output = 07:30:13.732831
loading test code = 07:30:13.732873
start = 07:30:13.805677
loaded input_output = 07:30:13.806001
loading test code = 07:30:13.806012
start = 07:30:13.792912
loaded input_output = 07:30:13.793224
loading test code = 07:30:13.793233
start = 07:30:13.796422
loaded input_output = 07:30:13.796781
loading test code = 07:30:13.796793
start = 07:30:13.804203
loaded input_output = 07:30:13.804682
loading test code = 07:30:13.804693
start = 07:30:13.851507
loaded input_output = 07:30:13.851841
loading test code = 07:30:13.851851
start = 07:30:13.821162
loaded input_output = 07:30:13.822011
loading test code = 07:30:13.822024
start = 07:30:13.785658
loaded input_output = 07:30:13.805043
loading test code = 07:30:13.805080
start = 07:30:14.061489
loaded input_output = 07:30:14.062897
loading test code = 07:30:14.062913
start = 07:30:14.103391
loaded input_output = 07:30:14.103753
loading test code = 07:30:14.103763
start = 07:30:14.086114
loaded input_output = 07:30:14.086400
loading test code = 07:30:14.086410
start = 07:30:14.055605
loaded input_output = 07:30:14.056006
loading test code = 07:30:14.056016
start = 07:30:13.726618
loaded input_output = 07:30:13.765328
loading test code = 07:30:13.765367
start = 07:30:14.175336
loaded input_output = 07:30:14.175743
loading test code = 07:30:14.175756
start = 07:30:14.021278
loaded input_output = 07:30:14.044921
loading test code = 07:30:14.044946
start = 07:30:14.292789
loaded input_output = 07:30:14.293097
loading test code = 07:30:14.293106
start = 07:30:14.355575
loaded input_output = 07:30:14.355904
loading test code = 07:30:14.355920
start = 07:30:13.802276
loaded input_output = 07:30:13.834412
loading test code = 07:30:13.834447
start = 07:30:13.743829
loaded input_output = 07:30:13.773185
loading test code = 07:30:13.773224
start = 07:30:14.549361
loaded input_output = 07:30:14.549649
loading test code = 07:30:14.549665
start = 07:30:14.360242
loaded input_output = 07:30:14.383614
loading test code = 07:30:14.383662
start = 07:30:14.173878
loaded input_output = 07:30:14.226261
loading test code = 07:30:14.226312
start = 07:30:14.720212
loaded input_output = 07:30:14.720514
loading test code = 07:30:14.720524
start = 07:30:14.591170
loaded input_output = 07:30:14.598026
loading test code = 07:30:14.598054
start = 07:30:14.639428
loaded input_output = 07:30:14.652579
loading test code = 07:30:14.652618
start = 07:30:14.846171
loaded input_output = 07:30:14.846979
loading test code = 07:30:14.846991
start = 07:30:14.904565
loaded input_output = 07:30:14.904889
loading test code = 07:30:14.904903
start = 07:30:14.921396
loaded input_output = 07:30:14.921709
loading test code = 07:30:14.921719
start = 07:30:14.444722
loaded input_output = 07:30:14.527595
loading test code = 07:30:14.527634
start = 07:30:15.069407
loaded input_output = 07:30:15.069964
loading test code = 07:30:15.069977
start = 07:30:14.043573
loaded input_output = 07:30:14.120569
loading test code = 07:30:14.120607
start = 07:30:15.151960
loaded input_output = 07:30:15.152329
loading test code = 07:30:15.152340
start = 07:30:15.238160
loaded input_output = 07:30:15.253469
loading test code = 07:30:15.253504
start = 07:30:15.242029
loaded input_output = 07:30:15.245201
loading test code = 07:30:15.245221
start = 07:30:15.105838
loaded input_output = 07:30:15.129354
loading test code = 07:30:15.129389
start = 07:30:15.392360
loaded input_output = 07:30:15.392832
loading test code = 07:30:15.392841
start = 07:30:15.445013
loaded input_output = 07:30:15.447051
loading test code = 07:30:15.447069
start = 07:30:15.458129
loaded input_output = 07:30:15.459019
loading test code = 07:30:15.459030
start = 07:30:15.554537
loaded input_output = 07:30:15.554856
loading test code = 07:30:15.554873
start = 07:30:15.601057
loaded input_output = 07:30:15.601383
loading test code = 07:30:15.601393
start = 07:30:15.614973
loaded input_output = 07:30:15.615377
loading test code = 07:30:15.615389
start = 07:30:15.666001
loaded input_output = 07:30:15.666586
loading test code = 07:30:15.666597
start = 07:30:15.729146
loaded input_output = 07:30:15.729445
loading test code = 07:30:15.729454
start = 07:30:15.843820
loaded input_output = 07:30:15.845547
loading test code = 07:30:15.845560
start = 07:30:15.767574
loaded input_output = 07:30:15.793029
loading test code = 07:30:15.793064
start = 07:30:15.990521
loaded input_output = 07:30:15.991682
loading test code = 07:30:15.991699
start = 07:30:16.111503
loaded input_output = 07:30:16.112364
loading test code = 07:30:16.112376
start = 07:30:16.273228
loaded input_output = 07:30:16.273557
loading test code = 07:30:16.273567
start = 07:30:15.894274
loaded input_output = 07:30:15.950149
loading test code = 07:30:15.950187
start = 07:30:16.414553
loaded input_output = 07:30:16.414869
loading test code = 07:30:16.414878
start = 07:30:15.073779
loaded input_output = 07:30:15.132761
loading test code = 07:30:15.132794
start = 07:30:14.362184
loaded input_output = 07:30:14.435369
loading test code = 07:30:14.435397
start = 07:30:16.634488
loaded input_output = 07:30:16.634790
loading test code = 07:30:16.634807
start = 07:30:14.056380
loaded input_output = 07:30:14.134513
loading test code = 07:30:14.134551
start = 07:30:16.730248
loaded input_output = 07:30:16.730556
loading test code = 07:30:16.730566
start = 07:30:14.434480
loaded input_output = 07:30:14.485834
loading test code = 07:30:14.485869
start = 07:30:16.553410
loaded input_output = 07:30:16.574235
loading test code = 07:30:16.574275
start = 07:30:16.969414
loaded input_output = 07:30:16.969802
loading test code = 07:30:16.969812
start = 07:30:16.946049
loaded input_output = 07:30:16.946345
loading test code = 07:30:16.946353
start = 07:30:15.844755
loaded input_output = 07:30:15.889980
loading test code = 07:30:15.890020
start = 07:30:17.245031
loaded input_output = 07:30:17.245324
loading test code = 07:30:17.245334
start = 07:30:17.261408
loaded input_output = 07:30:17.268988
loading test code = 07:30:17.269016
start = 07:30:16.924686
loaded input_output = 07:30:16.986750
loading test code = 07:30:16.986798
start = 07:30:17.298788
loaded input_output = 07:30:17.311814
loading test code = 07:30:17.311849
start = 07:30:17.218429
loaded input_output = 07:30:17.275843
loading test code = 07:30:17.275885
start = 07:30:14.077710
loaded input_output = 07:30:14.154248
loading test code = 07:30:14.154285
start = 07:30:17.278444
loaded input_output = 07:30:17.368551
loading test code = 07:30:17.368593
start = 07:30:17.937798
loaded input_output = 07:30:17.938653
loading test code = 07:30:17.938665
start = 07:30:18.062217
loaded input_output = 07:30:18.062515
loading test code = 07:30:18.062524
start = 07:30:18.212297
loaded input_output = 07:30:18.213617
loading test code = 07:30:18.213637
start = 07:30:18.254323
loaded input_output = 07:30:18.254903
loading test code = 07:30:18.254915
start = 07:30:16.705670
loaded input_output = 07:30:16.754884
loading test code = 07:30:16.754924
start = 07:30:16.004424
loaded input_output = 07:30:16.067263
loading test code = 07:30:16.067298
start = 07:30:17.749859
loaded input_output = 07:30:17.798636
loading test code = 07:30:17.798677
start = 07:30:18.486163
loaded input_output = 07:30:18.486812
loading test code = 07:30:18.486825
start = 07:30:18.542564
loaded input_output = 07:30:18.542951
loading test code = 07:30:18.542964
start = 07:30:18.611388
loaded input_output = 07:30:18.611728
loading test code = 07:30:18.611739
start = 07:30:18.789245
loaded input_output = 07:30:18.789550
loading test code = 07:30:18.789560
start = 07:30:18.685620
loaded input_output = 07:30:18.689324
loading test code = 07:30:18.689342
start = 07:30:18.903521
loaded input_output = 07:30:18.903843
loading test code = 07:30:18.903856
start = 07:30:18.618160
loaded input_output = 07:30:18.661173
loading test code = 07:30:18.661210
start = 07:30:19.030377
loaded input_output = 07:30:19.030664
loading test code = 07:30:19.030675
start = 07:30:18.849211
loaded input_output = 07:30:18.915338
loading test code = 07:30:18.915380
start = 07:30:19.131122
loaded input_output = 07:30:19.131431
loading test code = 07:30:19.131441
start = 07:30:17.557935
loaded input_output = 07:30:17.608066
loading test code = 07:30:17.608108
start = 07:30:19.258527
loaded input_output = 07:30:19.258871
loading test code = 07:30:19.258882
start = 07:30:19.329901
loaded input_output = 07:30:19.330925
loading test code = 07:30:19.330937
start = 07:30:19.407247
loaded input_output = 07:30:19.407847
loading test code = 07:30:19.407857
start = 07:30:19.498354
loaded input_output = 07:30:19.498623
loading test code = 07:30:19.498633
start = 07:30:19.494292
loaded input_output = 07:30:19.494593
loading test code = 07:30:19.494604
start = 07:30:19.581693
loaded input_output = 07:30:19.588969
loading test code = 07:30:19.588995
start = 07:30:19.269963
loaded input_output = 07:30:19.332603
loading test code = 07:30:19.332627
start = 07:30:19.741487
loaded input_output = 07:30:19.741826
loading test code = 07:30:19.741837
start = 07:30:19.760366
loaded input_output = 07:30:19.760658
loading test code = 07:30:19.760672
start = 07:30:13.792910
loaded input_output = 07:30:13.796514
loading test code = 07:30:13.796547
timeout occured: alarm went off
start = 07:30:19.839644
loaded input_output = 07:30:19.839993
loading test code = 07:30:19.840002
start = 07:30:20.040027
loaded input_output = 07:30:20.040335
loading test code = 07:30:20.040348
start = 07:30:20.032862
loaded input_output = 07:30:20.033473
loading test code = 07:30:20.033482
start = 07:30:20.027489
loaded input_output = 07:30:20.087056
loading test code = 07:30:20.087102
start = 07:30:20.135068
loaded input_output = 07:30:20.137682
loading test code = 07:30:20.137697
start = 07:30:19.949285
loaded input_output = 07:30:19.949561
loading test code = 07:30:19.949570
start = 07:30:19.695732
loaded input_output = 07:30:19.698003
loading test code = 07:30:19.698015
start = 07:30:20.311366
loaded input_output = 07:30:20.312453
loading test code = 07:30:20.312466
start = 07:30:20.369206
loaded input_output = 07:30:20.369488
loading test code = 07:30:20.369497
start = 07:30:20.499242
loaded input_output = 07:30:20.568816
loading test code = 07:30:20.568841
start = 07:30:20.408079
loaded input_output = 07:30:20.408376
loading test code = 07:30:20.408386
start = 07:30:20.668323
loaded input_output = 07:30:20.669514
loading test code = 07:30:20.669530
start = 07:30:20.438758
loaded input_output = 07:30:20.439053
loading test code = 07:30:20.439064
start = 07:30:20.848087
loaded input_output = 07:30:20.848388
loading test code = 07:30:20.848396
start = 07:30:21.013717
loaded input_output = 07:30:21.014040
loading test code = 07:30:21.014050
start = 07:30:21.113594
loaded input_output = 07:30:21.114031
loading test code = 07:30:21.114046
start = 07:30:20.887086
loaded input_output = 07:30:20.887368
loading test code = 07:30:20.887377
start = 07:30:20.961933
loaded input_output = 07:30:20.962225
loading test code = 07:30:20.962238
start = 07:30:15.243992
loaded input_output = 07:30:15.249379
loading test code = 07:30:15.249411
timeout occured: alarm went off
start = 07:30:21.275454
loaded input_output = 07:30:21.326028
loading test code = 07:30:21.326071
start = 07:30:21.404089
loaded input_output = 07:30:21.407690
loading test code = 07:30:21.407711
start = 07:30:21.429743
loaded input_output = 07:30:21.430069
loading test code = 07:30:21.430079
start = 07:30:21.695604
loaded input_output = 07:30:21.695917
loading test code = 07:30:21.695927
start = 07:30:21.689081
loaded input_output = 07:30:21.689454
loading test code = 07:30:21.689466
start = 07:30:21.435061
loaded input_output = 07:30:21.435363
loading test code = 07:30:21.435373
start = 07:30:21.552642
loaded input_output = 07:30:21.552926
loading test code = 07:30:21.552936
start = 07:30:21.601244
loaded input_output = 07:30:21.601607
loading test code = 07:30:21.601616
start = 07:30:21.952474
loaded input_output = 07:30:21.952768
loading test code = 07:30:21.952778
start = 07:30:21.950576
loaded input_output = 07:30:21.950882
loading test code = 07:30:21.950891
start = 07:30:21.961488
loaded input_output = 07:30:22.028092
loading test code = 07:30:22.028127
start = 07:30:22.139510
loaded input_output = 07:30:22.140734
loading test code = 07:30:22.140748
start = 07:30:22.192844
loaded input_output = 07:30:22.193161
loading test code = 07:30:22.193176
start = 07:30:19.173100
loaded input_output = 07:30:19.216342
loading test code = 07:30:19.216377
start = 07:30:22.292932
loaded input_output = 07:30:22.293245
loading test code = 07:30:22.293255
start = 07:30:22.419227
loaded input_output = 07:30:22.419483
loading test code = 07:30:22.419493
start = 07:30:22.417716
loaded input_output = 07:30:22.418030
loading test code = 07:30:22.418040
start = 07:30:22.251047
loaded input_output = 07:30:22.251486
loading test code = 07:30:22.251495
start = 07:30:22.523517
loaded input_output = 07:30:22.524040
loading test code = 07:30:22.524050
start = 07:30:16.299660
loaded input_output = 07:30:16.344663
loading test code = 07:30:16.344701
timeout occured: alarm went off
start = 07:30:22.804950
loaded input_output = 07:30:22.809463
loading test code = 07:30:22.809492
start = 07:30:22.583072
loaded input_output = 07:30:22.583394
loading test code = 07:30:22.583403
start = 07:30:22.650157
loaded input_output = 07:30:22.650526
loading test code = 07:30:22.650535
start = 07:30:22.699291
loaded input_output = 07:30:22.699636
loading test code = 07:30:22.699646
start = 07:30:22.809708
loaded input_output = 07:30:22.953584
loading test code = 07:30:22.953615
start = 07:30:23.079591
loaded input_output = 07:30:23.080105
loading test code = 07:30:23.080119
start = 07:30:23.115913
loaded input_output = 07:30:23.116213
loading test code = 07:30:23.116223
start = 07:30:23.187490
loaded input_output = 07:30:23.188396
loading test code = 07:30:23.188407
start = 07:30:23.247548
loaded input_output = 07:30:23.248418
loading test code = 07:30:23.248431
start = 07:30:23.249902
loaded input_output = 07:30:23.282225
loading test code = 07:30:23.282267
start = 07:30:23.400202
loaded input_output = 07:30:23.400643
loading test code = 07:30:23.400656
start = 07:30:23.414014
loaded input_output = 07:30:23.415280
loading test code = 07:30:23.415293
start = 07:30:23.522654
loaded input_output = 07:30:23.523042
loading test code = 07:30:23.523053
start = 07:30:17.547304
loaded input_output = 07:30:17.563998
loading test code = 07:30:17.564036
timeout occured: alarm went off
start = 07:30:23.501571
loaded input_output = 07:30:23.501847
loading test code = 07:30:23.501857
start = 07:30:23.813306
loaded input_output = 07:30:23.813646
loading test code = 07:30:23.813655
start = 07:30:23.538109
loaded input_output = 07:30:23.538487
loading test code = 07:30:23.538496
start = 07:30:14.370938
loaded input_output = 07:30:14.375191
loading test code = 07:30:14.375214
start = 07:30:23.655766
loaded input_output = 07:30:24.047075
loading test code = 07:30:24.047118
start = 07:30:24.075800
loaded input_output = 07:30:24.076106
loading test code = 07:30:24.076117
start = 07:30:24.094432
loaded input_output = 07:30:24.094772
loading test code = 07:30:24.094792
start = 07:30:24.107481
loaded input_output = 07:30:24.108055
loading test code = 07:30:24.108067
start = 07:30:17.536476
loaded input_output = 07:30:17.613574
loading test code = 07:30:17.613606
timeout occured: alarm went off
start = 07:30:23.942274
loaded input_output = 07:30:23.942557
loading test code = 07:30:23.942566
start = 07:30:18.348093
loaded input_output = 07:30:18.348361
loading test code = 07:30:18.348369
timeout occured: alarm went off
start = 07:30:24.406685
loaded input_output = 07:30:24.407176
loading test code = 07:30:24.407189
start = 07:30:14.782999
loaded input_output = 07:30:14.783346
loading test code = 07:30:14.783355
timeout occured: alarm went off
start = 07:30:16.921903
loaded input_output = 07:30:16.963863
loading test code = 07:30:16.963898
timeout occured: alarm went off
start = 07:30:24.386301
loaded input_output = 07:30:24.510394
loading test code = 07:30:24.510435
start = 07:30:24.241614
loaded input_output = 07:30:24.241928
loading test code = 07:30:24.241938
start = 07:30:24.533027
loaded input_output = 07:30:24.533604
loading test code = 07:30:24.533620
start = 07:30:24.545968
loaded input_output = 07:30:24.547696
loading test code = 07:30:24.547717
start = 07:30:24.669144
loaded input_output = 07:30:24.669425
loading test code = 07:30:24.669436
start = 07:30:24.359158
loaded input_output = 07:30:24.359769
loading test code = 07:30:24.359781
start = 07:30:24.718999
loaded input_output = 07:30:24.719308
loading test code = 07:30:24.719318
start = 07:30:24.725244
loaded input_output = 07:30:24.726473
loading test code = 07:30:24.726487
start = 07:30:24.835434
loaded input_output = 07:30:24.835707
loading test code = 07:30:24.835718
start = 07:30:24.838503
loaded input_output = 07:30:24.838966
loading test code = 07:30:24.838978
start = 07:30:24.637168
loaded input_output = 07:30:24.637455
loading test code = 07:30:24.637467
start = 07:30:24.989339
loaded input_output = 07:30:24.989654
loading test code = 07:30:24.989663
start = 07:30:25.019448
loaded input_output = 07:30:25.020558
loading test code = 07:30:25.020570
start = 07:30:25.115226
loaded input_output = 07:30:25.115470
loading test code = 07:30:25.115482
start = 07:30:24.873904
loaded input_output = 07:30:24.874291
loading test code = 07:30:24.874304
start = 07:30:24.912001
loaded input_output = 07:30:24.912442
loading test code = 07:30:24.912452
start = 07:30:25.268026
loaded input_output = 07:30:25.269348
loading test code = 07:30:25.269360
start = 07:30:25.305720
loaded input_output = 07:30:25.307528
loading test code = 07:30:25.307542
start = 07:30:25.127392
loaded input_output = 07:30:25.127685
loading test code = 07:30:25.127700
start = 07:30:25.183759
loaded input_output = 07:30:25.184362
loading test code = 07:30:25.184377
start = 07:30:25.464571
loaded input_output = 07:30:25.464822
loading test code = 07:30:25.464833
start = 07:30:25.542012
loaded input_output = 07:30:25.542548
loading test code = 07:30:25.542561
start = 07:30:25.602387
loaded input_output = 07:30:25.608898
loading test code = 07:30:25.608925
start = 07:30:25.602111
loaded input_output = 07:30:25.615950
loading test code = 07:30:25.615990
start = 07:30:25.464058
loaded input_output = 07:30:25.464374
loading test code = 07:30:25.464384
start = 07:30:25.719789
loaded input_output = 07:30:25.720373
loading test code = 07:30:25.720386
start = 07:30:25.801345
loaded input_output = 07:30:25.801623
loading test code = 07:30:25.801636
start = 07:30:25.890603
loaded input_output = 07:30:25.891014
loading test code = 07:30:25.891027
start = 07:30:25.786173
loaded input_output = 07:30:25.832169
loading test code = 07:30:25.832204
start = 07:30:25.883145
loaded input_output = 07:30:25.883445
loading test code = 07:30:25.883459
start = 07:30:26.119258
loaded input_output = 07:30:26.119565
loading test code = 07:30:26.119578
start = 07:30:26.154359
loaded input_output = 07:30:26.154859
loading test code = 07:30:26.154871
start = 07:30:26.334193
loaded input_output = 07:30:26.334716
loading test code = 07:30:26.334726
start = 07:30:26.653009
loaded input_output = 07:30:26.654354
loading test code = 07:30:26.654368
start = 07:30:26.655685
loaded input_output = 07:30:26.656124
loading test code = 07:30:26.656140
start = 07:30:26.443534
loaded input_output = 07:30:26.443877
loading test code = 07:30:26.443887
start = 07:30:20.566357
loaded input_output = 07:30:20.574645
loading test code = 07:30:20.574666
start = 07:30:23.707937
loaded input_output = 07:30:23.773690
loading test code = 07:30:23.773727
start = 07:30:26.822058
loaded input_output = 07:30:26.822757
loading test code = 07:30:26.822769
start = 07:30:27.020549
loaded input_output = 07:30:27.021785
loading test code = 07:30:27.021809
start = 07:30:27.046209
loaded input_output = 07:30:27.051083
loading test code = 07:30:27.051103
start = 07:30:26.925566
loaded input_output = 07:30:26.926081
loading test code = 07:30:26.926091
start = 07:30:26.931634
loaded input_output = 07:30:26.931981
loading test code = 07:30:26.931992
start = 07:30:27.306989
loaded input_output = 07:30:27.307436
loading test code = 07:30:27.307446
start = 07:30:27.355706
loaded input_output = 07:30:27.356931
loading test code = 07:30:27.356942
start = 07:30:27.113063
loaded input_output = 07:30:27.113363
loading test code = 07:30:27.113374
start = 07:30:27.460625
loaded input_output = 07:30:27.461011
loading test code = 07:30:27.461025
start = 07:30:26.957516
loaded input_output = 07:30:26.959808
loading test code = 07:30:26.959823
start = 07:30:27.462130
loaded input_output = 07:30:27.539736
loading test code = 07:30:27.539776
start = 07:30:27.610460
loaded input_output = 07:30:27.610850
loading test code = 07:30:27.610861
start = 07:30:27.753632
loaded input_output = 07:30:27.753945
loading test code = 07:30:27.753954
start = 07:30:27.749997
loaded input_output = 07:30:27.750687
loading test code = 07:30:27.750700
start = 07:30:27.803331
loaded input_output = 07:30:27.803617
loading test code = 07:30:27.803631
start = 07:30:24.815324
loaded input_output = 07:30:24.818072
loading test code = 07:30:24.818088
start = 07:30:27.900756
loaded input_output = 07:30:27.911439
loading test code = 07:30:27.911466
start = 07:30:27.685275
loaded input_output = 07:30:27.685578
loading test code = 07:30:27.685587
start = 07:30:28.018751
loaded input_output = 07:30:28.019330
loading test code = 07:30:28.019348
start = 07:30:28.021988
loaded input_output = 07:30:28.022445
loading test code = 07:30:28.022457
start = 07:30:28.088358
loaded input_output = 07:30:28.088667
loading test code = 07:30:28.088677
start = 07:30:28.133864
loaded input_output = 07:30:28.134165
loading test code = 07:30:28.134176
start = 07:30:28.215859
loaded input_output = 07:30:28.216219
loading test code = 07:30:28.216229
start = 07:30:28.237217
loaded input_output = 07:30:28.240210
loading test code = 07:30:28.240229
start = 07:30:28.291951
loaded input_output = 07:30:28.292421
loading test code = 07:30:28.292435
start = 07:30:28.337247
loaded input_output = 07:30:28.340486
loading test code = 07:30:28.340508
start = 07:30:28.533101
loaded input_output = 07:30:28.550058
loading test code = 07:30:28.550098
start = 07:30:28.477319
loaded input_output = 07:30:28.592573
loading test code = 07:30:28.592603
start = 07:30:28.585863
loaded input_output = 07:30:28.586669
loading test code = 07:30:28.586680
start = 07:30:28.626662
loaded input_output = 07:30:28.627058
loading test code = 07:30:28.627068
start = 07:30:28.360879
loaded input_output = 07:30:28.361232
loading test code = 07:30:28.361241
start = 07:30:28.428761
loaded input_output = 07:30:28.429153
loading test code = 07:30:28.429163
start = 07:30:28.823783
loaded input_output = 07:30:28.824090
loading test code = 07:30:28.824100
start = 07:30:22.952989
loaded input_output = 07:30:22.953725
loading test code = 07:30:22.953736
start = 07:30:28.873499
loaded input_output = 07:30:28.873776
loading test code = 07:30:28.873786
start = 07:30:28.890905
loaded input_output = 07:30:28.891719
loading test code = 07:30:28.891731
start = 07:30:28.914652
loaded input_output = 07:30:28.914958
loading test code = 07:30:28.914968
start = 07:30:28.834957
loaded input_output = 07:30:28.835244
loading test code = 07:30:28.835252
start = 07:30:28.983182
loaded input_output = 07:30:29.013529
loading test code = 07:30:29.013560
start = 07:30:29.073328
loaded input_output = 07:30:29.073607
loading test code = 07:30:29.073617
start = 07:30:29.133980
loaded input_output = 07:30:29.134281
loading test code = 07:30:29.134291
start = 07:30:29.193732
loaded input_output = 07:30:29.194967
loading test code = 07:30:29.194980
start = 07:30:29.243260
loaded input_output = 07:30:29.253987
loading test code = 07:30:29.254023
start = 07:30:29.150670
loaded input_output = 07:30:29.318262
loading test code = 07:30:29.318296
start = 07:30:29.303400
loaded input_output = 07:30:29.351823
loading test code = 07:30:29.351857
start = 07:30:29.311793
loaded input_output = 07:30:29.402289
loading test code = 07:30:29.402329
start = 07:30:29.403036
loaded input_output = 07:30:29.405020
loading test code = 07:30:29.405041
start = 07:30:29.464644
loaded input_output = 07:30:29.465375
loading test code = 07:30:29.465389
start = 07:30:29.569424
loaded input_output = 07:30:29.571570
loading test code = 07:30:29.571583
start = 07:30:29.674132
loaded input_output = 07:30:29.674450
loading test code = 07:30:29.674460
start = 07:30:29.686655
loaded input_output = 07:30:29.686989
loading test code = 07:30:29.687000
start = 07:30:29.529421
loaded input_output = 07:30:29.779250
loading test code = 07:30:29.779286
start = 07:30:29.715710
loaded input_output = 07:30:29.770723
loading test code = 07:30:29.770788
start = 07:30:29.740079
loaded input_output = 07:30:29.740391
loading test code = 07:30:29.740401
start = 07:30:29.920741
loaded input_output = 07:30:29.921270
loading test code = 07:30:29.921282
start = 07:30:29.936605
loaded input_output = 07:30:29.936878
loading test code = 07:30:29.936890
start = 07:30:30.004776
loaded input_output = 07:30:30.005597
loading test code = 07:30:30.005609
start = 07:30:30.017112
loaded input_output = 07:30:30.017406
loading test code = 07:30:30.017416
start = 07:30:30.044754
loaded input_output = 07:30:30.051570
loading test code = 07:30:30.051600
start = 07:30:30.156989
loaded input_output = 07:30:30.157291
loading test code = 07:30:30.157301
start = 07:30:30.163766
loaded input_output = 07:30:30.164076
loading test code = 07:30:30.164091
start = 07:30:30.281246
loaded input_output = 07:30:30.281633
loading test code = 07:30:30.281643
start = 07:30:30.300668
loaded input_output = 07:30:30.301017
loading test code = 07:30:30.301026
start = 07:30:30.268206
loaded input_output = 07:30:30.314599
loading test code = 07:30:30.314636
start = 07:30:24.313830
loaded input_output = 07:30:24.321923
loading test code = 07:30:24.321951
start = 07:30:30.425693
loaded input_output = 07:30:30.427680
loading test code = 07:30:30.427700
start = 07:30:30.419789
loaded input_output = 07:30:30.422719
loading test code = 07:30:30.422736
start = 07:30:30.538125
loaded input_output = 07:30:30.541942
loading test code = 07:30:30.541964
start = 07:30:30.594419
loaded input_output = 07:30:30.597069
loading test code = 07:30:30.597090
start = 07:30:30.590559
loaded input_output = 07:30:30.595707
loading test code = 07:30:30.595727
start = 07:30:30.651910
loaded input_output = 07:30:30.654003
loading test code = 07:30:30.654014
start = 07:30:30.634854
loaded input_output = 07:30:30.636149
loading test code = 07:30:30.636162
start = 07:30:30.778591
loaded input_output = 07:30:30.778981
loading test code = 07:30:30.778993
start = 07:30:30.805559
loaded input_output = 07:30:30.811917
loading test code = 07:30:30.811945
start = 07:30:24.996730
loaded input_output = 07:30:25.000039
loading test code = 07:30:25.000061
start = 07:30:20.580087
loaded input_output = 07:30:20.635067
loading test code = 07:30:20.635099
start = 07:30:25.974211
loaded input_output = 07:30:25.975014
loading test code = 07:30:25.975027
start = 07:30:22.043012
loaded input_output = 07:30:22.198969
loading test code = 07:30:22.199001
start = 07:30:26.075864
loaded input_output = 07:30:26.115671
loading test code = 07:30:26.115711
start = 07:30:25.413652
loaded input_output = 07:30:25.415715
loading test code = 07:30:25.415735
start = 07:30:27.543886
loaded input_output = 07:30:27.906408
loading test code = 07:30:27.906445
start = 07:30:29.858735
loaded input_output = 07:30:29.859180
loading test code = 07:30:29.859193
start = 07:30:29.071404
loaded input_output = 07:30:29.071977
loading test code = 07:30:29.071990
[JUDGED] L04: pass@1=17.71% empty=7 wall=306.5s
global timeout
